-- MySQL dump 10.13  Distrib 5.5.8, for Win32 (x86)
--
-- Host: localhost    Database: ideweb
-- ------------------------------------------------------
-- Server version	5.5.8

/*!40101 SET @OLD_CHARACTER_SET_CLIENT=@@CHARACTER_SET_CLIENT */;
/*!40101 SET @OLD_CHARACTER_SET_RESULTS=@@CHARACTER_SET_RESULTS */;
/*!40101 SET @OLD_COLLATION_CONNECTION=@@COLLATION_CONNECTION */;
/*!40101 SET NAMES utf8 */;
/*!40103 SET @OLD_TIME_ZONE=@@TIME_ZONE */;
/*!40103 SET TIME_ZONE='+00:00' */;
/*!40014 SET @OLD_UNIQUE_CHECKS=@@UNIQUE_CHECKS, UNIQUE_CHECKS=0 */;
/*!40014 SET @OLD_FOREIGN_KEY_CHECKS=@@FOREIGN_KEY_CHECKS, FOREIGN_KEY_CHECKS=0 */;
/*!40101 SET @OLD_SQL_MODE=@@SQL_MODE, SQL_MODE='NO_AUTO_VALUE_ON_ZERO' */;
/*!40111 SET @OLD_SQL_NOTES=@@SQL_NOTES, SQL_NOTES=0 */;

--
-- Table structure for table `banco`
--

DROP TABLE IF EXISTS `banco`;
/*!40101 SET @saved_cs_client     = @@character_set_client */;
/*!40101 SET character_set_client = utf8 */;
CREATE TABLE `banco` (
  `id_banco` int(11) NOT NULL AUTO_INCREMENT,
  `nombre` varchar(50) COLLATE utf8_spanish_ci NOT NULL,
  `borrado` int(1) NOT NULL DEFAULT '0',
  PRIMARY KEY (`id_banco`),
  UNIQUE KEY `nombre` (`nombre`)
) ENGINE=InnoDB AUTO_INCREMENT=6 DEFAULT CHARSET=utf8 COLLATE=utf8_spanish_ci;
/*!40101 SET character_set_client = @saved_cs_client */;

--
-- Dumping data for table `banco`
--

LOCK TABLES `banco` WRITE;
/*!40000 ALTER TABLE `banco` DISABLE KEYS */;
INSERT INTO `banco` VALUES (1,'BANCO DEL PACIFICO',0),(2,'BANCO DEL PICHINCHA',0),(3,'BANCO DE GUAYAQUIL',0),(4,'PROAMERICA',0),(5,'PRODUBANCO',0);
/*!40000 ALTER TABLE `banco` ENABLE KEYS */;
UNLOCK TABLES;

--
-- Table structure for table `cliente`
--

DROP TABLE IF EXISTS `cliente`;
/*!40101 SET @saved_cs_client     = @@character_set_client */;
/*!40101 SET character_set_client = utf8 */;
CREATE TABLE `cliente` (
  `id_cliente` int(11) NOT NULL AUTO_INCREMENT,
  `codigo_tipocliente` varchar(5) COLLATE utf8_spanish_ci NOT NULL,
  `nombre` varchar(70) COLLATE utf8_spanish_ci NOT NULL,
  `empresa` varchar(100) COLLATE utf8_spanish_ci NOT NULL,
  `ci_ruc` varchar(13) COLLATE utf8_spanish_ci NOT NULL,
  `email` varchar(50) COLLATE utf8_spanish_ci DEFAULT NULL,
  `direccion` varchar(100) COLLATE utf8_spanish_ci DEFAULT NULL,
  `borrado` int(1) NOT NULL DEFAULT '0',
  `lugar` varchar(50) COLLATE utf8_spanish_ci NOT NULL DEFAULT 'desconocido',
  `credito` int(1) NOT NULL,
  PRIMARY KEY (`id_cliente`),
  UNIQUE KEY `ci_ruc` (`ci_ruc`)
) ENGINE=InnoDB AUTO_INCREMENT=62 DEFAULT CHARSET=utf8 COLLATE=utf8_spanish_ci;
/*!40101 SET character_set_client = @saved_cs_client */;

--
-- Dumping data for table `cliente`
--

LOCK TABLES `cliente` WRITE;
/*!40000 ALTER TABLE `cliente` DISABLE KEYS */;
INSERT INTO `cliente` VALUES (1,'CF','CONSUMIDOR FNAL','','9999999999',NULL,NULL,0,'RIOBAMBA',0),(2,'DS','GOBIERNO AUTONOMO DESCENTRALIZADO','DE LA PROVINCIA DE CHIMBORAZO','0660000280001','','PRIMERA CONSTITUYENTE Y CARABOBO',0,'RIOBAMBA',0),(3,'CF','TIUMA GONZALO','','0602501686','','LICTO BARRIO CHIMBACALLE',0,'LICTO',0),(4,'CF','BENAVIDES CEVALLOS GERMAN GILBERTO','','0600581326001','','JUAN MONTALVO 23-53 Y VELOZ',0,'RIOBAMBA',1),(5,'CF','AUCANCELA EDUARDO ','','0602467227','','URBANIZACION JARDIN DEL VALLE',0,'RIOBAMBA',0),(6,'DS','SALTOS LEDESMA MARIA CECILIA','SUPER AGRO','0201527397001','','GARCIA MORENO Y 9 DE OCTUBRE',0,'GUARANDA',1),(7,'DS','GUZMAN Y ASOCIADOS .','','1891733956001','','AV. PASTEUR 3-20 Y GRECIA',0,'AMBATO',1),(8,'DS','TUGLEMA MIGUEL','','0200914505001','','GARCIA MORENO Y SEGUNDO FLORES',0,'SAN PABLO',1),(9,'DS','INCA HECTOR','','0602725285001','','RIOBAMBA',0,'RIOBAMBA',1),(10,'DS','LORENCES GARZON  JOSE FRANCISCO','AGROSERVICIOS LORENCES HNOS','0200283422001','','7 DE MAYO Y AZUAY ',0,'GUARANDA',1),(11,'DS','GALLEGOS  REINALDO','AGROPECUARIA EL CISNE','1103517486001','','GARCIA MORENO 220 Y OLMEDO',0,'CHILLANES',1),(12,'DS','PRADO GARCIA  MANUEL DE JESUS','COMERCIAL PRADO','0200265940001','','LA MERCED 3 DE MARZO Y OLMEDO',0,'CHIMBO',1),(13,'DS','DIRECCION PROVINCIAL  AGROPECUARIA','DE CHIMBORAZO','0660819660001','','AV. 9 DE OCTUBRE Y MACAJI',0,'RIOBAMBA',1),(15,'DS','CUSME MACIAS CLETO WALTER','AGRODEL','1702811173001','','LA DOLOROSA CALLE GARCIA MORENO S/N Y 24 ',0,'QUITO',1),(16,'DS','CONSORCIO MCCH-CESA .','','1792237475001','','AV. ATAHUALPA 30-16 ',0,'RIOBAMBA',1),(17,'DS','TAMAYO LLUGLLA ZOILA AMERICA','','1802169381001','','22 DE JULIO S/N Y ANTONIO CLAVIJO',0,'PELILEO',1),(18,'DS','BONILLA SEGUNDO','ALMACEN LA PRODUCCION','1800983643001','','AMBATO 9-22 Y OSCAR EFREN REYES',0,'BAÑOS',1),(19,'DS','DIAZ ALVAREZ JORGE','','0600939839001','','ALAUSI',0,'ALAUSI',1),(20,'DS','GAD DEL CANTON RIOBAMBA','','0660000360001','','5 DE JUNIO Y VELOZ',0,'RIOBAMBA',1),(21,'DS',' GUEVARA PAREDES DEYSI LUCIA','EL AGRO','1803007622001','','EL OBRAJE PRINCIPAL S/N',0,'PELILEO',1),(22,'DS','SORIA VASCO MODESTO ENRIQUE','','1800278515001','','GARCIA MORENO Y GONZALES SUAREZ',0,'PATATE',1),(23,'DS','MORA ARBOLEDA VERONICA DE LOURDES','CENTRO DEL AGRICULTOR','0201214202','','AV. CANDIDO RADA 211 Y SALINAS ',0,'GUARANDA',1),(24,'CF','PILATUÑA CAYANCELA MARIA MERCEDES','','0601158942','','CHAMBO - ',0,'RIOBAMBA',1),(25,'CF','PAREDES GUSTAVO','','0602178857','','LICAN',0,'',1),(26,'DS','MEJIA VICTOR','EL PRODUCTOR','0201914066001','','GUAYAS Y GONZALEZ SUARES',0,'SAN MIGUEL',1),(27,'DS','AILLON MESIAS JOSE HOMERO','REPRESENTACIONES AGRICOLAS','1802790103001','','THOMAS HALFLANTS S/N Y ORIENTE',0,'BAÑOS',1),(28,'DS','PADILLA SANCHEZ ELSA MARGOTH','AGROPECUARIA BAÑOS','1802291466001','','AMBATO S/N Y OSCAR EFREN REYES',0,'BAÑOS',1),(29,'DS','RODRIGUEZ ALBERTO REMIGIO','AGROSERVICIO RODRIGUEZ','0200470847001','','JUAN PIO DE MORA 11-46',0,'SAN MIGUEL',1),(30,'DS','CHAVEZ GAIBOR GLADIS ANGELITA','LA CASA DEL AGRICULTOR','0201468972001','','GUAYAS S/N Y EZEQUIEL GUERRERO',0,'CHILLANES',1),(31,'DS','ARGUELLO PAREDES MARIA DE LOURDES','ECO-AGRO','0201319902001','','SOLANDA S/N Y 7 DE MAYO',0,'GUARANDA',1),(32,'DS','PEÑAFIEL YANEZ ROSA','INSUAGRO','0602039984001','','PEDRO DE LOJA Y VILLALBA',0,'ALAUSI',1),(33,'CF','AMAGUAY MAYGUANGA DIEGO HERNAN','','0603802653','','SAN JOSE DE CHAZO',0,'GUANO',1),(34,'CF','MAJIN ZULA MANUEL','','0600800783','','CALPI',0,'RIOBAMBA',1),(35,'CF','CAYAMBE WALTER','','0604219097','','RIOBAMBA',0,'RIOBAMBA',1),(36,'CF',' F A O','','1792132940001','','AMAZONAS Y ELOY ALFARO',0,'QUITO',1),(37,'CF','CASTILLO VINUEZA ANGEL FLORESMILO','PRODUOR','1704899135001','','JACINTO GONZALES 43-45 Y PRINCESA TOA',0,'RIOBAMBA',1),(38,'CF','SANDOVAL  PADILLA GONZALO','','0601481922','','',0,'',1),(39,'DS','TACURI GUZMAN JUAN MANUEL','','0604313155','ztacuri@yahoo.es','COMUNIDAD PULINGUI',0,'SAN ANDRES',1),(40,'CF','LLUMISACA LUIS','','0603537127','','GUASLAN GRANDE',0,'RIOBAMBA',1),(41,'CF','USCA JATZATZA  ALEJANDRO','','0603773912','','SAN LUIS',0,'RIOBAMBA',1),(42,'CF','RODRIGUEZ CHAVEZ SADIA RUBANA','','0601778301','','BARRIO EL ROSAL MZ A CASA 6',0,'RIOBAMBA',1),(43,'CF','ROMERO JOSE','','0601891286','','RIOBAMBA',0,'RIOBAMBA',1),(44,'CF','TIUPUL MULLO MARIA MANUELA','','0602430639','','YARUQUIES',0,'RIOBAMBA',1),(45,'CF','AISALLA CACHIPUD  JOSE MANUEL','','0602852220','','SAN ANTONIO DE CEBADAS',0,'GUAMOTE',1),(46,'CF','LOPEZ LEMA GUIDO CORNELIO','','0601345416','','SANTA CRUZ',0,'YARUQUIES',0),(47,'CF','CAMACHO PEÑA SEGUNDO VIRGILIO','','0602221236','','',0,'RIOBAMBA',1),(48,'CF','CORONEL  TAPIA LAURA','','0602109027','','LA LIBERTAD',0,'RIOBAMBA',1),(49,'CF','JUNTA PARROQUIAL PUELA','','0660823260001','','CALLE PRICIPAL PUELA',0,'PUELA',1),(50,'CF','USHUCAD LLANGARI PATRICIO','','0601050644','','CALPI - GAUSHI',0,'RIOBAMBA',1),(51,'CF','ALLAICA GUAMBO JOSE LUIS','','0919500090','','SANTA BARBARA',0,'PUNIN',1),(52,'CF','BORJA BONILLA DARIO ','','1801428374001','','12 DE OCTUBRE Y LARREA',0,'RIOBAMBA',0),(53,'DS','VELASCO BENAVIDES  RAFAEL LEONARDO','EXPEAGRO','0201657251001','','AV. CIRCUNVALACION JUNTO A LA PARD/BABAH ',0,'SAN MIGUEL',1),(54,'DS','TUGLEMA ROMERO ALEXANDER MIGUEL','','0202290219','','SAN PABLO',0,'SAN PABLO',1),(55,'CF','DIRECCION PROVINCIAL AGROPECUARIA','DE TUNGURAHUA','1865012760001','','AV. 12 DE NOVIEMBRE CC AMBATO',0,'AMBATO',1),(56,'DS','CENTRO DE DESARROLLO DIFUSION E','INVESTIGACION SOCIAL','0691705412001','','JOSE DE LA CUADRA Y VICTOR EMILIO ESTRADA',0,'RIOBAMBA',1),(57,'DS','DIRECCION PROVINCIAL AGROPECUARIA DE ','COTOPAXI','0560022430001','','AV. ATAHUALPA S/N Y ZAMORA',0,'LATACUNGA',1),(58,'CF','AGUALONGO QUINQUITUÑA JOSE SEGUNDO','','1802626828001','','PALLALOMA Y LULANLEO',0,'PILAHUIN',1),(59,'CF','GUAMAN JOSE MANUEL','','0600992515001','','BARRIO LA TARAZANA',0,'RIOBAMBA',1),(60,'CF','CERDA MARIO','','0600079701','','9 DE OCTUBRE Y TARQUI',0,'RIOBAMBA',1),(61,'DS','ANGULO VERDEZOTO WILIAN','COMERCIAL EL AGRO','0200771301001','','GUAYAS 519 Y ESEQUIEL GUERRERO',0,'CHILLANES',1);
/*!40000 ALTER TABLE `cliente` ENABLE KEYS */;
UNLOCK TABLES;

--
-- Table structure for table `clientefono`
--

DROP TABLE IF EXISTS `clientefono`;
/*!40101 SET @saved_cs_client     = @@character_set_client */;
/*!40101 SET character_set_client = utf8 */;
CREATE TABLE `clientefono` (
  `id_telefono` int(11) NOT NULL AUTO_INCREMENT,
  `id_cliente` int(11) NOT NULL,
  `numero` varchar(13) COLLATE utf8_spanish_ci NOT NULL,
  `descripcion` varchar(50) COLLATE utf8_spanish_ci NOT NULL,
  `operadora` int(11) NOT NULL,
  PRIMARY KEY (`id_telefono`)
) ENGINE=InnoDB AUTO_INCREMENT=28 DEFAULT CHARSET=utf8 COLLATE=utf8_spanish_ci;
/*!40101 SET character_set_client = @saved_cs_client */;

--
-- Dumping data for table `clientefono`
--

LOCK TABLES `clientefono` WRITE;
/*!40000 ALTER TABLE `clientefono` DISABLE KEYS */;
INSERT INTO `clientefono` VALUES (1,2,'032960209','conmutador',4),(2,4,'032965437','TELF. ALMACEN',4),(3,8,'094434287','',2),(4,12,'032988298','CHIMBO ALMACEN',4),(5,12,'094297376','CELULAR',2),(6,12,'099336587','CELULAR LUIS PRADO',2),(7,11,'032978328','TELF. ALMACEN',4),(8,11,'089661592','CELULAR DR. GALLEGOS',2),(9,13,'032610043','OFICINA ',4),(10,16,'032612228','SILVIA PEÑAFIEL - CONTADORA',4),(11,21,'089813878','NUMERO CELULAR',2),(12,22,'032870124','',4),(13,22,'086144352','CELULAR SR SORIA',2),(14,23,'032984925','MONICA GAVILANEZ',4),(15,26,'032650983','ALMACEN EN SAN MIGUEL DE ALAUSI',4),(16,27,'032741019','ALMACEN',4),(17,28,'032742964','ALMACEN BAÑOS',4),(18,29,'032989124','ALMACEN',4),(19,30,'092373713','CELULAR GLADYS CHAVEZ',2),(20,31,'032985319','ALMACEN ING MARIA ARGUELLO',4),(21,32,'090315902','SR BOADA',2),(22,39,'2949348','domicilio',4),(23,39,'088336523','CELULAR',2),(24,46,'088737379','SEÑORA',2),(25,53,'032650961','ALMACEN',4),(26,53,'082681966','RAFAEL VELASCO',2),(27,58,'091400270','JOSE AGUALONGO PLANTAS NATIVAS',2);
/*!40000 ALTER TABLE `clientefono` ENABLE KEYS */;
UNLOCK TABLES;

--
-- Table structure for table `clientefonotmp`
--

DROP TABLE IF EXISTS `clientefonotmp`;
/*!40101 SET @saved_cs_client     = @@character_set_client */;
/*!40101 SET character_set_client = utf8 */;
CREATE TABLE `clientefonotmp` (
  `idcliente` int(11) NOT NULL,
  `numfono` int(11) NOT NULL AUTO_INCREMENT,
  `numero` varchar(13) COLLATE utf8_spanish_ci NOT NULL,
  `descripcion` varchar(50) COLLATE utf8_spanish_ci NOT NULL,
  `operadora` int(11) NOT NULL,
  PRIMARY KEY (`numfono`,`idcliente`)
) ENGINE=InnoDB DEFAULT CHARSET=utf8 COLLATE=utf8_spanish_ci;
/*!40101 SET character_set_client = @saved_cs_client */;

--
-- Dumping data for table `clientefonotmp`
--

LOCK TABLES `clientefonotmp` WRITE;
/*!40000 ALTER TABLE `clientefonotmp` DISABLE KEYS */;
/*!40000 ALTER TABLE `clientefonotmp` ENABLE KEYS */;
UNLOCK TABLES;

--
-- Table structure for table `clientetmp`
--

DROP TABLE IF EXISTS `clientetmp`;
/*!40101 SET @saved_cs_client     = @@character_set_client */;
/*!40101 SET character_set_client = utf8 */;
CREATE TABLE `clientetmp` (
  `idcliente` int(11) NOT NULL AUTO_INCREMENT,
  `fecha` date NOT NULL,
  PRIMARY KEY (`idcliente`)
) ENGINE=InnoDB AUTO_INCREMENT=38 DEFAULT CHARSET=utf8 COLLATE=utf8_spanish_ci;
/*!40101 SET character_set_client = @saved_cs_client */;

--
-- Dumping data for table `clientetmp`
--

LOCK TABLES `clientetmp` WRITE;
/*!40000 ALTER TABLE `clientetmp` DISABLE KEYS */;
INSERT INTO `clientetmp` VALUES (1,'2011-10-01'),(2,'2011-10-01'),(3,'2011-10-01'),(4,'2011-10-01'),(5,'2011-10-01'),(6,'2011-10-01'),(7,'2011-10-01'),(8,'2011-10-01'),(9,'2011-10-01'),(10,'2011-10-01'),(11,'2011-10-02'),(12,'2011-10-09'),(14,'2011-10-24'),(15,'2011-10-24'),(17,'2011-10-24'),(18,'2011-10-27'),(20,'2011-10-27'),(21,'2011-11-15'),(22,'2011-11-16'),(23,'2011-11-18'),(25,'2011-11-18'),(26,'2012-01-05'),(27,'2012-02-22'),(30,'2012-02-27'),(31,'2012-02-27'),(32,'2012-03-13'),(33,'2012-03-19'),(34,'2012-03-30'),(35,'2012-04-17'),(36,'2012-04-18'),(37,'2012-04-19');
/*!40000 ALTER TABLE `clientetmp` ENABLE KEYS */;
UNLOCK TABLES;

--
-- Table structure for table `cobros`
--

DROP TABLE IF EXISTS `cobros`;
/*!40101 SET @saved_cs_client     = @@character_set_client */;
/*!40101 SET character_set_client = utf8 */;
CREATE TABLE `cobros` (
  `id_cobro` int(11) NOT NULL AUTO_INCREMENT,
  `id_factura` int(11) NOT NULL,
  `id_cliente` int(5) NOT NULL,
  `importe` float(16,2) NOT NULL,
  `id_formapago` int(2) NOT NULL,
  `id_banco` int(11) NOT NULL DEFAULT '0',
  `fechacobro` date NOT NULL DEFAULT '0000-00-00',
  `observaciones` text NOT NULL,
  PRIMARY KEY (`id_cobro`)
) ENGINE=MyISAM AUTO_INCREMENT=14 DEFAULT CHARSET=utf8 COMMENT='Cobros de facturas a clientes';
/*!40101 SET character_set_client = @saved_cs_client */;

--
-- Dumping data for table `cobros`
--

LOCK TABLES `cobros` WRITE;
/*!40000 ALTER TABLE `cobros` DISABLE KEYS */;
INSERT INTO `cobros` VALUES (3,1,3,9.85,1,0,'2011-10-24',''),(4,2,5,3.00,1,0,'2011-10-27',''),(5,73,1,6.00,1,0,'2012-02-08',''),(9,119,37,99.42,2,3,'2012-03-07',''),(8,96,1,10.03,1,0,'2012-02-27',''),(10,97,37,140.77,2,3,'2012-03-07',''),(11,87,37,41.27,2,3,'2012-03-07',''),(12,164,37,49.92,2,3,'2012-03-29',''),(13,167,52,15.03,1,0,'2012-03-29','');
/*!40000 ALTER TABLE `cobros` ENABLE KEYS */;
UNLOCK TABLES;

--
-- Table structure for table `factulinea`
--

DROP TABLE IF EXISTS `factulinea`;
/*!40101 SET @saved_cs_client     = @@character_set_client */;
/*!40101 SET character_set_client = utf8 */;
CREATE TABLE `factulinea` (
  `id_factulinea` int(11) NOT NULL AUTO_INCREMENT,
  `id_factura` int(11) NOT NULL,
  `id_producto` int(11) NOT NULL,
  `cantidad` float(16,2) NOT NULL,
  `costo` float(16,2) NOT NULL,
  `precio` float(16,2) NOT NULL,
  `dcto` float(16,2) NOT NULL,
  `subtotal` float(16,2) NOT NULL,
  `iva` float(16,2) NOT NULL,
  PRIMARY KEY (`id_factulinea`)
) ENGINE=InnoDB AUTO_INCREMENT=1182 DEFAULT CHARSET=utf8 COLLATE=utf8_spanish_ci;
/*!40101 SET character_set_client = @saved_cs_client */;

--
-- Dumping data for table `factulinea`
--

LOCK TABLES `factulinea` WRITE;
/*!40000 ALTER TABLE `factulinea` DISABLE KEYS */;
INSERT INTO `factulinea` VALUES (1,1,909,1.00,1.40,1.80,0.00,1.80,0.00),(2,1,502,1.00,0.68,0.85,0.00,0.85,0.00),(3,1,1132,1.00,1.00,1.60,0.00,1.60,0.00),(4,1,1133,1.00,0.75,1.20,0.00,1.20,0.00),(5,1,572,10.00,0.35,0.44,0.00,4.40,0.00),(6,2,389,1.00,0.00,6.00,0.00,3.00,0.00),(7,3,114,5.00,2.63,4.20,0.00,21.00,0.00),(8,3,58,3.00,4.94,7.90,0.00,23.70,0.00),(9,3,53,2.00,3.81,6.10,0.00,12.20,0.00),(10,3,1008,5.00,0.69,1.10,0.00,5.50,0.00),(11,3,1108,10.00,1.71,1.95,0.00,19.50,0.00),(12,3,816,2.00,3.35,4.19,0.00,8.38,0.00),(13,3,951,6.00,2.05,2.90,0.00,17.40,0.00),(14,3,579,10.00,1.00,1.60,0.00,16.00,0.00),(15,3,502,6.00,0.68,0.85,0.00,5.10,0.00),(16,3,898,4.00,2.05,2.90,0.00,11.60,0.00),(17,3,900,6.00,1.12,1.70,0.00,10.20,0.00),(18,4,347,1.00,0.82,1.03,0.00,1.03,0.00),(19,4,1139,6.00,0.95,2.15,0.00,12.90,0.00),(20,4,1140,2.00,3.40,7.25,0.00,14.50,0.00),(21,4,1141,2.00,5.70,10.25,0.00,20.50,0.00),(22,5,53,25.00,3.81,6.10,30.50,152.50,0.00),(23,5,56,25.00,2.00,3.20,16.00,80.00,0.00),(24,5,1017,6.00,4.31,6.90,8.28,41.40,0.00),(25,5,1020,6.00,2.63,4.20,5.04,25.20,0.00),(26,5,1019,12.00,1.47,2.35,5.64,28.20,0.00),(27,5,1018,25.00,0.78,1.23,6.15,30.75,0.00),(28,5,43,25.00,2.88,4.60,23.00,115.00,0.00),(29,5,46,25.00,1.44,2.30,11.50,57.50,0.00),(30,6,414,6.00,3.60,5.50,6.60,33.00,0.00),(31,7,414,6.00,3.60,5.50,6.60,33.00,0.00),(32,8,124,48.00,2.44,3.90,37.44,187.20,0.00),(33,9,1152,1.00,8.04,12.20,0.00,12.20,1.46),(34,9,1151,1.00,40.18,44.20,0.00,44.20,5.30),(35,9,1150,1.00,16.07,17.67,0.00,17.67,2.12),(36,10,486,42.00,3.94,6.30,52.92,264.60,0.00),(37,10,299,36.00,1.88,3.00,21.60,108.00,0.00),(38,10,151,24.00,2.75,4.40,21.12,105.60,0.00),(39,10,53,40.00,3.81,6.10,48.80,244.00,0.00),(40,10,38,24.00,2.88,4.60,22.08,110.40,0.00),(41,10,832,24.00,11.25,14.80,17.76,355.20,0.00),(42,11,46,20.00,1.44,2.30,9.20,46.00,0.00),(43,11,44,20.00,0.75,1.20,4.80,24.00,0.00),(44,11,43,12.00,2.88,4.60,11.04,55.20,0.00),(45,11,51,20.00,1.44,2.30,9.20,46.00,0.00),(46,11,48,12.00,2.88,4.60,11.04,55.20,0.00),(47,11,38,12.00,2.88,4.60,11.04,55.20,0.00),(48,11,39,20.00,0.75,1.20,4.80,24.00,0.00),(49,11,34,20.00,0.75,1.20,4.80,24.00,0.00),(50,11,28,10.00,2.63,4.20,8.40,42.00,0.00),(51,11,637,12.00,2.19,3.50,8.40,42.00,0.00),(52,11,1023,30.00,0.77,1.23,7.38,36.90,0.00),(53,12,1024,6.00,1.44,2.30,2.76,13.80,0.00),(54,13,1139,10.00,0.95,2.15,4.30,21.50,0.00),(55,13,1153,3.00,1.30,1.85,1.11,5.55,0.00),(56,13,1154,3.00,1.30,1.95,1.17,5.85,0.00),(57,13,1155,6.00,7.00,9.25,11.10,55.50,0.00),(58,13,1156,1.00,11.43,19.69,3.94,19.69,1.89),(59,13,1023,70.00,0.77,1.23,17.22,86.10,0.00),(60,14,1139,10.00,0.95,2.15,4.30,21.50,0.00),(61,14,1153,3.00,1.30,1.85,1.11,5.55,0.00),(62,14,1154,3.00,1.30,1.95,1.17,5.85,0.00),(63,14,1155,6.00,7.00,9.25,11.10,55.50,0.00),(64,14,1156,1.00,11.43,19.69,3.94,19.69,1.89),(65,14,1023,70.00,0.77,1.23,17.22,86.10,0.00),(66,15,43,20.00,2.88,4.60,18.40,92.00,0.00),(67,15,48,20.00,2.88,4.60,18.40,92.00,0.00),(68,16,1091,14.00,32.00,35.00,0.00,472.50,0.00),(69,16,253,15.00,25.00,32.00,0.00,480.00,0.00),(70,17,87,6.00,2.19,3.50,4.20,21.00,0.00),(71,17,43,12.00,2.88,4.60,11.04,55.20,0.00),(72,17,46,20.00,1.44,2.30,9.20,46.00,0.00),(73,17,44,20.00,0.75,1.20,4.80,24.00,0.00),(74,17,49,20.00,0.75,1.20,4.80,24.00,0.00),(75,17,123,12.00,1.56,2.50,6.00,30.00,0.00),(76,17,124,6.00,2.44,3.90,4.68,23.40,0.00),(77,18,839,20.00,1.70,3.25,0.00,65.00,7.80),(78,19,790,20.00,0.54,0.80,1.00,16.00,0.00),(79,19,1173,10.00,1.04,1.79,0.90,17.90,2.04),(80,19,788,3.00,5.38,9.50,1.43,28.50,0.00),(81,19,708,10.00,0.00,0.25,0.13,2.50,0.00),(82,19,655,3.00,0.00,2.25,0.34,6.75,0.00),(83,19,653,1.00,11.76,13.50,0.68,13.50,0.00),(84,19,349,1.00,46.43,58.04,2.90,58.04,6.62),(85,19,1174,1.00,4.00,5.00,0.25,5.00,0.57),(86,20,1188,27.00,5.00,5.89,0.00,159.03,0.00),(87,20,1189,9.00,15.00,15.38,0.00,138.47,0.00),(88,20,1177,54.00,0.52,0.62,0.00,33.46,0.00),(89,20,1190,5.00,35.00,35.05,0.00,175.28,0.00),(90,20,897,54.00,0.00,0.35,0.00,18.90,0.00),(91,20,1187,4.00,22.13,19.29,0.00,77.14,0.00),(92,21,1192,1.00,14.00,14.75,0.00,14.75,0.00),(93,21,1193,2.00,12.00,12.37,0.00,24.74,0.00),(94,21,71,1.00,7.25,10.19,0.00,10.19,0.00),(95,21,962,1.00,8.36,9.63,0.00,9.63,0.00),(96,21,1117,2.00,13.00,18.63,0.00,37.26,0.00),(97,21,925,13.00,7.20,9.00,0.00,117.00,0.00),(98,21,373,2.00,17.65,32.50,0.00,65.00,0.00),(99,21,368,1.00,22.50,28.13,0.00,28.13,0.00),(100,21,415,1.00,10.78,15.50,0.00,15.50,0.00),(101,21,825,1.00,8.25,10.31,0.00,10.31,0.00),(102,21,982,5.00,0.00,1.50,0.00,7.50,0.00),(103,22,246,12.00,52.70,68.00,0.00,816.00,0.00),(104,22,1194,9.00,18.00,20.00,0.00,180.00,0.00),(105,22,1195,9.00,18.00,20.00,0.00,180.00,0.00),(106,22,1196,9.00,2.60,2.60,0.00,23.40,0.00),(107,22,114,9.00,2.63,4.20,0.00,37.80,0.00),(108,22,1013,9.00,0.61,0.98,0.00,8.82,0.00),(109,22,688,45.00,3.50,4.00,0.00,180.00,0.00),(110,23,1192,1.00,14.00,14.75,0.00,14.75,0.00),(111,23,1193,2.00,12.00,12.37,0.00,24.74,0.00),(112,23,71,1.00,7.25,10.19,0.00,10.19,0.00),(113,23,962,1.00,8.36,9.63,0.00,9.63,0.00),(114,23,1117,2.00,13.00,18.63,0.00,37.26,0.00),(115,23,925,3.00,7.20,9.00,0.00,27.00,0.00),(116,23,373,2.00,17.65,32.50,0.00,65.00,0.00),(117,23,368,1.00,22.50,28.13,0.00,28.13,0.00),(118,23,415,1.00,10.78,15.50,0.00,15.50,0.00),(119,23,825,1.00,8.25,10.31,0.00,10.31,0.00),(120,23,982,5.00,0.00,1.50,0.00,7.50,0.00),(121,24,1188,27.00,5.00,5.89,0.00,159.03,0.00),(122,24,1189,9.00,15.00,15.39,0.00,138.51,0.00),(123,24,1177,54.00,0.52,0.62,0.00,33.48,0.00),(124,24,1190,5.00,35.00,35.06,0.00,175.30,0.00),(125,24,897,54.00,0.00,0.35,0.00,18.90,0.00),(126,24,1187,4.00,22.13,19.29,0.00,77.16,0.00),(127,25,688,45.00,3.50,4.00,0.00,180.00,0.00),(128,26,625,30.00,0.50,0.60,0.00,18.00,2.16),(129,26,1197,2.00,26.62,33.27,0.00,66.54,0.00),(130,26,1198,1.00,16.00,18.00,0.00,18.00,0.00),(131,26,521,1.00,4.19,6.70,0.00,6.70,0.00),(132,27,1091,41.00,32.00,35.00,0.00,1435.00,0.00),(133,27,253,50.00,25.00,32.00,0.00,1600.00,0.00),(134,28,56,100.00,2.00,3.20,64.00,320.00,0.00),(135,28,56,3.00,2.00,0.00,0.00,0.00,0.00),(136,28,41,70.00,1.44,2.30,32.20,161.00,0.00),(137,28,41,2.00,1.44,0.00,0.00,0.00,0.00),(138,28,39,100.00,0.75,1.20,24.00,120.00,0.00),(139,28,39,3.00,0.75,0.00,0.00,0.00,0.00),(140,28,54,100.00,1.09,1.75,35.00,175.00,0.00),(141,28,54,3.00,1.09,0.00,0.00,0.00,0.00),(142,28,123,50.00,1.56,2.50,25.00,125.00,0.00),(143,28,123,1.00,1.56,0.00,0.00,0.00,0.00),(144,29,95,100.00,1.88,3.00,0.00,300.00,0.00),(145,29,95,3.00,1.88,0.00,0.00,0.00,0.00),(146,30,95,100.00,1.88,3.00,60.00,300.00,0.00),(147,30,95,3.00,1.88,0.00,0.00,0.00,0.00),(148,31,41,25.00,1.44,2.30,11.50,57.50,0.00),(149,31,39,30.00,0.75,1.20,7.20,36.00,0.00),(150,31,34,20.00,0.75,1.20,4.80,24.00,0.00),(151,31,44,20.00,0.75,1.20,4.80,24.00,0.00),(152,31,637,12.00,2.19,3.50,8.40,42.00,0.00),(153,31,123,12.00,1.56,2.50,6.00,30.00,0.00),(154,31,87,10.00,2.19,3.50,7.00,35.00,0.00),(155,31,32,6.00,4.25,6.80,8.16,40.80,0.00),(156,32,41,25.00,1.44,2.30,11.50,57.50,0.00),(157,32,39,30.00,0.75,1.20,7.20,36.00,0.00),(158,32,34,20.00,0.75,1.20,4.80,24.00,0.00),(159,32,44,20.00,0.75,1.20,4.80,24.00,0.00),(160,32,637,12.00,2.19,3.50,8.40,42.00,0.00),(161,32,123,12.00,1.56,2.50,6.00,30.00,0.00),(162,32,87,10.00,2.19,3.50,7.00,35.00,0.00),(163,32,28,6.00,2.62,4.20,5.04,25.20,0.00),(164,33,41,60.00,1.44,2.30,27.60,138.00,0.00),(165,33,46,60.00,1.44,2.30,27.60,138.00,0.00),(166,33,143,50.00,2.75,4.40,44.00,220.00,0.00),(167,35,38,50.00,2.88,4.60,46.00,230.00,0.00),(168,35,38,5.00,2.88,4.60,23.00,23.00,0.00),(169,35,43,20.00,2.88,4.60,18.40,92.00,0.00),(170,35,43,2.00,2.88,4.60,9.20,9.20,0.00),(171,35,33,30.00,2.88,4.60,27.60,138.00,0.00),(172,35,33,3.00,2.88,4.60,13.80,13.80,0.00),(173,35,58,30.00,4.94,7.90,47.40,237.00,0.00),(174,35,58,3.00,4.94,7.90,23.70,23.70,0.00),(175,36,28,6.00,2.62,1.50,0.17,8.25,0.00),(176,37,28,5.50,2.62,1.50,0.00,8.25,0.00),(177,38,39,30.00,0.75,1.20,7.20,36.00,0.00),(178,38,637,12.00,2.19,3.50,8.40,42.00,0.00),(179,38,1025,6.00,2.50,4.00,4.80,24.00,0.00),(180,38,1023,50.00,0.77,1.23,12.30,61.50,0.00),(181,38,1024,6.00,1.44,2.30,2.76,13.80,0.00),(182,38,49,20.00,0.75,1.20,4.80,24.00,0.00),(183,38,48,12.00,2.88,4.60,11.04,55.20,0.00),(184,39,1023,200.00,0.77,1.23,0.00,246.00,0.00),(185,39,1023,40.00,0.77,1.23,49.20,49.20,0.00),(186,39,1099,100.00,2.19,3.50,0.00,350.00,0.00),(187,39,1099,25.00,2.19,3.50,87.50,87.50,0.00),(188,39,1022,20.00,4.19,6.70,0.00,134.00,0.00),(189,39,1022,4.00,4.19,6.70,26.80,26.80,0.00),(190,40,53,17.00,3.81,6.10,20.74,103.70,0.00),(191,40,26,12.00,5.00,8.00,19.20,96.00,0.00),(192,41,28,100.00,2.62,4.20,84.00,420.00,0.00),(193,41,87,11.00,2.19,3.50,7.70,38.50,0.00),(194,42,114,6.00,2.63,4.20,5.04,25.20,0.00),(195,42,637,12.00,2.19,3.50,8.40,42.00,0.00),(196,42,34,30.00,0.75,1.20,7.20,36.00,0.00),(197,42,39,30.00,0.75,1.20,7.20,36.00,0.00),(198,42,41,20.00,1.44,2.30,9.20,46.00,0.00),(199,42,44,20.00,0.75,1.20,4.80,24.00,0.00),(200,42,46,20.00,1.44,2.30,9.20,46.00,0.00),(201,42,51,20.00,1.44,2.30,9.20,46.00,0.00),(202,42,1023,50.00,0.77,1.23,12.30,61.50,0.00),(203,43,520,12.00,2.19,3.50,8.40,42.00,0.00),(204,43,521,12.00,4.19,6.70,16.08,80.40,0.00),(205,43,1022,10.00,4.19,6.70,13.40,67.00,0.00),(206,43,1024,10.00,1.44,2.30,4.60,23.00,0.00),(207,43,1023,50.00,0.77,1.23,12.30,61.50,0.00),(208,43,43,25.00,2.88,4.60,23.00,115.00,0.00),(209,43,46,25.00,1.44,2.30,11.50,57.50,0.00),(210,43,1098,6.00,3.38,5.40,6.48,32.40,0.00),(211,43,1103,6.00,2.19,3.50,4.20,21.00,0.00),(212,43,39,25.00,0.75,1.20,6.00,30.00,0.00),(213,43,1209,6.00,6.00,8.99,10.79,53.94,0.00),(214,44,1023,200.00,0.77,1.23,49.20,246.00,0.00),(215,44,1023,20.00,0.77,1.23,24.60,24.60,0.00),(216,44,1024,100.00,1.44,2.30,46.00,230.00,0.00),(217,44,1024,10.00,1.44,2.30,23.00,23.00,0.00),(218,44,1025,50.00,2.50,4.00,40.00,200.00,0.00),(219,44,1025,3.00,2.50,4.00,12.00,12.00,0.00),(220,44,33,50.00,2.88,4.60,46.00,230.00,0.00),(221,44,33,5.00,2.88,4.60,23.00,23.00,0.00),(222,44,53,50.00,3.81,6.10,61.00,305.00,0.00),(223,44,53,5.00,3.81,6.10,30.50,30.50,0.00),(224,44,124,10.00,2.44,3.90,7.80,39.00,0.00),(225,45,58,20.00,4.94,7.90,31.60,158.00,0.00),(226,45,58,2.00,4.94,7.90,15.80,15.80,0.00),(227,45,43,50.00,2.88,4.60,46.00,230.00,0.00),(228,45,43,5.00,2.88,4.60,23.00,23.00,0.00),(229,46,1023,50.00,0.77,1.23,12.30,61.50,0.00),(230,46,1023,3.00,0.77,1.23,3.69,3.69,0.00),(231,46,1025,12.00,2.50,4.00,9.60,48.00,0.00),(232,46,1022,12.00,4.19,6.70,16.08,80.40,0.00),(233,46,1024,25.00,1.44,2.30,11.50,57.50,0.00),(234,46,123,25.00,1.56,2.50,12.50,62.50,0.00),(235,46,125,50.00,3.94,6.30,63.00,315.00,0.00),(236,46,125,3.00,3.94,6.30,18.90,18.90,0.00),(237,46,124,50.00,2.44,3.90,39.00,195.00,0.00),(238,46,124,3.00,2.44,3.90,11.70,11.70,0.00),(239,46,914,25.00,1.75,2.80,14.00,70.00,0.00),(240,47,58,25.00,4.94,7.90,39.50,197.50,0.00),(241,47,114,25.00,2.63,4.20,21.00,105.00,0.00),(242,47,51,25.00,1.44,2.30,11.50,57.50,0.00),(243,47,554,4.00,0.00,63.00,0.00,252.00,0.00),(244,47,559,2.00,0.00,63.00,0.00,126.00,0.00),(245,48,1099,100.00,2.19,3.50,0.00,350.00,0.00),(246,48,1099,25.00,2.19,3.50,87.50,87.50,0.00),(247,48,1023,200.00,0.77,1.23,0.00,246.00,0.00),(248,48,1023,40.00,0.77,1.23,49.20,49.20,0.00),(249,49,870,8.00,2.00,2.60,0.00,20.80,0.00),(250,49,1070,1.00,4.00,4.10,0.00,4.10,0.00),(251,49,945,5.00,0.84,1.25,0.00,6.25,0.00),(252,49,947,10.00,1.42,1.88,0.00,18.85,0.00),(253,50,1137,1.00,4.32,5.94,0.74,5.94,0.00),(254,51,490,1.00,2.87,2.88,0.00,2.88,0.00),(255,51,295,1.00,4.38,7.00,0.00,7.00,0.00),(256,51,53,1.00,3.81,6.10,0.00,6.10,0.00),(257,51,314,1.00,7.40,14.50,0.00,14.50,0.00),(258,52,1225,33.00,0.85,1.52,0.00,50.16,0.00),(259,53,1023,50.00,0.77,1.23,12.30,61.50,0.00),(260,53,1024,6.00,1.44,2.30,2.76,13.80,0.00),(261,53,38,12.00,2.88,4.60,11.04,55.20,0.00),(262,53,637,12.00,2.19,3.50,8.40,42.00,0.00),(263,53,123,12.00,1.56,2.50,6.00,30.00,0.00),(264,53,39,20.00,0.75,1.20,4.80,24.00,0.00),(265,54,151,6.00,2.75,4.40,5.28,26.40,0.00),(266,54,1023,6.00,0.77,1.23,1.48,7.38,0.00),(267,54,1209,12.00,6.20,8.99,21.58,107.88,0.00),(268,54,53,6.00,3.81,6.10,7.32,36.60,0.00),(269,54,601,24.00,0.00,1.63,7.82,39.12,0.00),(270,54,601,4.00,0.00,1.63,6.52,6.52,0.00),(271,55,1023,102.00,0.77,1.23,25.09,125.46,0.00),(272,55,579,24.00,1.00,1.60,7.68,38.40,0.00),(273,56,520,13.00,2.19,3.50,9.10,45.50,0.00),(274,56,95,13.00,1.88,3.00,7.80,39.00,0.00),(275,56,1012,12.00,2.31,3.70,8.88,44.40,0.00),(276,57,637,12.00,2.19,3.50,8.40,42.00,0.00),(277,57,1023,100.00,0.77,1.23,24.60,123.00,0.00),(278,57,1025,6.00,2.50,4.00,4.80,24.00,0.00),(279,57,1013,50.00,0.61,0.98,9.80,49.00,0.00),(280,57,44,10.00,0.75,1.20,2.40,12.00,0.00),(281,58,26,24.00,5.00,8.00,38.40,192.00,0.00),(282,59,925,1.00,7.20,8.25,0.00,8.25,0.00),(283,59,1229,1.00,12.00,15.00,0.00,15.00,0.00),(284,59,425,1.00,19.36,29.00,0.00,29.00,0.00),(285,59,415,1.00,10.78,13.48,0.00,13.48,0.00),(286,59,368,1.00,22.50,28.13,0.00,28.13,0.00),(287,59,1230,1.00,13.10,16.38,0.00,16.38,0.00),(288,59,734,1.00,20.00,26.13,0.00,26.13,0.00),(289,59,962,1.00,8.36,9.56,0.00,9.56,0.00),(290,59,861,1.00,5.60,7.00,0.00,7.00,0.00),(291,59,420,1.00,10.10,12.63,0.00,12.63,0.00),(292,59,73,1.00,7.00,10.19,0.00,10.19,0.00),(293,60,38,1.00,2.88,4.60,0.00,4.60,0.00),(294,60,143,1.00,2.75,4.40,0.00,4.40,0.00),(295,60,486,1.00,3.94,6.30,0.00,6.30,0.00),(296,60,1224,1.00,2.18,2.73,0.00,2.73,0.00),(297,60,1008,1.00,0.69,1.10,0.00,1.10,0.00),(298,60,764,1.00,1.85,2.50,0.00,2.50,0.00),(299,60,237,10.00,1.76,2.80,0.00,28.00,0.00),(300,60,961,2.00,0.45,0.65,0.00,1.30,0.00),(301,60,72,2.00,0.46,0.65,0.00,1.30,0.00),(302,60,735,1.00,1.25,1.10,0.00,1.10,0.00),(303,60,421,1.00,0.64,0.60,0.00,0.60,0.00),(304,61,877,1.00,11.50,14.38,0.00,14.38,0.00),(305,61,982,3.00,0.00,1.50,0.00,4.50,0.00),(306,61,1231,9.00,2.80,1.95,0.00,17.55,0.00),(307,62,38,1.00,2.88,4.60,0.00,4.60,0.00),(308,62,143,1.00,2.75,4.40,0.00,4.40,0.00),(309,62,486,1.00,3.94,6.30,0.00,6.30,0.00),(310,62,1224,1.00,2.18,2.73,0.00,2.73,0.00),(311,62,1008,1.00,0.69,1.10,0.00,1.10,0.00),(312,62,764,10.00,1.85,2.50,0.00,25.00,0.00),(313,62,237,10.00,1.76,2.80,0.00,28.00,0.00),(314,62,961,2.00,0.45,0.65,0.00,1.30,0.00),(315,62,72,2.00,0.46,0.65,0.00,1.30,0.00),(316,62,735,2.00,1.25,1.10,0.00,2.20,0.00),(317,62,421,2.00,0.64,0.60,0.00,1.20,0.00),(318,63,46,60.00,1.35,2.30,27.60,138.00,0.00),(319,63,51,70.00,1.35,2.30,32.20,161.00,0.00),(320,64,1023,50.00,0.72,1.23,12.30,61.50,0.00),(321,64,520,12.00,2.19,3.50,8.40,42.00,0.00),(322,65,117,10.00,9.38,15.00,30.00,150.00,0.00),(323,65,41,30.00,1.35,2.30,13.80,69.00,0.00),(324,65,38,15.00,2.88,4.60,13.80,69.00,0.00),(325,65,14,10.00,2.56,4.10,8.20,41.00,0.00),(326,65,1012,5.00,2.31,3.70,3.70,18.50,0.00),(327,65,1023,10.00,0.72,1.23,2.46,12.30,0.00),(328,65,1024,10.00,1.44,2.30,4.60,23.00,0.00),(329,65,1025,6.00,2.35,4.00,4.80,24.00,0.00),(330,65,123,10.00,1.56,2.50,5.00,25.00,0.00),(331,66,1015,25.00,1.56,2.50,12.50,62.50,0.00),(332,66,1013,70.00,0.61,0.98,13.72,68.60,0.00),(333,66,914,20.00,1.75,2.80,11.20,56.00,0.00),(334,66,581,100.00,2.88,4.60,92.00,460.00,0.00),(335,66,581,10.00,2.88,4.60,46.00,46.00,0.00),(336,66,24,20.00,2.56,4.10,16.40,82.00,0.00),(337,66,579,23.00,1.00,1.60,7.36,36.80,0.00),(338,66,520,20.00,2.19,3.50,14.00,70.00,0.00),(339,67,114,10.00,2.63,4.20,8.40,42.00,0.00),(340,67,41,30.00,1.35,2.30,13.80,69.00,0.00),(341,67,38,15.00,2.88,4.60,13.80,69.00,0.00),(342,67,14,10.00,2.56,4.10,8.20,41.00,0.00),(343,67,1012,5.00,2.31,3.70,3.70,18.50,0.00),(344,67,1023,10.00,0.72,1.23,2.46,12.30,0.00),(345,67,1024,10.00,1.44,2.30,4.60,23.00,0.00),(346,67,1025,6.00,2.35,4.00,4.80,24.00,0.00),(347,67,123,10.00,1.56,2.50,5.00,25.00,0.00),(348,68,1023,60.00,0.72,1.23,14.76,73.80,0.00),(349,68,1024,6.00,1.44,2.30,2.76,13.80,0.00),(350,68,1025,6.00,2.35,4.00,4.80,24.00,0.00),(351,68,124,6.00,2.44,3.90,4.68,23.40,0.00),(352,68,39,40.00,0.75,1.20,9.60,48.00,0.00),(353,69,1023,100.00,0.72,1.23,24.60,123.00,0.00),(354,69,1025,10.00,2.35,4.00,0.00,40.00,0.00),(355,69,41,25.00,1.35,2.30,11.50,57.50,0.00),(356,70,123,25.00,1.56,2.50,12.50,62.50,0.00),(357,70,123,3.00,1.56,2.50,7.50,7.50,0.00),(358,70,26,10.00,5.00,8.00,0.00,80.00,0.00),(359,70,1023,200.00,0.72,1.23,49.20,246.00,0.00),(360,70,1024,20.00,1.44,2.30,46.00,46.00,0.00),(361,70,1024,100.00,1.44,2.30,46.00,230.00,0.00),(362,70,1024,10.00,1.44,2.30,23.00,23.00,0.00),(363,70,1025,50.00,2.35,4.00,40.00,200.00,0.00),(364,70,1025,5.00,2.35,4.00,20.00,20.00,0.00),(365,71,38,60.00,2.88,4.60,55.20,276.00,0.00),(366,71,38,3.00,2.88,4.60,13.80,13.80,0.00),(367,71,48,60.00,2.88,4.60,55.20,276.00,0.00),(368,71,48,3.00,2.88,4.60,13.80,13.80,0.00),(369,71,43,60.00,2.71,4.60,55.20,276.00,0.00),(370,71,43,3.00,2.71,4.60,13.80,13.80,0.00),(371,72,28,100.00,2.62,4.20,84.00,420.00,0.00),(372,73,819,25.00,0.00,0.24,0.00,6.00,0.00),(373,74,86,24.00,3.38,5.40,25.92,129.60,0.00),(374,74,143,25.00,2.75,4.40,22.00,110.00,0.00),(375,74,96,25.00,2.88,4.60,23.00,115.00,0.00),(376,75,1173,10.00,1.04,1.79,0.00,17.90,2.15),(377,75,655,6.00,0.00,2.25,0.00,13.50,0.00),(378,75,1246,5.00,1.65,1.80,0.00,9.00,1.08),(379,75,790,20.00,0.54,0.80,0.00,16.00,0.00),(380,75,629,5.00,1.22,2.00,0.00,10.00,0.00),(381,75,1247,1.00,31.07,38.84,0.00,38.84,4.66),(382,75,1248,2.00,11.25,15.00,0.00,30.00,3.60),(383,75,391,1.00,0.00,10.50,0.00,10.50,0.00),(384,75,800,2.00,0.00,3.77,0.00,7.54,0.00),(385,75,500,1.00,3.20,3.55,0.00,3.55,0.00),(386,75,473,1.00,5.74,6.75,0.00,6.75,0.00),(387,76,1249,1.00,20.00,128.80,0.00,128.80,0.00),(388,76,1249,1.00,20.00,23.40,0.00,23.40,0.00),(389,77,1241,2.00,7.13,9.35,0.00,18.70,0.00),(390,77,1209,1.00,6.20,8.99,0.00,8.99,0.00),(391,77,643,2.00,0.00,1.95,0.00,3.90,0.00),(392,77,466,1.00,3.60,4.50,0.00,4.50,0.00),(393,78,38,1.00,2.88,4.60,0.00,4.60,0.00),(394,78,967,1.00,13.64,14.50,0.00,14.50,0.00),(395,78,643,2.00,0.00,1.95,0.00,3.90,0.00),(396,78,1013,3.00,0.61,0.98,0.00,2.94,0.00),(397,78,151,3.00,2.75,4.40,0.00,13.20,0.00),(398,78,48,1.00,2.88,4.60,0.00,4.60,0.00),(399,78,517,1.00,8.71,9.90,0.00,9.90,0.00),(400,78,53,1.00,3.81,6.10,0.00,6.10,0.00),(401,78,1263,2.00,4.62,5.78,0.00,11.56,0.00),(402,79,650,1.00,3.94,6.30,0.00,6.30,0.00),(403,79,1013,2.00,0.61,0.98,0.00,1.96,0.00),(404,79,643,2.00,0.00,1.95,0.00,3.90,0.00),(405,79,1264,2.00,2.68,3.35,0.00,6.70,0.00),(406,79,53,1.00,3.81,6.10,0.00,6.10,0.00),(407,79,61,1.00,2.81,4.50,0.00,4.50,0.00),(408,79,28,1.00,2.62,4.20,0.00,4.20,0.00),(409,80,1117,19.00,13.00,19.00,0.00,361.00,0.00),(410,81,972,1.00,12.14,14.20,0.00,14.20,0.00),(411,81,749,1.00,0.00,4.50,0.00,4.50,0.00),(412,81,143,1.00,2.75,4.40,0.00,4.40,0.00),(413,81,899,1.00,3.64,5.15,0.00,5.15,0.00),(414,82,1135,15.00,42.00,48.87,0.00,733.12,0.00),(415,82,1266,15.00,38.00,38.75,0.00,581.25,0.00),(416,82,1085,25.00,26.00,36.80,0.00,920.00,0.00),(417,83,1269,210.00,1.81,2.70,0.00,567.00,0.00),(418,83,1271,78.00,1.84,2.60,0.00,202.80,0.00),(419,83,1267,180.00,2.22,3.18,0.00,572.40,0.00),(420,83,1268,180.00,2.38,3.18,0.00,572.40,0.00),(421,83,1273,180.00,0.85,0.99,0.00,178.20,0.00),(422,84,1023,200.00,0.72,1.23,0.00,246.00,0.00),(423,84,1023,40.00,0.72,1.23,49.20,49.20,0.00),(424,84,1022,20.00,4.19,6.70,0.00,134.00,0.00),(425,84,1022,4.00,4.19,6.70,26.80,26.80,0.00),(426,85,1023,70.00,0.72,1.23,17.22,86.10,0.00),(427,85,1024,6.00,1.44,2.30,2.76,13.80,0.00),(428,85,46,20.00,1.35,2.30,9.20,46.00,0.00),(429,85,637,12.00,2.19,3.50,8.40,42.00,0.00),(430,86,1023,70.00,0.72,1.23,17.22,86.10,0.00),(431,86,1024,6.00,1.44,2.30,2.76,13.80,0.00),(432,86,46,20.00,1.35,2.30,9.20,46.00,0.00),(433,86,637,12.00,2.19,3.50,8.40,42.00,0.00),(434,87,1251,1.00,26.55,33.20,1.66,33.20,0.00),(435,87,1252,2.00,4.13,5.12,0.51,10.24,0.00),(436,88,1209,1.00,6.20,8.99,0.00,8.99,0.00),(437,88,490,1.00,2.87,3.56,0.00,3.56,0.00),(438,89,1223,1.00,1.88,2.35,0.05,2.35,0.00),(439,90,1274,49.00,12.63,3.75,0.00,183.75,0.00),(440,90,1275,49.00,12.63,18.98,0.00,930.02,0.00),(441,90,1276,49.00,13.94,17.19,0.00,842.31,0.00),(442,90,1252,49.00,4.13,5.08,0.00,248.92,0.00),(443,91,1277,2.00,22.67,31.25,0.00,62.50,7.50),(444,92,1219,1.00,16.74,19.69,0.00,19.69,0.00),(445,93,593,2.20,0.73,1.00,0.00,2.20,0.00),(446,93,1034,2.20,0.12,0.15,0.00,0.33,0.00),(447,93,403,4.40,1.21,1.52,0.00,6.69,0.00),(448,93,401,2.20,1.21,1.00,0.00,2.20,0.00),(449,93,915,1.00,1.75,2.80,0.00,2.80,0.00),(450,93,521,1.00,4.19,6.70,0.00,6.70,0.00),(451,93,61,1.00,2.81,4.50,0.00,4.50,0.00),(452,93,95,1.00,1.76,3.00,0.00,3.00,0.00),(453,93,980,1.00,9.06,10.30,0.00,10.30,0.00),(454,93,299,1.00,1.88,3.00,0.00,3.00,0.00),(455,93,1008,1.00,0.65,1.10,0.00,1.10,0.00),(456,94,41,2.00,1.35,2.30,0.92,4.60,0.00),(457,94,726,2.00,2.55,2.90,0.29,5.80,0.00),(458,94,1013,2.00,0.61,0.98,0.10,1.96,0.00),(459,94,505,2.00,0.99,1.24,0.12,2.48,0.00),(460,95,53,2.00,3.81,6.10,0.00,12.20,0.00),(461,95,95,2.00,1.76,3.00,0.00,6.00,0.00),(462,95,299,1.00,1.88,3.00,0.00,3.00,0.00),(463,95,1280,1.00,11.88,14.85,0.00,14.85,0.00),(464,96,41,1.00,1.35,2.30,0.00,2.30,0.00),(465,96,726,1.00,2.55,2.90,0.00,2.90,0.00),(466,96,1102,1.00,1.56,2.50,0.00,2.50,0.00),(467,96,988,1.00,1.08,1.35,0.00,1.35,0.00),(468,96,1013,1.00,0.61,0.98,0.00,0.98,0.00),(469,97,1281,4.00,17.00,19.00,0.00,76.00,0.00),(470,97,1282,1.00,22.00,25.50,0.00,25.50,0.00),(471,97,1283,1.00,7.20,9.00,0.00,9.00,0.00),(472,97,1280,1.00,11.88,14.85,0.00,14.85,0.00),(473,97,1284,2.00,6.16,7.71,0.00,15.42,0.00),(474,98,1285,1.00,31.88,39.85,1.20,39.85,0.00),(475,99,279,1.00,0.00,3.00,0.00,3.00,0.00),(476,100,294,1.00,2.50,4.00,0.00,4.00,0.00),(477,100,521,1.00,4.19,6.70,0.00,6.70,0.00),(478,101,194,6.00,19.36,26.00,0.00,156.00,0.00),(479,101,563,2.00,34.50,39.00,0.00,78.00,0.00),(480,102,1265,18.00,48.00,48.87,0.00,879.66,0.00),(481,102,1266,18.00,38.00,38.75,0.00,697.50,0.00),(482,102,1085,58.00,26.00,36.80,0.00,2134.40,0.00),(483,103,1286,10.00,7.00,7.95,3.98,79.50,0.00),(484,103,53,1.00,3.81,6.10,0.31,6.10,0.00),(485,104,256,18.00,0.00,11.33,0.00,203.94,24.47),(486,104,1201,18.00,8.25,13.22,0.00,237.96,28.56),(487,104,934,18.00,1.86,2.98,0.00,53.64,0.00),(488,104,1208,18.00,4.93,7.90,0.00,142.20,17.06),(489,104,1202,18.00,11.02,17.66,0.00,317.88,0.00),(490,104,718,18.00,0.00,3.40,0.00,61.20,0.00),(491,104,953,18.00,3.27,6.13,0.00,110.34,0.00),(492,104,769,360.00,22.50,0.39,0.00,140.40,0.00),(493,104,1287,18.00,2.50,8.41,0.00,151.38,18.17),(494,104,1288,9.00,7.59,11.00,0.00,99.00,11.88),(495,104,1203,9.00,1.35,2.16,0.00,19.44,2.33),(496,105,256,18.00,0.00,11.33,0.00,203.94,24.47),(497,105,1201,18.00,8.25,13.22,0.00,237.96,28.56),(498,105,934,18.00,1.86,2.98,0.00,53.64,6.44),(499,105,1208,18.00,4.93,7.90,0.00,142.20,17.06),(500,105,1202,18.00,11.02,17.66,0.00,317.88,38.15),(501,105,1289,18.00,2.20,3.40,0.00,61.20,7.34),(502,105,953,18.00,3.27,6.13,0.00,110.34,13.24),(503,105,769,360.00,22.50,0.39,0.00,140.40,16.85),(504,105,1287,18.00,2.50,8.41,0.00,151.38,18.17),(505,105,1288,9.00,7.59,11.00,0.00,99.00,11.88),(506,105,1203,9.00,1.35,2.16,0.00,19.44,2.33),(507,106,1290,45.00,1.25,1.63,0.00,73.35,8.80),(508,106,1291,12.00,9.00,10.00,0.00,120.00,14.40),(509,106,1292,9.00,12.00,15.00,0.00,135.00,16.20),(510,106,308,9.00,5.11,6.75,0.00,60.75,7.29),(511,106,279,13.00,0.00,3.00,0.00,39.00,4.68),(512,106,285,91.00,2.56,3.20,0.00,291.20,34.94),(513,106,1293,216.00,2.50,3.85,0.00,831.60,99.79),(514,106,1294,90.00,2.50,2.80,0.00,252.00,30.24),(515,106,1295,36.00,15.00,20.84,0.00,750.24,90.03),(516,106,1205,3.00,142.85,225.00,0.00,675.00,81.00),(517,106,1206,1.00,51.31,76.09,0.00,76.09,9.13),(518,107,1290,45.00,1.25,1.63,0.00,73.35,8.80),(519,107,1291,12.00,9.00,10.00,0.00,120.00,14.40),(520,107,1292,9.00,12.00,15.00,0.00,135.00,16.20),(521,107,308,9.00,5.11,8.20,0.00,73.80,8.86),(522,107,279,13.00,0.00,9.63,0.00,125.19,15.02),(523,107,285,91.00,2.56,3.85,0.00,350.35,42.04),(524,107,1293,216.00,2.50,3.85,0.00,831.60,99.79),(525,107,1294,90.00,2.50,2.80,0.00,252.00,30.24),(526,107,1295,36.00,15.00,20.84,0.00,750.24,90.03),(527,107,1205,3.00,142.85,225.00,0.00,675.00,81.00),(528,107,1206,1.00,51.31,76.09,0.00,76.09,9.13),(529,108,256,18.00,0.00,11.33,0.00,203.94,24.47),(530,108,1201,18.00,8.25,13.22,0.00,237.96,28.56),(531,108,934,18.00,1.86,2.98,0.00,53.64,6.44),(532,108,1208,18.00,4.93,7.90,0.00,142.20,17.06),(533,108,1202,18.00,11.02,17.66,0.00,317.88,38.15),(534,108,1289,18.00,2.20,3.40,0.00,61.20,7.34),(535,108,769,360.00,22.50,0.39,0.00,140.40,16.85),(536,108,1287,18.00,2.50,8.41,0.00,151.38,18.17),(537,108,1288,9.00,7.59,11.00,0.00,99.00,11.88),(538,108,1203,9.00,1.35,2.16,0.00,19.44,2.33),(539,108,953,18.00,3.27,6.13,0.00,110.34,13.24),(540,109,256,18.00,0.00,11.33,0.00,203.94,24.47),(541,109,1201,18.00,8.25,13.22,0.00,237.96,28.56),(542,109,934,18.00,1.86,2.98,0.00,53.64,6.44),(543,109,1208,18.00,4.93,7.90,0.00,142.20,17.06),(544,109,1202,18.00,11.02,17.66,0.00,317.88,38.15),(545,109,1289,18.00,2.20,3.40,0.00,61.20,7.34),(546,109,953,18.00,3.27,6.13,0.00,110.34,13.24),(547,109,769,360.00,22.50,0.39,0.00,140.40,16.85),(548,109,1287,18.00,2.50,8.41,0.00,151.38,18.17),(549,109,1288,9.00,7.59,11.00,0.00,99.00,11.88),(550,109,1203,9.00,1.35,2.16,0.00,19.44,2.33),(551,110,1290,45.00,1.25,1.63,0.00,73.35,8.80),(552,110,1291,12.00,9.00,10.00,0.00,120.00,14.40),(553,110,1292,9.00,12.00,15.00,0.00,135.00,16.20),(554,110,308,9.00,5.11,8.20,0.00,73.80,8.86),(555,110,279,13.00,0.00,9.63,0.00,125.19,15.02),(556,110,285,91.00,2.56,3.85,0.00,350.35,42.04),(557,110,1293,216.00,2.50,3.85,0.00,831.60,99.79),(558,110,1294,90.00,2.50,2.80,0.00,252.00,30.24),(559,110,1295,36.00,15.00,20.84,0.00,750.24,90.03),(560,110,1205,3.00,142.85,225.00,0.00,675.00,81.00),(561,110,1206,1.00,51.31,76.09,0.00,76.09,9.13),(562,111,1063,1.00,6.73,7.65,0.00,7.65,0.00),(563,111,114,1.00,2.63,4.20,0.00,4.20,0.00),(564,111,38,1.00,2.88,4.60,0.45,4.60,0.00),(565,112,56,2.00,2.47,3.20,0.13,6.40,0.00),(566,112,61,1.00,2.81,4.50,0.09,4.50,0.00),(567,112,41,1.00,1.35,2.30,0.05,2.30,0.00),(568,112,115,4.00,1.88,3.00,0.24,12.00,0.00),(569,112,899,4.00,3.64,5.15,0.00,20.60,0.00),(570,112,1013,4.00,0.61,0.98,0.08,3.92,0.00),(571,112,105,1.00,2.88,4.60,0.09,4.60,0.00),(572,113,41,1.00,1.35,2.30,0.00,2.30,0.00),(573,113,1013,1.00,0.61,0.98,0.00,0.98,0.00),(574,113,1199,1.00,0.00,7.70,0.00,7.70,0.00),(575,113,142,1.00,1.69,2.70,0.00,2.70,0.00),(576,113,505,1.00,0.99,1.47,0.00,1.47,0.00),(577,114,1265,18.00,48.00,48.87,0.00,879.66,0.00),(578,114,1266,18.00,33.70,38.75,0.00,697.50,0.00),(579,114,1085,58.00,26.00,36.80,0.00,2134.40,0.00),(580,115,1081,4.00,39.60,33.75,0.00,135.00,0.00),(581,116,28,100.00,2.62,4.20,84.00,420.00,0.00),(582,117,557,55.00,0.38,0.49,0.00,26.95,0.00),(583,117,551,33.00,0.27,0.39,0.00,12.87,0.00),(584,117,195,11.00,0.44,0.55,0.00,6.05,0.00),(585,117,823,6.60,0.39,0.55,0.00,3.63,0.00),(586,117,112,4.40,0.39,0.65,0.00,2.86,0.00),(587,118,1160,3.00,76.00,1.55,0.00,4.65,0.00),(588,118,1159,3.00,68.00,1.55,0.00,4.65,0.00),(589,118,915,1.00,1.75,2.80,0.00,2.80,0.00),(590,119,1159,13.20,68.00,1.55,0.00,20.46,0.00),(591,119,1160,4.40,76.00,1.55,0.00,6.82,0.00),(592,119,405,8.80,1.37,1.72,0.00,15.14,0.00),(593,119,1281,3.00,17.00,19.00,0.00,57.00,0.00),(594,120,414,2.00,3.60,5.50,0.55,11.00,0.00),(595,121,1099,100.00,2.06,3.50,0.00,350.00,0.00),(596,121,1099,25.00,2.06,3.50,87.50,87.50,0.00),(597,122,1103,100.00,2.19,3.50,0.00,350.00,0.00),(598,122,1103,25.00,2.19,3.50,87.50,87.50,0.00),(599,122,1023,200.00,0.72,1.23,0.00,246.00,0.00),(600,122,1023,40.00,0.72,1.23,49.20,49.20,0.00),(601,123,1306,1.00,28.72,29.47,0.00,29.47,0.00),(602,123,295,1.00,4.38,7.00,1.40,7.00,0.00),(603,123,1023,1.00,0.72,1.23,0.25,1.23,0.00),(604,123,1307,1.00,22.79,21.48,0.00,21.48,0.00),(605,124,1290,45.00,1.25,1.63,0.00,73.35,8.80),(606,124,1291,12.00,9.00,10.00,0.00,120.00,14.40),(607,124,1292,9.00,12.00,15.00,0.00,135.00,16.20),(608,124,308,9.00,5.11,8.20,0.00,73.80,8.86),(609,124,279,13.00,0.00,9.63,0.00,125.19,15.02),(610,124,285,91.00,2.56,3.85,0.00,350.35,42.04),(611,124,1293,216.00,2.50,3.85,0.00,831.60,99.79),(612,124,1294,90.00,2.50,2.80,0.00,252.00,30.24),(613,124,1295,36.00,15.00,20.84,0.00,750.24,90.03),(614,124,1205,3.00,142.85,225.00,0.00,675.00,81.00),(615,124,1206,1.00,51.31,76.09,0.00,76.09,9.13),(616,125,256,18.00,0.00,11.33,0.00,203.94,24.47),(617,125,1201,18.00,8.25,13.22,0.00,237.96,28.56),(618,125,934,18.00,1.86,2.98,0.00,53.64,6.44),(619,125,1208,18.00,4.93,7.90,0.00,142.20,17.06),(620,125,1202,18.00,11.02,17.66,0.00,317.88,38.15),(621,125,1289,18.00,2.20,3.40,0.00,61.20,7.34),(622,125,953,18.00,3.27,6.13,0.00,110.34,13.24),(623,125,769,360.00,22.50,0.39,0.00,140.40,16.85),(624,125,1287,18.00,2.50,8.41,0.00,151.38,18.17),(625,125,1288,9.00,7.59,11.00,0.00,99.00,11.88),(626,125,1203,9.00,1.35,2.16,0.00,19.44,2.33),(627,126,41,20.00,1.35,2.30,9.20,46.00,0.00),(628,126,39,30.00,0.71,1.20,7.20,36.00,0.00),(629,126,34,20.00,0.71,1.20,4.80,24.00,0.00),(630,126,36,12.00,1.44,2.30,5.52,27.60,0.00),(631,126,118,6.00,2.63,4.20,5.04,25.20,0.00),(632,126,1209,5.00,6.20,8.99,8.99,44.95,0.00),(633,126,1023,70.00,0.72,1.23,17.22,86.10,0.00),(634,126,28,10.00,2.62,4.20,8.40,42.00,0.00),(635,126,53,12.00,3.81,6.10,14.64,73.20,0.00),(636,127,552,1.00,35.00,36.00,0.00,36.00,0.00),(637,127,1135,1.00,42.50,49.00,0.00,49.00,0.00),(638,128,26,24.00,5.00,8.00,38.40,192.00,0.00),(639,129,1159,13.20,68.00,1.55,0.00,20.46,0.00),(640,129,1160,4.40,76.00,1.55,0.00,6.82,0.00),(641,129,405,8.80,1.37,1.72,0.00,15.14,0.00),(642,129,1296,2.00,38.40,46.08,0.00,92.16,0.00),(643,129,1284,2.00,6.16,7.71,0.00,15.42,0.00),(644,129,1280,2.00,11.88,14.85,0.00,29.70,0.00),(645,130,256,18.00,0.00,11.33,0.00,203.94,24.47),(646,130,1201,18.00,8.25,13.22,0.00,237.96,28.56),(647,130,934,18.00,1.86,2.98,0.00,53.64,6.44),(648,130,1208,18.00,4.93,7.90,0.00,142.20,17.06),(649,130,1202,18.00,11.02,17.66,0.00,317.88,38.15),(650,130,1289,18.00,2.20,3.40,0.00,61.20,7.34),(651,130,953,18.00,3.27,6.13,0.00,110.34,13.24),(652,130,769,360.00,22.50,0.39,0.00,140.40,16.85),(653,130,1287,18.00,2.50,8.41,0.00,151.38,18.17),(654,130,1288,9.00,7.59,11.00,0.00,99.00,11.88),(655,130,1203,9.00,1.35,2.16,0.00,19.44,2.33),(656,131,1290,45.00,1.25,1.63,0.00,73.35,8.80),(657,131,1291,12.00,9.00,10.00,0.00,120.00,14.40),(658,131,1292,9.00,12.00,15.00,0.00,135.00,16.20),(659,131,308,9.00,5.11,8.20,0.00,73.80,8.86),(660,131,279,13.00,0.00,9.63,0.00,125.19,15.02),(661,131,285,91.00,2.56,3.85,0.00,350.35,42.04),(662,131,1293,216.00,2.50,3.85,0.00,831.60,99.79),(663,131,1294,90.00,2.50,2.80,0.00,252.00,30.24),(664,131,1295,36.00,15.00,20.84,0.00,750.24,90.03),(665,131,1205,3.00,142.85,225.00,0.00,675.00,81.00),(666,131,1206,1.00,51.31,76.09,0.00,76.09,9.13),(667,132,965,3.00,7.21,8.20,1.23,24.60,0.00),(668,132,1274,3.00,2.81,3.75,0.56,11.25,0.00),(669,132,1286,3.00,7.00,7.95,1.19,23.85,0.00),(670,132,1251,1.00,26.56,33.20,1.66,33.20,0.00),(671,132,1283,1.00,7.20,9.00,0.45,9.00,0.00),(672,133,1159,13.20,68.00,1.55,0.00,20.46,0.00),(673,133,1160,4.40,76.00,1.55,0.00,6.82,0.00),(674,133,405,8.80,1.37,1.72,0.00,15.14,0.00),(675,134,971,2.00,4.35,5.10,0.41,10.20,0.00),(676,134,1023,1.00,0.72,1.23,0.00,1.23,0.00),(677,135,1223,1.00,1.76,2.35,0.00,2.35,0.00),(678,135,1224,1.00,2.05,2.73,0.00,2.73,0.00),(679,136,559,2.20,0.00,65.00,0.00,143.00,0.00),(680,137,559,2.00,0.00,65.00,0.00,130.00,0.00),(681,138,1317,2.00,0.09,13.00,0.00,26.00,0.00),(682,139,1277,1.00,22.67,31.25,0.00,31.25,3.75),(683,139,786,1.00,0.00,12.00,0.00,12.00,1.44),(684,140,1250,1.00,3.40,4.26,0.00,4.26,0.00),(685,140,1223,1.00,1.76,2.35,0.00,2.35,0.00),(686,140,1332,1.00,0.50,1.00,0.00,1.00,0.00),(687,141,125,6.00,3.94,6.30,7.56,37.80,0.00),(688,141,123,12.00,1.56,2.50,6.00,30.00,0.00),(689,141,43,12.00,2.71,4.60,11.04,55.20,0.00),(690,141,44,20.00,0.75,1.20,4.80,24.00,0.00),(691,141,38,12.00,2.88,4.60,11.04,55.20,0.00),(692,141,39,20.00,0.71,1.20,4.80,24.00,0.00),(693,141,49,20.00,0.75,1.20,4.80,24.00,0.00),(694,141,637,20.00,2.19,3.50,14.00,70.00,0.00),(695,141,1209,6.00,6.20,8.99,10.79,53.94,0.00),(696,141,1024,6.00,1.44,2.30,2.76,13.80,0.00),(697,141,1023,50.00,0.72,1.23,12.30,61.50,0.00),(698,142,125,6.00,3.94,6.30,7.56,37.80,0.00),(699,142,123,12.00,1.56,2.50,6.00,30.00,0.00),(700,142,43,15.00,2.71,4.60,13.80,69.00,0.00),(701,142,44,20.00,0.75,1.20,4.80,24.00,0.00),(702,142,38,15.00,2.88,4.60,13.80,69.00,0.00),(703,142,39,20.00,0.71,1.20,4.80,24.00,0.00),(704,142,49,20.00,0.75,1.20,4.80,24.00,0.00),(705,142,637,20.00,2.19,3.50,14.00,70.00,0.00),(706,142,1209,6.00,6.20,8.99,10.79,53.94,0.00),(707,142,1024,6.00,1.44,2.30,2.76,13.80,0.00),(708,142,1023,70.00,0.72,1.23,17.22,86.10,0.00),(709,143,1023,100.00,0.72,1.23,24.60,123.00,0.00),(710,143,1023,10.00,0.72,1.23,12.30,12.30,0.00),(711,144,1023,100.00,0.72,1.23,24.60,123.00,0.00),(712,144,1023,10.00,0.72,1.23,12.30,12.30,0.00),(713,145,952,1.00,2.72,3.90,0.00,3.90,0.00),(714,146,1355,3.00,1856.00,2450.00,0.00,7350.00,882.00),(715,146,1337,2000.00,0.60,0.82,0.00,1640.00,196.80),(716,146,1356,1.00,3200.00,3510.00,0.00,3510.00,421.20),(717,147,1357,288.00,3.00,3.25,0.00,936.00,0.00),(718,147,1317,288.00,0.09,0.25,0.00,72.00,0.00),(719,147,1358,425.00,0.40,0.51,0.00,216.75,0.00),(720,147,1359,208.00,1.38,1.38,0.00,287.04,0.00),(721,147,1157,110.00,2.00,8.00,0.00,880.00,0.00),(722,147,1232,15.00,3.30,3.85,0.00,57.75,0.00),(723,147,1360,475.00,0.22,0.25,0.00,118.75,0.00),(724,147,1361,102.00,0.40,0.42,0.00,42.84,0.00),(725,147,1362,20.00,0.25,0.30,0.00,6.00,0.00),(726,147,1363,44.00,2.00,2.20,0.00,96.80,0.00),(727,147,1364,30.00,2.80,2.82,0.00,84.60,0.00),(728,148,1361,10.00,0.40,0.35,0.00,3.50,0.00),(729,148,1365,10.00,1.00,1.20,0.00,12.00,0.00),(730,148,1366,63.00,0.40,0.48,0.00,30.24,0.00),(731,148,1367,10.00,0.65,0.70,0.00,7.00,0.00),(732,148,1368,21.00,1.20,1.23,0.00,25.83,0.00),(733,148,1369,200.00,0.40,0.45,0.00,90.00,0.00),(734,148,1370,10.00,5.00,6.00,0.00,60.00,0.00),(735,148,1371,10.00,17.00,18.00,0.00,180.00,0.00),(736,148,1372,4.00,7.00,8.00,0.00,32.00,0.00),(737,148,1343,4.00,8.41,12.50,0.00,50.00,0.00),(738,148,1344,4.00,10.62,12.50,0.00,50.00,0.00),(739,149,1345,18.00,6.37,7.50,0.00,135.00,0.00),(740,149,1373,8.00,12.00,15.00,0.00,120.00,0.00),(741,149,1341,20.00,4.50,4.90,0.00,98.00,0.00),(742,149,1374,418.00,0.25,0.29,0.00,121.22,0.00),(743,149,1328,13.00,6.75,7.50,0.00,97.50,0.00),(744,149,1327,8.00,10.56,12.00,0.00,96.00,0.00),(745,149,1342,3.50,6.84,29.00,0.00,101.50,0.00),(746,149,1375,3500.00,0.02,0.02,0.00,70.00,0.00),(747,149,1376,3000.00,0.02,0.02,0.00,45.00,0.00),(748,149,1377,2500.00,0.01,0.02,0.00,55.00,0.00),(749,149,1378,3000.00,0.02,0.02,0.00,45.00,0.00),(750,150,1379,2000.00,0.02,0.02,0.00,30.00,0.00),(751,150,1117,3.00,14.54,19.63,0.00,58.89,0.00),(752,150,1236,1.00,10.57,14.34,0.00,14.34,0.00),(753,150,1380,2.00,40.00,42.00,0.00,84.00,0.00),(754,150,1354,3.00,12.09,50.00,0.00,150.00,0.00),(755,150,368,2.00,22.50,28.13,0.00,56.26,0.00),(756,150,418,2.00,42.80,53.50,0.00,107.00,0.00),(757,150,1381,2.00,33.00,33.59,0.00,67.18,0.00),(758,150,1346,2.00,74.80,78.00,0.00,156.00,0.00),(759,150,1309,4.00,1.00,1.25,0.00,5.00,0.00),(760,150,1382,3.00,13.00,15.00,0.00,45.00,0.00),(761,151,1117,2.00,14.54,19.63,0.00,39.26,0.00),(762,151,925,2.00,7.20,9.00,0.00,18.00,0.00),(763,151,1383,3.00,8.00,8.50,0.00,25.50,0.00),(764,151,982,6.00,0.00,1.50,0.00,9.00,0.00),(765,151,1310,6.00,11.50,15.50,0.00,93.00,0.00),(766,151,1384,6.00,23.00,32.50,0.00,195.00,0.00),(767,151,1387,3.00,39.00,39.60,0.00,118.80,0.00),(768,151,1385,2.50,43.00,43.32,0.00,108.30,0.00),(769,151,1386,2.00,18.00,19.94,0.00,39.88,0.00),(770,151,1331,1.00,60.00,150.00,0.00,150.00,0.00),(771,151,740,14.00,12.32,14.00,0.00,196.00,0.00),(772,152,1388,28.00,4.00,4.03,0.00,112.84,0.00),(773,152,1389,164.00,4.00,4.03,0.00,660.92,0.00),(774,152,1390,20.00,2.40,2.47,0.00,49.40,0.00),(775,152,1391,126.00,5.00,5.25,0.00,661.50,0.00),(776,152,1392,88.00,9.00,9.70,0.00,853.60,0.00),(777,152,1393,16.00,7.00,7.15,0.00,114.40,0.00),(778,152,1394,150.00,2.50,3.00,0.00,450.00,0.00),(779,152,1395,80.00,12.00,12.49,0.00,999.20,0.00),(780,152,1396,2.00,200.00,225.00,0.00,450.00,0.00),(781,152,1397,10.00,20.00,30.00,0.00,300.00,0.00),(782,152,1398,4.00,0.60,0.66,0.00,2.64,0.00),(783,153,1399,4.00,0.90,0.95,0.00,3.80,0.00),(784,153,1400,3.00,36.00,39.68,0.00,119.04,0.00),(785,153,552,10.00,35.00,42.00,0.00,420.00,0.00),(786,153,550,1.50,31.50,36.23,0.00,54.35,0.00),(787,153,1401,25.00,36.63,38.00,0.00,950.00,0.00),(788,153,1402,8.00,39.00,39.52,0.00,316.16,0.00),(789,153,1403,10.00,39.15,43.83,0.00,438.30,0.00),(790,153,1404,9.00,35.00,40.77,0.00,366.93,0.00),(791,153,1303,12.00,16.22,25.00,0.00,300.00,0.00),(792,153,1405,8.00,6.00,6.58,0.00,52.64,0.00),(793,153,1406,8.00,8.00,8.19,0.00,65.52,0.00),(794,154,38,16.00,2.88,4.60,0.00,73.60,0.00),(795,154,48,16.00,2.88,4.60,0.00,73.60,0.00),(796,154,53,16.00,3.81,6.10,0.00,97.60,0.00),(797,154,1328,9.00,6.75,7.50,0.00,67.50,0.00),(798,154,1407,18.00,3.00,3.35,0.00,60.30,0.00),(799,154,1408,18.00,4.00,4.95,0.00,89.10,0.00),(800,154,1409,18.00,7.00,7.39,0.00,133.02,0.00),(801,154,1410,20.00,5.00,5.78,0.00,115.60,0.00),(802,154,1411,20.00,5.00,5.39,0.00,107.80,0.00),(803,154,1412,20.00,4.00,4.72,0.00,94.40,0.00),(804,154,1413,20.00,4.00,4.00,0.00,80.00,0.00),(805,155,1334,8.00,6.96,8.70,0.00,69.60,0.00),(806,155,1013,16.00,0.61,0.98,0.00,15.68,0.00),(807,155,1352,18.00,32.80,34.80,0.00,626.40,0.00),(808,155,1320,8.00,34.75,43.44,0.00,347.52,0.00),(809,155,1415,8.00,17.00,17.19,0.00,137.52,0.00),(810,155,1416,10.00,46.00,50.03,0.00,500.30,0.00),(811,155,1266,10.00,33.70,35.70,0.00,357.00,0.00),(812,155,1417,20.00,3.00,3.22,0.00,64.40,0.00),(813,155,1418,20.00,1.20,1.38,0.00,27.60,0.00),(814,155,1419,4.00,38.00,38.13,0.00,152.52,0.00),(815,155,1339,5.00,5.34,6.67,0.00,33.35,0.00),(816,156,1340,3.00,8.41,10.50,0.00,31.50,0.00),(817,156,1326,3.00,11.44,13.00,0.00,39.00,0.00),(818,156,643,3.00,0.00,2.09,0.00,6.27,0.00),(819,156,832,3.00,11.25,14.80,0.00,44.40,0.00),(820,156,1325,4.00,8.18,9.30,0.00,37.20,0.00),(821,156,1338,5.00,6.36,8.57,0.00,42.85,0.00),(822,156,1420,5.00,6.00,6.50,0.00,32.50,0.00),(823,156,1421,5.00,5.00,5.50,0.00,27.50,0.00),(824,156,1422,10.00,5.00,5.50,0.00,55.00,0.00),(825,156,831,4.00,1.13,1.56,0.00,6.24,0.00),(826,156,196,30.00,1.01,1.50,0.00,45.00,0.00),(827,157,661,2.00,0.00,4.59,0.00,9.18,0.00),(828,157,1424,7.50,7.00,7.77,0.00,58.28,0.00),(829,157,789,1.00,0.10,4.52,0.00,4.52,0.00),(830,157,1191,4.00,0.30,0.55,0.00,2.20,0.00),(831,157,1308,2.00,0.96,1.50,0.00,3.00,0.00),(832,157,1425,26.00,3.00,3.05,0.00,79.30,0.00),(833,157,1426,3.00,1.70,1.75,0.00,5.25,0.00),(834,157,435,4.00,0.90,1.35,0.00,5.40,0.00),(835,157,711,2.00,0.00,21.00,0.00,42.00,0.00),(836,157,653,1.00,11.76,13.50,0.00,13.50,0.00),(837,157,1308,18.00,0.96,1.50,0.00,27.00,0.00),(838,158,196,57.00,1.01,1.50,0.00,85.50,0.00),(839,158,1426,28.00,1.70,6.50,0.00,182.00,0.00),(840,158,436,20.00,2.92,4.80,0.00,96.00,0.00),(841,159,196,57.00,1.01,1.50,0.00,85.49,0.00),(842,159,1426,28.00,1.70,6.50,0.00,182.00,0.00),(843,159,436,20.00,2.92,4.80,0.00,96.00,0.00),(844,160,414,16.00,3.60,5.50,17.60,88.00,0.00),(845,161,570,1.00,0.79,42.00,0.00,42.00,0.00),(846,162,580,1.00,1.69,2.70,0.00,2.70,0.00),(847,162,988,1.00,1.08,1.35,0.00,1.35,0.00),(848,162,1013,1.00,0.61,0.98,0.00,0.98,0.00),(849,162,1264,1.00,2.68,3.35,0.00,3.35,0.00),(850,162,51,1.00,1.35,2.50,0.00,2.50,0.00),(851,163,1199,1.00,0.00,7.70,0.00,7.70,0.00),(852,163,36,1.00,1.44,2.50,0.00,2.50,0.00),(853,163,142,1.00,1.69,2.70,0.00,2.70,0.00),(854,163,1013,1.00,0.61,0.98,0.00,0.98,0.00),(855,164,1159,13.20,68.00,1.55,0.00,20.46,0.00),(856,164,1160,4.40,76.00,1.55,0.00,6.82,0.00),(857,164,405,8.80,1.37,1.72,0.00,15.14,0.00),(858,164,1274,2.00,3.00,3.75,0.00,7.50,0.00),(859,165,53,1.00,3.81,6.10,0.00,6.10,0.00),(860,165,1264,1.00,2.68,3.35,0.00,3.35,0.00),(861,165,1013,1.00,0.61,0.98,0.00,0.98,0.00),(862,165,1063,1.00,6.73,7.65,0.00,7.65,0.00),(863,165,650,1.00,3.94,6.30,0.00,6.30,0.00),(864,165,51,1.00,1.44,2.30,0.00,2.30,0.00),(865,165,142,1.00,1.69,2.70,0.00,2.70,0.00),(866,165,1199,1.00,0.00,7.70,0.00,7.70,0.00),(867,165,988,1.00,1.08,1.35,0.00,1.35,0.00),(868,165,1013,1.00,0.61,0.98,0.00,0.98,0.00),(869,166,53,2.00,3.81,6.10,0.00,12.20,0.00),(870,166,1264,2.00,2.68,3.35,0.00,6.70,0.00),(871,166,1013,2.00,0.61,0.98,0.00,1.96,0.00),(872,166,1063,2.00,6.73,7.65,0.00,15.30,0.00),(873,166,650,2.00,3.94,6.30,0.00,12.60,0.00),(874,167,51,1.00,1.44,2.30,0.00,2.30,0.00),(875,167,142,1.00,1.69,2.70,0.00,2.70,0.00),(876,167,1199,1.00,0.00,7.70,0.00,7.70,0.00),(877,167,988,1.00,1.08,1.35,0.00,1.35,0.00),(878,167,1013,1.00,0.61,0.98,0.00,0.98,0.00),(879,168,839,40.00,1.69,3.25,0.00,130.00,15.60),(880,169,839,40.00,1.69,3.25,0.00,130.00,15.60),(881,170,1245,1.00,10.18,11.88,0.00,11.88,1.43),(882,171,38,35.00,2.88,4.60,32.20,161.00,0.00),(883,171,14,25.00,2.56,4.10,20.50,102.50,0.00),(884,172,38,40.00,2.88,4.60,36.80,184.00,0.00),(885,172,14,32.00,2.56,4.10,26.24,131.20,0.00),(886,173,38,40.00,2.88,4.60,36.80,184.00,0.00),(887,173,38,3.00,2.88,4.60,13.80,13.80,0.00),(888,173,48,40.00,2.88,4.60,36.80,184.00,0.00),(889,173,48,4.00,2.88,4.60,18.40,18.40,0.00),(890,173,43,40.00,2.71,4.60,36.80,184.00,0.00),(891,173,33,20.00,2.88,4.60,18.40,92.00,0.00),(892,173,33,7.00,2.88,4.60,32.20,32.20,0.00),(893,173,53,40.00,3.81,6.10,48.80,244.00,0.00),(894,173,53,4.00,3.81,6.10,24.40,24.40,0.00),(895,174,38,35.00,2.88,4.60,32.20,161.00,0.00),(896,174,41,50.00,1.35,2.30,23.00,115.00,0.00),(897,175,38,100.00,2.88,4.60,92.00,460.00,0.00),(898,175,38,10.00,2.88,4.60,46.00,46.00,0.00),(899,175,123,100.00,1.56,2.50,50.00,250.00,0.00),(900,175,123,10.00,1.56,2.50,25.00,25.00,0.00),(901,175,122,2.00,7.88,12.60,5.04,25.20,0.00),(902,175,637,5.00,2.19,3.50,3.50,17.50,0.00),(903,175,53,40.00,3.81,6.10,48.80,244.00,0.00),(904,175,33,40.00,2.88,4.60,36.80,184.00,0.00),(905,175,58,40.00,4.94,7.90,63.20,316.00,0.00),(906,176,1156,2.00,11.43,18.90,1.89,37.80,4.31),(907,177,51,25.00,1.44,2.30,11.50,57.50,0.00),(908,177,637,30.00,2.19,3.50,21.00,105.00,0.00),(909,178,520,35.00,2.19,3.50,24.50,122.50,0.00),(910,178,1012,12.00,2.31,3.70,8.88,44.40,0.00),(911,179,1434,16.00,100.00,110.00,0.00,1760.00,0.00),(912,179,1435,18.00,160.00,163.00,0.00,2934.00,0.00),(913,179,1438,6.00,178.00,222.50,0.00,1335.00,0.00),(914,179,1436,1.00,400.00,424.93,0.00,424.93,0.00),(915,179,1437,15.00,170.00,174.09,0.00,2611.35,0.00),(916,180,86,24.00,3.38,5.40,25.92,129.60,0.00),(917,180,143,50.00,2.75,4.40,44.00,220.00,0.00),(918,180,87,50.00,2.06,3.50,35.00,175.00,0.00),(919,181,1073,3.00,15.60,12.00,0.00,36.00,0.00),(920,181,1196,5.00,2.60,3.50,0.00,17.50,0.00),(921,181,1439,1.00,20.00,28.50,0.00,28.50,0.00),(922,181,1440,1.00,19.00,19.50,0.00,19.50,0.00),(923,181,1441,1.00,18.00,22.00,0.00,22.00,0.00),(924,181,1442,1.00,18.00,22.00,0.00,22.00,0.00),(925,181,833,1.00,4.64,5.80,0.00,5.80,0.00),(926,181,260,0.50,2.24,3.39,0.00,1.70,0.00),(927,181,1443,1.00,60.00,66.00,0.00,66.00,0.00),(928,181,333,2.50,3.43,7.80,0.00,19.50,0.00),(929,181,1007,4.00,2.49,3.70,0.00,14.80,0.00),(930,182,1444,1.00,9.00,9.20,0.00,9.20,0.00),(931,182,1445,1.00,14.00,15.40,0.00,15.40,0.00),(932,182,1446,1.00,17.00,19.50,0.00,19.50,0.00),(933,182,1447,2.35,1.40,3.50,0.00,8.23,0.00),(934,182,1448,2.00,13.94,14.58,0.00,29.16,0.00),(935,182,1449,3.00,17.00,18.63,0.00,55.89,0.00),(936,182,1450,1.00,14.00,14.00,0.00,14.00,0.00),(937,182,832,1.00,11.25,14.80,0.00,14.80,0.00),(938,182,1451,1.00,22.00,22.50,0.00,22.50,0.00),(939,182,1452,1.00,10.00,10.57,0.00,10.57,0.00),(940,182,1358,10.00,0.40,0.69,0.00,6.90,0.00),(941,183,1370,2.00,5.00,3.00,0.00,6.00,0.00),(942,184,1073,3.00,15.60,12.00,0.00,36.00,0.00),(943,184,1196,5.00,2.60,3.50,0.00,17.50,0.00),(944,184,1439,1.00,20.00,28.50,0.00,28.50,0.00),(945,184,1440,1.00,19.00,19.50,0.00,19.50,0.00),(946,184,1441,1.00,18.00,22.00,0.00,22.00,0.00),(947,184,1442,1.00,18.00,22.00,0.00,22.00,0.00),(948,184,833,1.00,4.64,5.80,0.00,5.80,0.00),(949,184,260,0.50,2.24,3.39,0.00,1.70,0.00),(950,184,1443,1.00,30.00,33.00,0.00,33.00,0.00),(951,184,333,2.50,3.43,7.80,0.00,19.50,0.00),(952,184,1012,4.00,2.31,3.70,0.00,14.80,0.00),(953,185,1444,1.00,9.00,9.20,0.00,9.20,0.00),(954,185,1445,1.00,7.00,7.70,0.00,7.70,0.00),(955,185,1446,1.00,17.00,19.50,0.00,19.50,0.00),(956,185,1447,2.35,1.40,3.50,0.00,8.23,0.00),(957,185,1448,2.00,13.94,14.58,0.00,29.16,0.00),(958,185,1449,3.00,17.00,18.63,0.00,55.89,0.00),(959,185,1450,1.00,14.00,14.00,0.00,14.00,0.00),(960,185,832,1.00,11.25,14.80,0.00,14.80,0.00),(961,185,1451,1.00,22.00,22.50,0.00,22.50,0.00),(962,185,1452,1.00,10.00,10.57,0.00,10.57,0.00),(963,185,1358,10.00,0.40,0.69,0.00,6.90,0.00),(964,186,1103,1.00,2.19,3.50,0.00,3.50,0.00),(965,186,33,1.00,2.88,4.60,0.00,4.60,0.00),(966,186,485,1.00,2.19,3.50,0.00,3.50,0.00),(967,187,26,110.00,5.00,8.00,176.00,880.00,0.00),(968,187,26,10.00,5.00,8.00,16.00,80.00,0.00),(969,188,26,110.00,5.00,8.00,176.00,880.00,0.00),(970,188,26,10.00,5.00,8.00,80.00,80.00,0.00),(971,189,1159,13.20,68.00,1.55,0.00,20.46,0.00),(972,189,1160,4.40,76.00,1.55,0.00,6.82,0.00),(973,189,405,8.80,1.37,1.72,0.00,15.14,0.00),(974,190,359,1.00,0.00,8.70,0.00,8.70,0.00),(975,191,1073,3.00,15.60,12.00,0.00,36.00,0.00),(976,191,1196,5.00,2.60,3.50,0.00,17.50,0.00),(977,191,1439,1.00,20.00,28.50,0.00,28.50,0.00),(978,191,1440,1.00,19.00,19.50,0.00,19.50,0.00),(979,191,1441,1.00,18.00,22.00,0.00,22.00,0.00),(980,191,1442,1.00,18.00,22.00,0.00,22.00,0.00),(981,191,833,1.00,4.64,5.80,0.00,5.80,0.00),(982,191,260,0.50,2.24,3.39,0.00,1.70,0.00),(983,191,1443,1.00,30.00,33.00,0.00,33.00,0.00),(984,191,333,2.50,3.43,7.80,0.00,19.50,0.00),(985,191,1012,4.00,2.31,3.70,0.00,14.80,0.00),(986,192,1444,1.00,9.00,9.20,0.00,9.20,0.00),(987,192,1445,1.00,7.00,7.70,0.00,7.70,0.00),(988,192,1446,1.00,17.00,19.50,0.00,19.50,0.00),(989,192,1447,2.35,1.40,3.50,0.00,8.23,0.00),(990,192,1448,2.00,13.94,14.58,0.00,29.16,0.00),(991,192,1449,3.00,17.00,18.63,0.00,55.89,0.00),(992,192,1450,1.00,14.00,14.00,0.00,14.00,0.00),(993,192,832,1.00,11.25,14.80,0.00,14.80,0.00),(994,192,1451,1.00,22.00,22.50,0.00,22.50,0.00),(995,192,1452,1.00,10.00,10.57,0.00,10.57,0.00),(996,192,1358,10.00,0.40,0.69,0.00,6.90,0.00),(997,193,1370,2.00,5.00,3.00,0.00,6.00,0.00),(998,194,1444,1.00,9.00,9.19,0.00,9.19,0.00),(999,194,1445,1.00,7.00,7.70,0.00,7.70,0.00),(1000,194,1446,1.00,17.00,19.50,0.00,19.50,0.00),(1001,194,1447,2.35,1.40,3.50,0.00,8.23,0.00),(1002,194,1448,2.00,13.94,14.58,0.00,29.16,0.00),(1003,194,1449,3.00,17.00,18.63,0.00,55.89,0.00),(1004,194,1450,1.00,14.00,14.00,0.00,14.00,0.00),(1005,194,832,1.00,11.25,14.80,0.00,14.80,0.00),(1006,194,1451,1.00,22.00,22.50,0.00,22.50,0.00),(1007,194,1452,1.00,10.00,10.57,0.00,10.57,0.00),(1008,194,1358,10.00,0.40,0.69,0.00,6.90,0.00),(1009,195,28,200.00,2.62,4.20,168.00,840.00,0.00),(1010,196,1458,24.00,10.25,10.25,0.00,246.00,0.00),(1011,196,1459,22.00,22.16,22.16,0.00,487.52,0.00),(1012,196,1460,22.00,18.50,18.50,0.00,407.00,0.00),(1013,196,1461,2.00,8.68,8.68,0.00,17.36,0.00),(1014,196,1462,22.00,7.85,7.85,0.00,172.70,0.00),(1015,196,1463,24.00,5.80,5.80,0.00,139.20,0.00),(1016,196,1464,24.00,9.76,9.76,0.00,234.24,0.00),(1017,196,1465,2.00,25.20,25.20,0.00,50.40,0.00),(1018,196,1466,22.00,14.73,14.73,0.00,324.06,0.00),(1019,196,1467,24.00,10.89,10.89,0.00,261.36,0.00),(1020,196,1468,24.00,5.36,5.36,0.00,128.64,0.00),(1021,197,1469,22.00,24.00,24.00,0.00,528.00,0.00),(1022,197,1383,22.00,8.00,6.30,0.00,138.60,0.00),(1023,197,1470,22.00,4.80,4.80,0.00,105.60,0.00),(1024,197,1471,2.00,9.70,9.70,0.00,19.40,0.00),(1025,197,1472,2.00,7.95,7.95,0.00,15.90,0.00),(1026,197,1473,2.00,11.85,11.85,0.00,23.70,0.00),(1027,197,1474,24.00,6.70,6.70,0.00,160.80,0.00),(1028,197,1475,1125.00,0.10,0.10,0.00,112.50,0.00),(1029,197,1476,500.00,0.12,0.12,0.00,60.00,0.00),(1030,197,1477,500.00,0.12,0.12,0.00,60.00,0.00),(1031,197,1478,3000.00,0.10,0.10,0.00,300.00,0.00),(1032,198,1479,6000.00,0.10,0.10,0.00,600.00,0.00),(1033,198,1480,3000.00,0.08,0.08,0.00,240.00,0.00),(1034,198,1481,500.00,0.33,0.33,0.00,165.00,0.00),(1035,198,1482,3000.00,0.10,0.10,0.00,300.00,0.00),(1036,198,1483,3000.00,0.08,0.08,0.00,240.00,0.00),(1037,198,1484,2250.00,0.16,0.18,0.00,405.00,0.00),(1038,198,1485,11050.00,0.16,0.18,0.00,1989.00,0.00),(1039,198,1486,11050.00,0.16,0.18,0.00,1989.00,0.00),(1040,198,1487,22.00,125.00,130.00,0.00,2860.00,0.00),(1041,198,1488,22.00,88.00,88.00,0.00,1936.00,0.00),(1042,198,664,22.00,80.00,65.00,0.00,1430.00,0.00),(1043,199,1489,2.00,95.00,95.00,0.00,190.00,0.00),(1044,199,1490,2.00,120.00,120.00,0.00,240.00,0.00),(1045,199,763,2.00,183.03,140.00,0.00,280.00,0.00),(1046,199,1491,2210.00,0.10,0.10,0.00,221.00,0.00),(1047,199,1492,17680.00,0.10,0.10,0.00,1768.00,0.00),(1048,199,1494,5095.00,0.10,0.10,0.00,509.50,0.00),(1049,199,1495,225.00,0.10,0.10,0.00,22.50,0.00),(1050,199,1496,225.00,0.10,0.10,0.00,22.50,0.00),(1051,199,1497,7305.00,4.10,4.90,0.00,35794.50,0.00),(1052,199,1498,9740.00,1.40,1.50,0.00,14610.00,0.00),(1053,199,1500,82.00,82.00,173.11,0.00,14195.02,1703.40),(1054,200,1489,2.00,95.00,95.00,0.00,190.00,0.00),(1055,200,1490,2.00,120.00,120.00,0.00,240.00,0.00),(1056,200,763,2.00,183.03,140.00,0.00,280.00,0.00),(1057,200,1491,2210.00,0.10,0.10,0.00,221.00,0.00),(1058,200,1493,17680.00,0.10,0.10,0.00,1768.00,0.00),(1059,200,1494,5095.00,0.10,0.10,0.00,509.50,0.00),(1060,200,1495,225.00,0.10,0.10,0.00,22.50,0.00),(1061,200,1496,225.00,0.10,0.10,0.00,22.50,0.00),(1062,200,1500,82.00,82.00,173.11,0.00,14195.02,1703.40),(1063,201,1497,7305.00,4.10,4.90,0.00,35794.50,0.00),(1064,201,1498,9740.00,1.40,1.50,0.00,14610.00,0.00),(1065,202,521,3.00,4.19,6.70,0.00,20.10,0.00),(1066,202,295,3.00,4.38,7.00,0.00,21.00,0.00),(1067,202,147,3.00,2.75,4.40,0.00,13.20,0.00),(1068,202,1300,1.00,6.68,8.35,0.00,8.35,0.00),(1069,203,53,12.00,3.81,6.10,14.64,73.20,0.00),(1070,203,123,20.00,1.56,2.50,10.00,50.00,0.00),(1071,203,39,30.00,0.71,1.20,7.20,36.00,0.00),(1072,203,41,20.00,1.35,2.30,9.20,46.00,0.00),(1073,203,1023,63.00,0.72,1.23,15.50,77.49,0.00),(1074,203,1023,7.00,0.72,1.40,1.96,9.80,0.00),(1075,203,637,12.00,2.19,3.50,8.40,42.00,0.00),(1076,204,53,60.00,3.81,6.10,73.20,366.00,0.00),(1077,204,53,10.00,3.81,6.10,61.00,61.00,0.00),(1078,204,33,60.00,2.88,4.60,55.20,276.00,0.00),(1079,204,33,10.00,2.88,4.60,46.00,46.00,0.00),(1080,204,58,10.00,4.94,7.90,15.80,79.00,0.00),(1081,204,58,5.00,4.94,7.90,39.50,39.50,0.00),(1082,204,125,25.00,3.94,6.30,31.50,157.50,0.00),(1083,204,125,3.00,3.94,6.30,18.90,18.90,0.00),(1084,205,1102,1.00,1.56,2.50,0.00,2.50,0.00),(1085,205,361,1.00,1.43,1.90,0.00,1.90,0.00),(1086,205,1013,1.00,0.61,0.98,0.00,0.98,0.00),(1087,205,291,1.00,3.96,4.50,0.00,4.50,0.00),(1088,205,36,1.00,1.44,2.30,0.00,2.30,0.00),(1089,205,601,3.00,0.00,1.63,0.00,4.89,0.00),(1090,205,318,3.00,0.00,2.10,0.00,6.30,0.00),(1091,205,722,5.00,0.00,0.88,0.00,4.40,0.00),(1092,205,141,1.00,1.00,1.60,0.00,1.60,0.00),(1093,205,1212,1.00,0.50,0.98,0.00,0.98,0.00),(1094,205,313,1.00,3.00,4.70,0.00,4.70,0.00),(1095,206,39,1.00,0.71,1.20,0.00,1.20,0.00),(1096,207,1159,13.20,68.00,1.80,0.00,23.76,0.00),(1097,207,1160,4.40,76.00,1.80,0.00,7.92,0.00),(1098,207,405,8.80,1.37,1.72,0.00,15.14,0.00),(1099,207,1274,2.00,3.00,3.75,0.00,7.50,0.00),(1100,208,1159,13.20,68.00,1.55,0.00,20.46,0.00),(1101,208,1160,4.40,76.00,1.55,0.00,6.82,0.00),(1102,208,405,8.80,1.37,1.72,0.00,15.14,0.00),(1103,208,1274,2.00,3.00,3.75,0.00,7.50,0.00),(1104,208,887,4.00,10.12,11.50,0.00,46.00,0.00),(1105,208,965,4.00,7.21,8.20,0.00,32.80,0.00),(1106,208,1251,1.00,26.56,33.20,0.00,33.20,0.00),(1107,209,295,1.00,4.38,7.00,0.00,7.00,0.00),(1108,209,123,1.00,1.56,2.50,0.00,2.50,0.00),(1109,209,1333,1.00,1.88,2.34,0.00,2.34,0.00),(1110,209,1018,1.00,0.78,1.40,0.00,1.40,0.00),(1111,209,556,1.00,41.00,49.00,0.00,49.00,0.00),(1112,209,551,22.00,0.27,0.34,0.00,7.48,0.00),(1113,209,1176,22.00,47.91,0.65,0.00,14.30,0.00),(1114,209,1227,11.00,22.00,0.70,0.00,7.70,0.00),(1115,210,96,50.00,2.88,4.60,46.00,230.00,0.00),(1116,211,46,130.00,1.35,2.30,59.80,299.00,0.00),(1117,211,51,130.00,1.44,2.30,59.80,299.00,0.00),(1118,212,1085,8.00,32.00,36.80,0.00,294.40,0.00),(1119,213,1383,10.00,8.00,8.50,0.00,85.00,0.00),(1120,213,1380,8.00,40.00,42.00,0.00,336.00,0.00),(1121,213,418,8.00,42.80,52.00,0.00,416.00,0.00),(1122,213,1117,8.00,14.54,19.63,0.00,157.04,0.00),(1123,213,1381,8.00,33.00,33.59,0.00,268.72,0.00),(1124,213,215,8.00,2526.00,32.50,0.00,260.00,0.00),(1125,213,71,8.00,2758.80,19.94,0.00,159.52,0.00),(1126,213,736,8.00,31.00,50.00,0.00,400.00,0.00),(1127,213,368,5.00,22.50,28.13,0.00,140.65,0.00),(1128,213,1309,5.00,1.00,1.50,0.00,7.50,0.00),(1129,213,1511,2.00,22.40,7.00,0.00,14.00,0.00),(1130,214,1473,3.00,11.85,14.00,0.00,42.00,0.00),(1131,214,982,9.00,0.00,1.50,0.00,13.50,0.00),(1132,214,925,8.00,7.20,9.00,0.00,72.00,0.00),(1133,214,1236,3.00,10.57,14.34,0.00,43.02,0.00),(1134,214,1465,3.00,25.20,7.00,0.00,21.00,0.00),(1135,214,688,150.00,3.50,6.50,0.00,975.00,0.00),(1136,214,1341,90.00,4.50,4.70,0.00,423.00,0.00),(1137,214,1400,35.00,36.00,39.00,0.00,1365.00,0.00),(1138,215,1159,13.20,68.00,1.55,0.00,20.46,0.00),(1139,215,1160,4.40,76.00,1.55,0.00,6.82,0.00),(1140,215,405,8.80,1.37,1.72,0.00,15.14,0.00),(1141,215,1283,1.00,7.20,9.00,0.00,9.00,0.00),(1142,215,1274,1.00,3.00,3.75,0.00,3.75,0.00),(1143,217,1085,8.00,32.00,36.80,0.00,294.40,0.00),(1144,217,1515,7.00,5.56,6.00,0.00,42.00,0.00),(1145,217,552,1.00,35.00,34.00,0.00,34.00,0.00),(1146,217,556,1.00,41.00,49.00,0.00,49.00,0.00),(1147,218,61,2.00,2.81,4.50,0.00,9.00,0.00),(1148,218,115,3.00,1.88,3.00,0.00,9.00,0.00),(1149,218,1013,3.00,0.61,0.98,0.00,2.94,0.00),(1150,218,898,3.00,1.92,2.90,0.00,8.70,0.00),(1151,218,1224,3.00,2.05,2.73,0.00,8.19,0.00),(1152,218,56,1.00,2.47,3.20,0.00,3.20,0.00),(1153,218,100,1.00,1.75,2.80,0.00,2.80,0.00),(1154,220,1023,48.00,0.72,1.40,13.44,67.20,0.00),(1155,220,123,15.00,1.56,2.50,7.50,37.50,0.00),(1156,220,1024,6.00,1.44,2.30,2.76,13.80,0.00),(1157,220,124,6.00,2.29,3.90,4.68,23.40,0.00),(1158,220,637,12.00,2.19,3.50,8.40,42.00,0.00),(1159,220,26,3.00,5.00,9.20,5.52,27.60,0.00),(1160,220,28,12.00,2.62,4.20,10.08,50.40,0.00),(1161,220,39,40.00,0.71,1.20,9.60,48.00,0.00),(1162,220,53,12.00,3.81,6.80,16.32,81.60,0.00),(1163,221,1286,5.00,7.00,7.95,1.99,39.75,0.00),(1164,222,637,100.00,2.19,3.50,70.00,350.00,0.00),(1165,222,637,10.00,2.19,3.50,35.00,35.00,0.00),(1166,222,520,8.00,2.19,3.50,5.60,28.00,0.00),(1167,222,28,9.00,2.62,4.20,7.56,37.80,0.00),(1168,222,90,7.00,1.88,3.00,4.20,21.00,0.00),(1169,223,581,50.00,2.88,4.60,46.00,230.00,0.00),(1170,224,56,150.00,2.47,3.20,96.00,480.00,0.00),(1171,224,56,4.00,2.47,3.20,12.80,12.80,0.00),(1172,224,41,50.00,1.35,2.30,23.00,115.00,0.00),(1173,224,41,1.00,1.35,2.30,2.30,2.30,0.00),(1174,224,54,150.00,1.09,1.75,52.50,262.50,0.00),(1175,224,54,4.00,1.09,1.75,7.00,7.00,0.00),(1176,224,39,100.00,0.71,1.20,24.00,120.00,0.00),(1177,224,39,3.00,0.71,1.20,3.60,3.60,0.00),(1178,224,123,126.00,1.56,2.50,63.00,315.00,0.00),(1179,224,123,3.00,1.56,2.50,7.50,7.50,0.00),(1180,225,95,100.00,1.76,3.00,60.00,300.00,0.00),(1181,225,95,3.00,1.76,3.00,9.00,9.00,0.00);
/*!40000 ALTER TABLE `factulinea` ENABLE KEYS */;
UNLOCK TABLES;

--
-- Table structure for table `factulineap`
--

DROP TABLE IF EXISTS `factulineap`;
/*!40101 SET @saved_cs_client     = @@character_set_client */;
/*!40101 SET character_set_client = utf8 */;
CREATE TABLE `factulineap` (
  `id_factulineap` int(11) NOT NULL AUTO_INCREMENT,
  `id_facturap` int(11) NOT NULL,
  `id_producto` int(11) NOT NULL,
  `cantidad` int(11) NOT NULL,
  `costo` float(16,4) NOT NULL,
  `dcto` float(16,2) NOT NULL,
  `subtotal` float(16,2) NOT NULL,
  `iva` float(16,2) NOT NULL,
  PRIMARY KEY (`id_factulineap`)
) ENGINE=InnoDB AUTO_INCREMENT=561 DEFAULT CHARSET=utf8 COLLATE=utf8_spanish_ci;
/*!40101 SET character_set_client = @saved_cs_client */;

--
-- Dumping data for table `factulineap`
--

LOCK TABLES `factulineap` WRITE;
/*!40000 ALTER TABLE `factulineap` DISABLE KEYS */;
INSERT INTO `factulineap` VALUES (1,1,296,20,7.5900,0.00,151.89,0.00),(2,1,276,2,25.0000,0.00,50.01,0.00),(3,2,70,12,2.4000,0.00,28.80,0.00),(4,2,1134,10,35.5000,0.00,355.00,0.00),(5,2,1135,5,42.0000,0.00,210.00,0.00),(6,2,550,2,29.0000,0.00,58.00,0.00),(7,2,563,5,34.5000,0.00,172.50,0.00),(8,3,1136,1,106.0700,0.00,106.07,12.73),(9,4,643,100,1.5600,0.00,156.00,0.00),(10,4,1137,22,4.3200,0.00,95.12,0.00),(11,4,1138,6,15.0000,0.00,90.00,0.00),(12,4,643,10,0.0000,0.00,0.00,0.00),(13,5,832,20,11.2500,0.00,224.96,0.00),(14,6,569,10,34.0000,0.00,340.00,0.00),(15,7,552,10,35.0000,0.00,350.00,0.00),(16,7,562,5,33.0000,0.00,165.00,0.00),(17,8,1143,40,0.7000,0.00,28.00,0.00),(18,8,1144,150,0.6200,0.00,93.00,0.00),(19,9,1145,3,16.0000,0.00,48.00,0.00),(20,9,1146,3,7.0000,0.00,21.00,0.00),(21,9,1147,3,2.5000,0.00,7.50,0.00),(22,10,1149,12,2.2400,0.00,26.88,0.00),(23,10,1148,1,120.0000,0.00,120.00,0.00),(24,13,688,40,3.5000,0.00,140.00,0.00),(25,13,1157,20,2.0000,0.00,40.00,0.00),(26,14,1158,1,33.0000,0.00,33.00,0.00),(27,15,820,1,17.5000,0.00,17.50,0.00),(28,16,1159,5,68.0000,0.00,340.00,0.00),(29,16,1160,5,76.0000,0.00,380.00,0.00),(30,17,567,3,28.0000,0.00,84.00,0.00),(31,17,1161,1,45.0000,0.00,45.00,0.00),(32,18,1162,1,56.0700,0.00,56.07,6.73),(33,19,653,2,11.7600,0.00,23.52,0.00),(34,20,512,14,3.3000,0.00,46.16,0.00),(35,21,1163,3,5.2000,0.00,15.60,0.00),(36,21,1164,1,13.2200,0.00,13.22,0.00),(37,22,952,16,2.5500,0.00,40.80,0.00),(38,22,951,8,1.9200,0.00,15.36,0.00),(39,22,900,60,1.0300,0.00,61.60,0.00),(40,22,898,16,1.9200,0.00,30.75,0.00),(41,23,276,2,25.0100,0.00,50.02,0.00),(42,23,296,20,7.7700,0.00,155.33,0.00),(48,24,344,6,4.0000,0.00,24.00,2.88),(49,24,349,1,46.4200,0.00,46.41,5.57),(50,24,345,2,42.8600,0.00,85.72,10.29),(51,24,1165,1,22.4000,0.00,22.40,2.69),(52,24,636,2,30.4000,0.00,60.80,7.30),(53,24,1166,2,5.4000,0.00,10.80,1.30),(54,25,71,7,3.0000,0.00,21.75,0.00),(55,25,373,3,17.6500,0.00,52.95,0.00),(56,25,415,1,10.7800,0.00,10.78,0.00),(57,25,1167,3,11.8000,0.00,35.40,0.00),(58,25,925,3,7.2000,0.00,21.60,0.00),(59,26,1169,6,1.7200,0.00,10.32,0.00),(60,26,1170,25,4.6200,0.00,115.60,0.00),(61,26,1171,6,3.7800,0.00,22.66,0.00),(62,26,246,5,51.0000,0.00,255.00,0.00),(63,27,987,5,6.8000,0.00,34.00,0.00),(64,27,466,14,3.6000,0.00,50.40,0.00),(65,27,467,108,1.0000,0.00,108.00,0.00),(66,27,502,13,0.6800,0.00,8.84,0.00),(67,28,71,3,7.2500,0.00,21.75,0.00),(68,28,373,3,17.6500,0.00,52.95,0.00),(69,28,415,1,10.7800,0.00,10.78,0.00),(70,28,1167,3,11.8000,0.00,35.40,0.00),(71,28,925,3,7.2000,0.00,21.60,0.00),(72,28,1168,1,7.6500,0.00,7.65,0.00),(73,28,1172,1,6.8000,0.00,6.80,0.00),(74,29,1162,1,16.0000,0.00,16.00,1.92),(75,30,246,7,52.7000,0.00,368.87,0.00),(76,31,404,2,75.0000,0.00,150.00,0.00),(77,32,637,200,2.1900,0.00,437.40,0.00),(78,32,1098,120,3.3800,0.00,405.00,0.00),(79,33,28,150,2.6200,0.00,393.75,0.00),(80,33,28,200,2.6200,0.00,525.00,0.00),(81,34,53,315,3.8100,0.00,1200.78,0.00),(82,34,58,45,4.9400,0.00,222.17,0.00),(83,34,34,240,0.7500,0.00,180.00,0.00),(84,34,51,60,1.4400,0.00,86.22,0.00),(85,34,1132,210,1.0000,0.00,210.00,0.00),(86,34,1099,100,2.1900,0.00,218.70,0.00),(87,34,637,100,2.1900,0.00,218.70,0.00),(88,34,650,50,3.9400,0.00,196.85,0.00),(89,35,33,200,2.8800,0.00,575.00,0.00),(90,35,38,200,2.8800,0.00,575.00,0.00),(91,35,41,250,1.4400,0.00,359.25,0.00),(92,35,46,210,1.4400,0.00,301.77,0.00),(93,35,1175,1,9.7500,0.00,9.75,0.00),(94,36,51,350,1.4400,0.00,502.95,0.00),(95,36,28,150,2.6200,0.00,393.75,0.00),(96,36,32,35,4.2500,0.00,148.75,0.00),(97,36,915,30,1.7500,0.00,52.50,0.00),(98,37,1099,150,2.1900,0.00,328.05,0.00),(99,37,1099,50,2.1900,0.00,109.35,0.00),(100,37,33,200,2.8800,0.00,575.00,0.00),(101,37,36,210,1.4400,0.00,301.77,0.00),(102,38,1176,5,54.7500,0.00,273.75,0.00),(103,39,43,120,2.8800,0.00,345.00,0.00),(104,39,41,40,1.4400,0.00,57.48,0.00),(105,39,46,100,1.4400,0.00,143.70,0.00),(106,39,26,24,5.0000,0.00,120.00,0.00),(107,40,1177,50,0.5200,0.00,26.00,0.00),(108,40,1178,5,0.0000,0.00,0.00,0.00),(109,40,1179,5,30.0000,0.00,150.00,0.00),(110,41,839,21,1.7000,0.00,35.70,4.28),(111,42,1180,6,6.2600,0.00,37.56,0.00),(112,42,1181,24,0.7000,0.00,16.80,0.00),(113,42,1182,1,0.2500,0.00,0.25,0.03),(114,42,1183,1,0.1500,0.00,0.15,0.02),(115,42,1184,17,4.0700,0.00,69.39,8.33),(116,42,1185,1,4.0700,0.00,4.07,0.49),(117,47,1180,6,6.2600,0.00,37.56,0.00),(118,47,1181,24,0.7000,0.00,16.80,0.00),(119,47,1182,24,0.2500,0.00,6.00,0.72),(120,47,1183,24,0.1500,0.00,3.64,0.44),(121,47,1184,17,4.0700,0.00,69.42,8.33),(122,47,1185,18,4.0700,0.00,74.71,8.97),(123,47,1186,4,4.3900,0.00,17.56,2.11),(124,48,1187,4,22.1300,0.00,88.52,0.00),(125,49,336,5,5.5700,0.00,27.85,0.00),(126,49,939,12,1.4400,0.00,17.28,0.00),(127,49,939,1,0.0000,0.00,0.00,0.00),(128,50,1199,24,4.2500,0.00,102.00,0.00),(129,50,1199,2,0.0000,0.00,0.00,0.00),(130,51,501,240,0.9100,0.00,218.88,0.00),(131,51,501,48,0.0000,0.00,0.00,0.00),(132,52,1162,1,56.0700,0.00,56.07,6.73),(133,53,1162,1,16.0000,0.00,16.00,1.92),(134,58,1162,1,56.0700,0.00,56.07,6.73),(135,59,700,700,0.0700,0.00,50.40,0.00),(136,59,651,7,8.7200,0.00,61.08,0.00),(137,59,1162,1,2.0000,0.00,2.00,0.00),(138,60,1063,8,6.7300,0.00,53.84,0.00),(139,60,795,6,2.2400,0.00,13.44,0.00),(140,60,928,16,4.5800,0.00,73.28,0.00),(141,60,931,4,17.2500,0.00,69.00,0.00),(142,62,468,200,3.5200,0.00,703.00,0.00),(143,63,349,1,46.4300,0.00,46.43,5.57),(144,63,345,1,42.8600,0.00,42.86,5.14),(145,64,831,275,1.1300,0.00,312.00,0.00),(146,65,970,3,6.4800,0.00,19.44,0.00),(147,65,504,7,1.9700,0.00,13.80,0.00),(148,65,214,7,4.1700,0.00,29.22,0.00),(149,65,1004,55,0.4200,0.00,23.00,0.00),(150,65,197,310,6.7700,0.00,2098.20,0.00),(151,65,1162,1,5.0000,0.00,5.00,0.00),(152,66,276,3,25.0000,0.00,75.01,0.00),(153,66,274,1,25.4000,0.00,25.40,0.00),(154,66,270,2,19.1100,0.00,38.21,0.00),(155,67,255,18,7.0700,0.00,127.26,0.00),(156,67,1201,18,8.2500,0.00,148.50,0.00),(157,67,934,18,1.8600,0.00,33.48,0.00),(158,67,1202,18,11.0200,0.00,198.36,0.00),(159,67,1203,9,1.3500,0.00,12.13,1.46),(160,67,1204,48,1.0200,0.00,48.86,5.86),(161,68,383,6,1.2000,0.00,7.20,0.00),(162,68,882,6,1.2000,0.00,7.20,0.00),(163,68,471,6,1.2000,0.00,7.20,0.00),(164,68,471,6,1.2000,0.00,7.20,0.00),(165,68,906,6,1.2000,0.00,7.20,0.00),(166,68,411,161,1.2000,0.00,193.50,0.00),(167,69,71,1,378.5000,0.00,378.50,0.00),(168,70,869,1,1383.4000,0.00,1383.40,0.00),(169,71,953,30,3.2700,0.00,98.16,11.78),(170,72,321,54,0.9300,0.00,50.20,6.02),(171,73,308,9,5.1100,0.00,46.03,5.51),(172,73,1205,3,142.8500,0.00,428.56,51.43),(173,73,1206,1,51.3100,0.00,51.31,6.16),(174,74,1207,12,2.9200,0.00,34.98,4.20),(175,74,1208,18,4.9300,0.00,88.69,10.64),(176,74,769,4,22.5000,0.00,90.00,10.80),(177,75,490,48,2.8700,0.00,137.99,0.00),(178,75,1210,3,5.2200,0.00,15.65,0.00),(179,75,1211,6,9.8400,0.00,59.06,0.00),(180,75,1169,6,1.7200,0.00,10.32,0.00),(181,75,290,24,1.5800,0.00,38.02,0.00),(182,75,291,24,3.6000,0.00,86.40,0.00),(183,76,1212,90,0.5000,0.00,45.00,0.00),(184,76,869,1,99.9000,0.00,99.90,0.00),(185,76,944,2,45.5000,0.00,91.00,0.00),(186,76,1213,2,88.0000,0.00,176.00,0.00),(187,76,946,2,73.0000,0.00,146.00,0.00),(188,77,1162,1,5.0000,0.00,5.00,0.60),(189,78,1214,14,2.7257,0.00,38.16,0.00),(190,78,1215,2,6.4800,0.00,12.96,0.00),(191,79,1216,20,1.6000,0.00,32.00,0.00),(192,79,1217,1,15.7300,0.00,15.73,0.00),(193,79,1218,6,8.0000,0.00,48.00,0.00),(194,80,1219,6,16.7365,0.00,100.42,0.00),(195,80,1220,30,7.2320,0.00,216.96,0.00),(196,81,1221,13,3.4324,0.00,44.62,0.00),(197,81,1222,12,7.2160,0.00,86.59,0.00),(198,82,1223,15,1.8800,0.00,28.20,0.00),(199,82,1224,10,2.1840,0.00,21.84,0.00),(200,83,1162,1,16.0000,0.00,16.00,1.92),(201,84,272,2,25.4100,0.00,50.82,0.00),(202,84,276,2,25.5950,0.00,51.19,0.00),(203,85,1023,1050,0.7200,0.00,756.00,0.00),(204,85,1025,100,2.3500,0.00,235.00,0.00),(205,86,41,120,1.3500,0.00,162.00,0.00),(206,86,51,60,1.3500,0.00,81.00,0.00),(207,86,43,200,2.7100,0.00,542.00,0.00),(208,86,46,120,1.3500,0.00,162.00,0.00),(209,86,58,40,4.6500,0.00,186.00,0.00),(210,86,1099,100,2.0600,0.00,206.00,0.00),(211,86,1023,420,0.7200,0.00,302.40,0.00),(212,86,95,100,1.7600,0.00,176.00,0.00),(213,86,87,50,2.0600,0.00,103.00,0.00),(214,86,56,200,2.4700,0.00,494.00,0.00),(215,87,425,2,19.3600,0.00,38.72,0.00),(216,87,194,6,19.3600,0.00,116.16,0.00),(217,87,1226,6,21.1200,0.00,126.72,0.00),(218,87,1227,6,22.0000,0.00,132.00,0.00),(219,87,1228,1,29.0400,0.00,29.04,0.00),(220,88,1176,8,47.9063,0.00,383.25,0.00),(221,89,1232,20,3.3000,0.00,66.00,0.00),(222,90,1233,1,26.0000,0.00,26.00,0.00),(223,90,1234,13,6.0000,0.00,78.00,0.00),(224,90,1230,1,13.1000,0.00,13.10,0.00),(225,90,366,2,24.9000,0.00,49.80,0.00),(226,90,368,1,22.5000,0.00,22.50,0.00),(227,90,1235,2,16.8500,0.00,33.70,0.00),(228,90,420,2,9.7000,0.00,19.40,0.00),(229,90,415,1,10.7800,0.00,10.78,0.00),(230,90,1236,1,10.5700,0.00,10.57,0.00),(231,90,734,2,20.9000,0.00,41.80,0.00),(232,90,824,2,8.5000,0.00,17.00,0.00),(233,90,1237,1,5.2000,0.00,5.20,0.00),(234,90,869,1,99.9000,0.00,99.90,0.00),(235,90,1168,2,7.6500,0.00,15.30,0.00),(236,90,1070,50,3.5600,0.00,178.00,0.00),(237,90,1238,2,11.8500,0.00,23.70,0.00),(238,91,1239,2,4.4000,0.00,8.80,0.00),(239,91,1240,2,6.3500,0.00,12.70,0.00),(240,94,1162,1,16.0000,0.00,16.00,1.92),(241,95,1242,6,11.8368,0.00,71.02,8.52),(242,95,1243,3,4.6480,0.00,13.94,1.67),(243,95,1244,3,4.8630,0.00,14.59,1.75),(244,95,1245,3,10.1782,0.00,30.53,3.66),(245,96,1250,15,3.4000,0.00,51.00,0.00),(246,96,1251,1,26.5500,0.00,26.55,0.00),(247,96,1252,4,4.1300,0.00,16.52,0.00),(248,97,307,3,6.7850,0.00,20.36,2.44),(249,97,1253,1,6.7850,0.00,6.79,0.81),(250,97,1254,1,3.5300,0.00,3.53,0.42),(251,97,990,1,3.4340,0.00,3.43,0.43),(252,97,1255,4,9.8560,0.00,39.42,4.73),(253,97,1256,3,1.7220,0.00,5.17,0.62),(254,97,1257,3,2.4100,0.00,7.23,0.87),(255,97,1258,3,3.0510,0.00,9.15,1.10),(256,97,430,3,2.0270,0.00,6.08,0.73),(257,97,431,3,1.3210,0.00,3.96,0.48),(258,97,1259,3,2.3170,0.00,6.95,0.83),(260,99,951,16,2.5500,0.00,40.80,0.00),(261,100,1027,1,82.5000,0.00,82.50,0.00),(262,101,276,2,25.0050,0.00,50.01,0.00),(263,102,636,1,30.4000,0.00,30.40,3.65),(264,102,1262,6,0.8200,0.00,4.92,0.59),(265,103,1267,182,2.2200,0.00,404.04,0.00),(266,103,1268,182,2.3800,0.00,433.16,0.00),(267,103,1162,1,7.1800,0.00,7.18,0.00),(268,104,1269,210,1.8050,0.00,379.05,0.00),(269,105,1270,14,2.4000,0.00,33.60,0.00),(270,105,1271,89,1.8400,0.00,163.76,0.00),(271,105,799,7,1.4100,0.00,9.87,0.00),(272,105,923,7,1.0900,0.00,7.63,0.00),(273,105,1162,1,3.0000,0.00,3.26,0.00),(274,106,1272,2,8.5000,0.00,17.00,0.00),(275,106,1273,180,0.8458,0.00,152.24,0.00),(276,107,1277,2,22.6700,0.00,45.34,5.44),(277,108,623,5000,0.0026,0.00,13.00,1.56),(278,108,1278,100,0.0432,0.00,4.32,0.52),(279,109,625,22500,0.0032,0.00,72.00,8.64),(280,110,869,2,99.9000,0.00,199.80,0.00),(281,110,946,2,73.0000,0.00,146.00,0.00),(282,111,255,13,7.4200,0.00,96.46,0.00),(283,112,1162,1,16.0000,0.00,16.00,1.92),(284,113,51,250,1.3500,0.00,337.50,0.00),(285,113,32,50,4.0000,0.00,200.00,0.00),(286,113,124,112,2.2900,0.00,256.48,0.00),(287,113,914,216,1.6500,0.00,356.40,0.00),(288,113,39,500,0.7100,0.00,355.00,0.00),(289,113,43,150,2.7100,0.00,406.50,0.00),(290,113,34,100,0.7100,0.00,71.00,0.00),(291,113,43,175,2.7100,0.00,474.25,0.00),(292,113,46,250,1.3500,0.00,337.50,0.00),(293,113,1279,6,15.8800,0.00,95.28,0.00),(294,113,103,12,4.7100,0.00,56.52,0.00),(295,113,1008,80,0.6500,0.00,52.00,0.00),(296,114,274,1,25.4000,0.00,25.40,0.00),(297,114,276,2,25.0050,0.00,50.01,0.00),(298,115,1266,18,33.6965,0.00,606.54,0.00),(299,119,1162,1,16.0000,0.00,16.00,1.92),(300,120,236,2,88.0000,0.00,176.00,0.00),(301,121,1117,10,15.7500,0.00,157.50,0.00),(302,122,1204,24,1.2110,0.00,29.06,3.49),(303,122,1253,2,5.8070,0.00,11.61,1.39),(304,123,1296,12,38.4000,0.00,460.80,0.00),(305,123,1283,12,7.2000,0.00,86.40,0.00),(306,124,1297,48,1.1760,0.00,56.45,0.00),(307,124,1298,48,2.1120,0.00,101.38,0.00),(308,124,643,100,1.6720,0.00,167.20,0.00),(309,124,1263,25,4.6240,0.00,115.60,0.00),(310,124,1170,25,4.6240,0.00,115.60,0.00),(311,124,1299,12,7.1040,0.00,85.25,0.00),(312,124,643,10,0.0000,0.00,0.00,0.00),(313,125,931,4,17.2480,0.00,68.99,0.00),(314,126,345,2,42.8600,0.00,85.72,10.29),(315,126,1247,1,31.0700,0.00,31.07,3.73),(316,127,1300,5,6.6800,0.00,33.40,0.00),(317,127,1285,1,31.8800,0.00,31.88,0.00),(318,127,1224,16,2.0475,0.00,32.76,0.00),(319,127,1223,16,1.7625,0.00,28.20,0.00),(320,127,1251,3,26.5600,0.00,79.68,0.00),(321,128,1252,3,4.0900,0.00,12.27,0.00),(322,128,1301,1,32.8800,0.00,32.88,0.00),(323,128,1276,2,15.9200,0.00,31.86,0.00),(324,128,1284,3,6.1700,0.00,18.51,0.00),(325,129,1302,2,14.9050,0.00,29.81,0.00),(326,129,1303,2,16.2200,0.00,32.44,0.00),(327,129,1162,1,0.1000,0.00,0.10,0.00),(328,130,1304,6,2.0100,0.00,12.06,1.45),(329,130,1162,1,89.9400,0.00,89.94,10.79),(330,130,1162,1,0.1500,0.00,0.15,0.00),(331,131,1284,3,6.1600,0.00,18.48,0.00),(332,131,1305,3,5.4000,0.00,16.20,0.00),(333,131,1280,6,11.8800,0.00,71.28,0.00),(334,131,1285,1,31.8800,0.00,31.93,0.00),(335,132,1252,48,3.8400,0.00,184.32,0.00),(336,132,1274,48,2.8125,0.00,135.00,0.00),(337,132,1275,48,12.8925,0.00,618.84,0.00),(338,132,1276,48,14.2350,0.00,683.28,0.00),(339,133,1135,18,42.5000,0.00,765.00,0.00),(340,133,1085,58,32.0000,0.00,1856.00,0.00),(341,134,1306,2,28.7150,0.00,57.43,0.00),(342,134,1307,4,22.7900,0.00,91.16,0.00),(343,135,938,30,0.7493,0.00,22.48,0.00),(344,136,1308,20,0.9600,0.00,19.20,0.00),(345,136,436,20,2.9200,0.00,58.40,0.00),(346,136,435,7,0.9000,0.00,6.30,0.00),(347,137,71,4,7.2500,0.00,29.00,0.00),(348,137,192,4,227.0000,0.00,908.00,0.00),(349,137,1233,3,26.0000,0.00,78.00,0.00),(350,137,1309,6,1.0000,0.00,6.00,0.00),(351,137,869,5,99.9000,0.00,499.50,0.00),(352,137,1310,6,11.5000,0.00,69.00,0.00),(353,137,946,5,73.0000,0.00,365.00,0.00),(354,137,1070,4,178.0000,0.00,712.00,0.00),(355,137,1117,13,14.5390,0.00,189.01,0.00),(356,138,516,56,1.1700,0.00,65.52,0.00),(357,138,974,7,2.6100,0.00,18.27,0.00),(358,138,1311,3,8.0000,0.00,24.00,0.00),(359,138,602,18,1.3860,0.00,24.95,0.00),(360,138,1162,1,2.7400,0.00,2.74,0.00),(361,139,1312,50,0.4900,0.00,24.50,0.00),(362,139,1313,1,7.2000,0.00,7.20,0.00),(363,139,1314,2,3.7100,0.00,7.42,0.00),(364,139,1315,2,1.5000,0.00,3.00,0.00),(365,139,1162,1,2.0000,0.00,2.00,0.00),(366,140,1316,550,0.0909,0.00,49.99,0.00),(367,140,1317,660,0.0909,0.00,59.99,0.00),(368,140,487,18,5.3800,0.00,96.84,0.00),(369,140,1318,15,36.5000,0.00,547.50,0.00),(370,140,550,2,31.5000,0.00,63.00,0.00),(371,140,837,495,0.2500,0.00,123.75,0.00),(372,140,1319,4,30.5000,0.00,122.00,0.00),(373,140,1320,10,34.7500,0.00,347.50,0.00),(374,140,1027,11,75.0000,0.00,825.00,0.00),(375,140,1029,3,9.5000,0.00,28.50,0.00),(376,140,1031,2,16.5000,0.00,33.00,0.00),(377,141,1162,1,192.4445,0.00,192.44,23.09),(378,141,1162,1,0.2900,0.00,0.29,0.00),(379,142,636,1,30.4000,0.00,30.40,3.65),(380,143,1321,3,466.5200,0.00,1399.56,167.95),(381,144,1322,10,3.1000,0.00,31.00,0.00),(382,144,1323,10,2.0000,0.00,20.00,0.00),(383,144,1324,6,2.9600,0.00,17.76,0.00),(384,145,1285,1,31.8800,0.00,31.88,0.00),(385,146,1162,1,70.5300,0.00,70.53,8.46),(386,147,1325,6,8.1800,0.00,49.08,0.00),(387,147,1326,1,11.4400,0.00,11.44,0.00),(388,147,1327,8,10.5600,0.00,84.48,0.00),(389,147,1328,17,6.6000,0.00,112.20,0.00),(390,147,740,4,12.3200,0.00,49.28,0.00),(391,147,1329,3,25.5200,0.00,76.56,0.00),(392,147,194,6,19.3600,0.00,116.16,0.00),(393,149,196,88,1.0091,0.00,88.80,0.00),(394,149,540,14,2.7429,0.00,38.40,0.00),(395,149,1162,1,2.5000,0.00,2.50,0.00),(396,150,1162,1,16.0000,0.00,16.00,1.92),(397,151,1331,1,60.0000,0.00,60.00,0.00),(398,151,422,10,11.6900,0.00,116.90,0.00),(399,152,1330,1,35.2000,0.00,35.20,0.00),(400,152,200,7,2.4000,0.00,16.80,0.00),(401,152,920,7,2.7400,0.00,19.18,0.00),(402,152,536,3,9.6000,0.00,28.80,0.00),(403,152,537,3,6.4000,0.00,19.20,0.00),(404,152,1162,1,2.5200,0.00,2.52,0.00),(405,153,1162,1,51.0000,0.00,51.00,0.00),(406,154,1145,10,15.0000,0.00,150.00,0.00),(407,155,1333,48,1.8800,0.00,90.24,0.00),(408,155,1171,24,3.7800,0.00,90.72,0.00),(409,155,1334,8,6.9600,0.00,55.68,0.00),(410,155,291,24,3.9600,0.00,95.04,0.00),(411,155,258,6,1.3600,0.00,8.16,0.00),(412,155,1335,8,5.2700,0.00,42.16,0.00),(413,155,1336,12,6.5600,0.00,78.72,0.00),(414,155,246,2,57.6000,0.00,115.20,0.00),(415,156,1114,2,9.5000,0.00,19.00,0.00),(416,157,1337,2190,0.6000,0.00,1314.00,157.68),(417,158,1337,2190,0.6000,0.00,1314.00,157.68),(418,159,1274,6,3.0000,0.00,18.00,0.00),(419,159,1284,2,6.1700,0.00,12.34,0.00),(420,160,1338,5,6.3600,0.00,31.80,0.00),(421,160,1339,5,5.3400,0.00,26.70,0.00),(422,160,1340,3,8.4100,0.00,25.23,0.00),(423,160,1341,20,4.5000,0.00,90.00,0.00),(424,160,1342,2,6.8400,0.00,13.68,0.00),(425,161,1343,4,8.4100,0.00,33.64,0.00),(426,161,1344,4,10.6200,0.00,42.48,0.00),(427,161,1345,18,6.3700,0.00,114.66,0.00),(428,161,1346,2,74.8000,0.00,149.60,0.00),(429,161,1347,1,69.7000,0.00,69.70,0.00),(430,162,1277,2,22.6700,0.00,45.34,5.44),(431,163,4,4,10.0000,0.00,47.60,0.00),(432,163,1317,550,0.0910,0.00,50.05,0.00),(433,163,361,48,1.4250,0.00,68.40,0.00),(434,163,1348,10,3.9500,0.00,39.50,0.00),(435,164,567,3,30.0000,0.00,90.00,0.00),(436,164,1319,4,30.5000,0.00,122.00,0.00),(437,165,1349,3,12.6000,0.00,37.80,0.00),(438,165,698,2,13.6000,0.00,27.20,0.00),(439,165,846,6,1.3600,0.00,8.16,0.00),(440,165,1350,2,15.8400,0.00,31.68,0.00),(441,165,1351,2,4.8000,0.00,9.60,0.00),(442,166,820,2,19.5000,0.00,39.00,0.00),(443,166,819,1,19.5000,0.00,19.50,0.00),(444,167,1352,18,32.8000,0.00,590.40,0.00),(445,168,1353,140,3.0000,0.00,420.00,0.00),(446,169,1354,3,12.0900,0.00,36.27,0.00),(447,169,274,2,26.0900,0.00,52.18,0.00),(448,169,276,2,25.7000,0.00,51.40,0.00),(449,170,1328,5,6.7500,0.00,33.75,0.00),(450,171,1411,10,3.1500,0.00,31.50,0.00),(451,172,1384,6,23.8500,0.00,143.10,0.00),(452,175,1218,12,8.0000,0.00,96.00,0.00),(453,176,1371,11,20.8245,0.00,229.07,0.00),(454,177,740,10,12.3200,0.00,123.20,0.00),(455,178,51,250,1.4400,0.00,360.00,0.00),(456,178,58,35,4.9400,0.00,172.90,0.00),(457,178,32,50,4.2500,0.00,212.50,0.00),(458,178,125,50,3.9400,0.00,197.00,0.00),(459,178,1098,120,3.2500,0.00,390.00,0.00),(460,178,1008,100,0.6900,0.00,69.00,0.00),(461,178,581,250,2.8800,0.00,720.00,0.00),(462,178,1013,420,0.6100,0.00,256.20,0.00),(463,178,1099,100,2.0600,0.00,206.00,0.00),(464,178,53,105,3.8100,0.00,400.05,0.00),(465,179,1396,3,132.7500,0.00,398.25,0.00),(466,180,839,35,1.6900,0.00,59.15,7.10),(467,181,1427,6,6.6950,0.00,40.17,4.82),(468,181,1428,6,2.2250,0.00,13.35,1.60),(469,181,1429,6,2.4100,0.00,14.46,1.74),(470,181,474,3,5.3700,0.00,16.11,1.93),(471,181,1430,1,30.7853,0.00,30.79,3.69),(472,181,1431,10,1.3100,0.00,13.10,1.57),(473,181,1162,1,3.4619,0.00,3.46,0.42),(474,181,1162,1,0.1900,0.00,0.09,0.00),(475,182,1162,1,5.6000,0.00,5.60,0.00),(476,183,1416,10,45.2000,0.00,452.00,0.00),(477,184,968,10,12.5000,0.00,125.00,0.00),(478,185,1411,1,2.0000,0.00,2.00,0.00),(479,186,1432,250,0.3220,0.00,80.50,9.66),(480,186,1433,200,0.3680,0.00,73.60,8.83),(481,187,1162,1,3.6000,0.00,3.60,0.00),(482,188,1453,2,2.1870,0.00,4.37,0.52),(483,188,1454,2,1.9430,0.00,3.89,0.47),(484,188,321,24,0.8840,0.00,21.22,2.55),(485,188,1455,6,13.0110,0.00,78.07,9.37),(486,188,1456,3,9.6700,0.00,29.01,3.48),(487,188,655,36,2.1320,0.00,76.75,9.21),(488,188,1457,4,4.9690,0.00,19.88,2.39),(489,98,1260,6,0.9300,0.00,5.58,0.67),(490,189,1501,1,20.0000,0.00,20.00,0.00),(491,190,1156,2,11.1977,0.00,22.40,2.69),(492,190,1502,6,3.6421,0.00,21.85,2.62),(493,190,1503,6,4.2558,0.00,25.53,3.06),(494,191,1426,33,5.0273,0.00,165.90,0.00),(495,192,1504,100,0.6400,0.00,64.00,0.00),(496,193,1505,120,1.6570,0.00,198.84,23.86),(497,193,256,120,6.5680,0.00,788.16,0.00),(498,193,321,70,0.8840,0.00,61.88,7.43),(499,194,321,50,0.8840,0.00,44.20,5.30),(500,195,349,1,46.4300,0.00,46.43,5.57),(501,195,345,2,42.8600,0.00,85.72,10.29),(502,195,1247,1,31.0600,0.00,31.06,3.73),(503,196,1506,1,44.0000,0.00,44.00,0.00),(504,197,1507,125,4.4165,0.00,552.06,66.25),(505,198,832,6,11.8400,0.00,71.04,0.00),(506,199,1508,6,102.2153,0.00,613.29,73.59),(507,199,953,50,3.4244,0.00,171.22,20.55),(508,200,1355,3,1335.0000,0.00,4005.00,0.00),(509,201,998,100,1.5200,0.00,152.00,0.00),(510,202,404,2,74.0000,0.00,148.00,0.00),(511,202,563,2,37.0000,0.00,74.00,0.00),(512,203,1208,120,4.8251,0.00,579.01,69.48),(513,203,1501,1,0.8400,0.00,0.84,0.00),(514,204,833,4,4.7500,0.00,19.00,0.00),(515,204,898,16,1.9219,0.00,30.75,0.00),(516,205,276,2,25.7000,0.00,51.40,0.00),(517,205,272,1,25.6000,0.00,25.57,0.00),(518,205,1509,5,5.0900,0.00,25.45,0.00),(519,205,500,6,4.4100,0.00,26.46,0.00),(520,206,1162,1,16.0000,0.00,16.00,1.92),(521,207,1162,1,891.9600,0.00,891.96,107.04),(522,208,71,1,2758.8000,0.00,2758.80,0.00),(523,209,215,1,2526.0000,0.00,2526.00,0.00),(524,210,1510,456,2.3000,0.00,1048.80,125.86),(525,211,1501,1,12.0000,0.00,12.00,0.00),(526,215,1513,456,2.3000,0.00,1048.80,125.86),(527,216,1514,13,26.7754,0.00,348.08,0.00),(528,217,1515,7,4.9100,0.00,34.37,0.00),(529,220,719,125,4.3727,0.00,546.59,65.59),(530,221,1085,1,31.6000,0.00,31.60,0.00),(531,221,1516,1,4.9100,0.00,4.91,0.00),(532,222,1501,1,20.0000,0.00,20.00,0.00),(533,223,1517,36,26.0000,0.00,936.00,0.00),(534,224,1501,1,14.0000,0.00,14.00,0.00),(535,225,256,120,6.2800,0.00,753.60,0.00),(536,225,1507,125,4.3700,0.00,546.25,65.55),(537,225,1518,1,13.0000,0.00,13.00,1.56),(538,226,820,12,17.5000,0.00,210.00,0.00),(539,226,819,2,17.5000,0.00,35.00,0.00),(540,227,1133,2,1222.7153,0.00,3521.42,0.00),(541,228,1274,16,3.0938,0.00,49.50,0.00),(542,228,1250,32,3.5145,0.00,112.46,0.00),(543,228,1519,6,15.9368,0.00,95.62,0.00),(544,228,1284,4,6.7848,0.00,27.14,0.00),(545,228,1252,6,4.5056,0.00,27.03,0.00),(546,229,1520,2,7.8400,0.00,15.68,0.00),(547,230,1521,330,0.2700,0.00,89.10,10.69),(548,231,1208,120,4.8251,0.00,579.01,69.48),(549,231,1501,1,0.8400,0.00,0.84,0.00),(550,232,1508,6,102.2153,0.00,613.29,73.59),(551,232,953,50,3.4244,0.00,171.22,20.55),(552,233,1522,6,1.0000,0.00,6.00,0.00),(553,233,415,12,10.7800,0.00,129.36,0.00),(554,233,415,1,0.0000,0.00,0.00,0.00),(555,233,1523,13,8.2600,0.00,107.38,0.00),(556,234,321,120,0.8800,0.00,105.60,12.67),(557,234,935,120,1.6600,0.00,199.20,23.90),(558,235,349,1,46.4300,0.00,46.43,5.57),(559,235,636,1,30.4000,0.00,30.40,3.65),(560,236,1162,1,975.0000,0.00,975.00,117.00);
/*!40000 ALTER TABLE `factulineap` ENABLE KEYS */;
UNLOCK TABLES;

--
-- Table structure for table `factulineap_consig`
--

DROP TABLE IF EXISTS `factulineap_consig`;
/*!40101 SET @saved_cs_client     = @@character_set_client */;
/*!40101 SET character_set_client = utf8 */;
CREATE TABLE `factulineap_consig` (
  `id_factulineap` int(11) NOT NULL AUTO_INCREMENT,
  `id_facturap` int(11) NOT NULL,
  `id_producto` int(11) NOT NULL,
  `cantidad` int(11) NOT NULL,
  `costo` float(16,4) NOT NULL,
  `dcto` float(16,4) NOT NULL,
  `subtotal` float(16,4) NOT NULL,
  `iva` float(16,4) NOT NULL,
  PRIMARY KEY (`id_factulineap`)
) ENGINE=InnoDB AUTO_INCREMENT=4 DEFAULT CHARSET=utf8 COLLATE=utf8_spanish_ci;
/*!40101 SET character_set_client = @saved_cs_client */;

--
-- Dumping data for table `factulineap_consig`
--

LOCK TABLES `factulineap_consig` WRITE;
/*!40000 ALTER TABLE `factulineap_consig` DISABLE KEYS */;
INSERT INTO `factulineap_consig` VALUES (1,1,1237,4,2.0000,0.0000,8.0000,0.9600),(2,2,1237,20,3.0000,0.0000,60.0000,7.2000),(3,3,1237,10,3.0000,0.0000,30.0000,3.6000);
/*!40000 ALTER TABLE `factulineap_consig` ENABLE KEYS */;
UNLOCK TABLES;

--
-- Table structure for table `factulineaptmp`
--

DROP TABLE IF EXISTS `factulineaptmp`;
/*!40101 SET @saved_cs_client     = @@character_set_client */;
/*!40101 SET character_set_client = utf8 */;
CREATE TABLE `factulineaptmp` (
  `codfactura` int(11) NOT NULL,
  `numlinea` int(4) NOT NULL AUTO_INCREMENT,
  `id_articulo` int(11) NOT NULL,
  `cantidad` int(11) NOT NULL,
  `costo` float(16,4) NOT NULL,
  `importe` float(16,2) NOT NULL,
  `dcto` float(16,2) NOT NULL,
  `iva` float(16,2) NOT NULL,
  PRIMARY KEY (`codfactura`,`numlinea`)
) ENGINE=MyISAM DEFAULT CHARSET=utf8 COMMENT='Temporal de linea de facturas a clientes';
/*!40101 SET character_set_client = @saved_cs_client */;

--
-- Dumping data for table `factulineaptmp`
--

LOCK TABLES `factulineaptmp` WRITE;
/*!40000 ALTER TABLE `factulineaptmp` DISABLE KEYS */;
INSERT INTO `factulineaptmp` VALUES (183,1,1522,6,1.0000,6.00,0.00,0.00),(118,9,1099,100,2.0600,206.00,0.00,0.00),(118,8,1013,420,0.6100,256.20,0.00,0.00),(118,7,581,250,2.8800,720.00,0.00,0.00),(118,6,1008,100,0.6900,69.00,0.00,0.00),(118,5,1098,120,3.2500,390.00,0.00,0.00),(17,1,1233,1,26.0000,26.00,0.00,0.00),(118,1,51,250,1.4400,360.00,0.00,0.00),(118,3,61,50,4.2500,212.50,0.00,0.00),(118,4,125,50,3.9400,197.00,0.00,0.00),(22,1,1162,1,0.1900,0.19,0.00,0.00),(85,1,1330,1,35.2000,35.20,0.00,0.00),(118,2,58,35,4.9400,172.90,0.00,0.00),(114,1,1328,5,6.7500,33.75,0.00,0.00),(153,1,71,31,6.7823,210.25,0.00,0.00),(188,1,1288,90,29.4179,2647.61,0.00,317.71),(133,1,1156,2,11.2000,22.40,0.00,2.69);
/*!40000 ALTER TABLE `factulineaptmp` ENABLE KEYS */;
UNLOCK TABLES;

--
-- Table structure for table `factulineaptmp_consig`
--

DROP TABLE IF EXISTS `factulineaptmp_consig`;
/*!40101 SET @saved_cs_client     = @@character_set_client */;
/*!40101 SET character_set_client = utf8 */;
CREATE TABLE `factulineaptmp_consig` (
  `codfactura` int(11) NOT NULL,
  `numlinea` int(4) NOT NULL AUTO_INCREMENT,
  `id_articulo` int(11) NOT NULL,
  `cantidad` int(11) NOT NULL,
  `costo` float(16,4) NOT NULL,
  `importe` float(16,4) NOT NULL,
  `dcto` float(16,4) NOT NULL,
  `iva` float(16,4) NOT NULL,
  PRIMARY KEY (`codfactura`,`numlinea`)
) ENGINE=MyISAM DEFAULT CHARSET=utf8 COMMENT='Temporal de linea de facturas a clientes';
/*!40101 SET character_set_client = @saved_cs_client */;

--
-- Dumping data for table `factulineaptmp_consig`
--

LOCK TABLES `factulineaptmp_consig` WRITE;
/*!40000 ALTER TABLE `factulineaptmp_consig` DISABLE KEYS */;
/*!40000 ALTER TABLE `factulineaptmp_consig` ENABLE KEYS */;
UNLOCK TABLES;

--
-- Table structure for table `factulineatmp`
--

DROP TABLE IF EXISTS `factulineatmp`;
/*!40101 SET @saved_cs_client     = @@character_set_client */;
/*!40101 SET character_set_client = utf8 */;
CREATE TABLE `factulineatmp` (
  `codfactura` int(11) NOT NULL,
  `numlinea` int(4) NOT NULL AUTO_INCREMENT,
  `id_articulo` int(11) NOT NULL,
  `cantidad` int(11) NOT NULL,
  `costo` float(16,2) NOT NULL,
  `precio` float(16,2) NOT NULL,
  `importe` float(16,2) NOT NULL,
  `dcto` float(16,2) NOT NULL,
  `iva` float(16,2) NOT NULL,
  PRIMARY KEY (`codfactura`,`numlinea`)
) ENGINE=MyISAM DEFAULT CHARSET=utf8 COMMENT='Temporal de linea de facturas a clientes';
/*!40101 SET character_set_client = @saved_cs_client */;

--
-- Dumping data for table `factulineatmp`
--

LOCK TABLES `factulineatmp` WRITE;
/*!40000 ALTER TABLE `factulineatmp` DISABLE KEYS */;
/*!40000 ALTER TABLE `factulineatmp` ENABLE KEYS */;
UNLOCK TABLES;

--
-- Table structure for table `facturas`
--

DROP TABLE IF EXISTS `facturas`;
/*!40101 SET @saved_cs_client     = @@character_set_client */;
/*!40101 SET character_set_client = utf8 */;
CREATE TABLE `facturas` (
  `id_factura` int(11) NOT NULL AUTO_INCREMENT,
  `id_cliente` int(11) NOT NULL,
  `codigo_factura` int(11) NOT NULL,
  `serie1` varchar(3) COLLATE utf8_unicode_ci NOT NULL,
  `serie2` varchar(3) COLLATE utf8_unicode_ci NOT NULL,
  `autorizacion` varchar(14) COLLATE utf8_unicode_ci NOT NULL,
  `fecha` date NOT NULL,
  `descuento` float(16,2) NOT NULL,
  `iva0` float(16,2) NOT NULL,
  `iva12` float(16,2) NOT NULL,
  `iva` float(16,2) NOT NULL,
  `flete` float(16,2) NOT NULL,
  `totalfactura` float(16,2) NOT NULL,
  `credito` tinyint(1) NOT NULL,
  `plazo` tinyint(4) NOT NULL,
  `anulado` int(1) NOT NULL DEFAULT '0',
  `estado` int(1) NOT NULL DEFAULT '0',
  `remision` int(1) NOT NULL,
  PRIMARY KEY (`id_factura`),
  UNIQUE KEY `codigo_factura` (`codigo_factura`)
) ENGINE=InnoDB AUTO_INCREMENT=226 DEFAULT CHARSET=utf8 COLLATE=utf8_unicode_ci;
/*!40101 SET character_set_client = @saved_cs_client */;

--
-- Dumping data for table `facturas`
--

LOCK TABLES `facturas` WRITE;
/*!40000 ALTER TABLE `facturas` DISABLE KEYS */;
INSERT INTO `facturas` VALUES (1,3,1836,'002','001','1110091487','2011-10-24',0.00,9.85,0.00,0.00,0.00,9.85,0,0,0,1,0),(2,5,1840,'002','001','1110091487','2011-10-27',0.00,3.00,0.00,0.00,0.00,3.00,1,1,0,1,0),(3,4,1841,'002','001','1110091487','2011-10-27',0.00,150.58,0.00,0.00,0.00,150.58,1,1,0,0,0),(4,4,1842,'002','001','1110091487','2011-10-27',0.00,48.93,0.00,0.00,0.00,48.93,1,1,0,0,0),(5,6,1843,'002','001','1110091487','2011-11-07',106.11,424.44,0.00,0.00,0.00,424.44,1,1,0,0,0),(6,7,1869,'002','001','1110091487','2011-11-08',6.60,26.40,0.00,0.00,0.00,26.40,1,1,1,0,0),(7,7,1870,'002','001','1110091487','2011-11-08',6.60,26.40,0.00,0.00,2.50,28.90,1,1,0,0,0),(8,8,1871,'002','001','1110091487','2011-11-09',37.44,149.76,0.00,0.00,3.50,153.26,1,1,0,0,0),(9,8,1872,'002','001','1110091487','2011-11-09',0.00,0.00,74.07,8.88,0.00,82.95,1,1,0,0,0),(10,9,1873,'002','001','1110091487','2011-11-10',184.28,1003.52,0.00,0.00,0.00,1003.52,0,0,0,0,0),(11,10,1874,'002','001','1110091487','2011-11-11',90.10,360.40,0.00,0.00,0.00,360.40,1,1,0,0,0),(12,10,1875,'002','001','1110091487','2011-11-11',2.76,11.04,0.00,0.00,10.50,21.54,1,1,0,0,0),(13,11,1876,'002','001','1110091487','2011-11-13',38.84,139.60,15.75,1.89,0.00,157.24,1,1,1,0,0),(14,11,1877,'002','001','1110091487','2011-11-14',38.84,139.60,15.75,1.89,0.00,157.24,1,1,0,0,0),(15,12,1878,'002','001','1110091487','2011-11-14',36.80,147.20,0.00,0.00,0.00,147.20,1,1,0,0,0),(16,13,1879,'002','001','1110091487','2011-11-16',0.00,952.50,0.00,0.00,0.00,952.50,0,0,0,0,0),(17,10,1880,'002','001','1110091487','2011-11-18',44.72,178.88,0.00,0.00,3.50,182.38,1,1,0,0,0),(18,13,1881,'002','001','1110091487','2011-11-18',0.00,0.00,65.00,7.80,0.00,72.80,1,1,0,0,0),(19,15,1882,'002','001','1110091487','2011-11-18',7.63,63.67,76.89,9.23,0.00,149.79,1,1,0,0,0),(20,2,1883,'002','001','1110091487','2011-11-21',0.00,602.28,0.00,0.00,0.00,602.28,1,1,1,0,0),(21,2,1884,'002','001','1110091487','2011-11-21',0.00,340.01,0.00,0.00,0.00,340.01,1,1,1,0,0),(22,2,1885,'002','001','1110091487','2011-11-21',0.00,1426.02,0.00,0.00,0.00,1426.02,0,0,0,0,0),(23,2,1886,'002','001','1110091487','2011-11-21',0.00,250.01,0.00,0.00,0.00,250.01,0,0,0,0,0),(24,2,1887,'002','001','1110091487','2011-11-21',0.00,602.38,0.00,0.00,0.00,602.38,0,0,0,0,0),(25,2,1888,'002','001','1110091487','2011-11-21',0.00,180.00,0.00,0.00,0.00,180.00,0,0,0,0,0),(26,16,1889,'002','001','1110091487','2011-11-23',0.00,91.24,18.00,2.16,0.00,111.40,0,0,0,0,0),(27,13,1890,'002','001','1110091487','2011-11-23',0.00,3035.00,0.00,0.00,0.00,3035.00,0,0,0,0,0),(28,17,1891,'002','001','1110091487','2011-11-28',180.20,720.80,0.00,0.00,0.00,720.80,1,1,0,0,0),(29,17,1892,'002','001','1110091487','2011-11-28',0.00,300.00,0.00,0.00,0.00,300.00,1,1,0,0,0),(30,17,1893,'002','001','1110091487','2011-11-28',60.00,240.00,0.00,0.00,0.00,240.00,1,1,0,0,0),(31,10,1894,'002','001','1110091487','2011-12-02',57.86,231.44,0.00,0.00,7.00,238.44,1,1,1,0,0),(32,10,1895,'002','001','1110091487','2011-12-01',54.74,218.96,0.00,0.00,7.00,225.96,1,1,0,0,0),(33,18,1896,'002','001','1110091487','2011-12-20',99.20,396.80,0.00,0.00,0.00,396.80,1,1,0,0,0),(34,2,1897,'002','001','1110091487','2011-12-21',0.00,0.00,0.00,0.00,0.00,0.00,0,0,0,0,1),(35,12,1898,'002','001','1110091487','2011-12-21',209.10,557.60,0.00,0.00,0.00,557.60,1,1,0,0,1),(36,5,1899,'002','001','1110091487','2011-12-22',0.17,8.08,0.00,0.00,0.00,8.08,0,0,0,0,0),(37,5,1900,'002','001','1110091487','2011-12-22',0.00,8.25,0.00,0.00,0.00,8.25,0,0,0,0,0),(38,10,1980,'002','001','1110218055','2011-12-23',51.30,205.20,0.00,0.00,7.00,212.20,1,1,0,0,1),(39,19,1981,'002','001','1110218055','2011-12-26',163.50,730.00,0.00,0.00,0.00,730.00,1,1,0,0,0),(40,21,1982,'002','001','1110218055','2011-12-28',39.94,159.76,0.00,0.00,0.00,159.76,1,1,0,0,1),(41,22,1983,'002','001','1110218055','2012-01-03',91.70,366.80,0.00,0.00,0.00,366.80,1,1,0,0,0),(42,10,2008,'002','001','1110218055','2012-01-06',72.54,290.16,0.00,0.00,7.00,297.16,1,1,0,0,1),(43,23,2009,'002','001','1110218055','2012-01-07',116.75,466.99,0.00,0.00,0.00,466.99,0,0,0,0,1),(44,12,2010,'002','001','1110218055','2012-01-09',363.10,1000.00,0.00,0.00,0.00,1000.00,1,1,0,0,1),(45,12,2011,'002','001','1110218055','2012-01-09',116.40,310.40,0.00,0.00,0.00,310.40,1,1,0,0,1),(46,6,2012,'002','001','1110218055','2012-01-09',212.27,711.92,0.00,0.00,0.00,711.92,1,1,0,0,1),(47,6,2013,'002','001','1110218055','2012-01-09',72.00,666.00,0.00,0.00,0.00,666.00,1,1,0,0,1),(48,19,2014,'002','001','1110218055','2012-01-11',136.70,596.00,0.00,0.00,0.00,596.00,1,1,0,0,1),(49,24,2015,'002','001','1110218055','2012-01-11',0.00,50.00,0.00,0.00,0.00,50.00,0,0,0,0,0),(50,24,2016,'002','001','1110218055','2012-01-11',0.74,5.20,0.00,0.00,0.00,5.20,0,0,0,0,0),(51,24,2017,'002','001','1110218055','2012-01-11',0.00,30.48,0.00,0.00,0.00,30.48,0,0,0,0,0),(52,25,2018,'002','001','1110218055','2012-01-12',0.00,50.16,0.00,0.00,0.00,50.16,0,0,0,0,0),(53,10,2019,'002','001','1110218055','2012-01-16',45.30,181.20,0.00,0.00,3.50,184.70,0,0,0,0,1),(54,26,2020,'002','001','1110218055','2012-01-16',50.00,173.90,0.00,0.00,6.00,179.90,1,1,0,0,1),(55,27,2021,'002','001','1110218055','2012-01-16',32.77,131.09,0.00,0.00,0.00,131.09,1,1,0,0,1),(56,28,2037,'002','001','1110218055','2012-01-16',25.78,103.12,0.00,0.00,0.00,103.12,1,1,0,0,1),(57,10,2038,'002','001','1110218055','2012-01-20',50.00,200.00,0.00,0.00,3.50,203.50,1,1,0,0,1),(58,21,2039,'002','001','1110218055','2012-01-28',38.40,153.60,0.00,0.00,0.00,153.60,1,1,0,0,1),(59,16,2040,'002','001','1110218055','2012-01-30',0.00,175.75,0.00,0.00,0.00,175.75,1,1,0,0,1),(60,16,2041,'002','001','1110218055','2012-01-30',0.00,53.93,0.00,0.00,0.00,53.93,1,1,1,0,1),(61,16,2042,'002','001','1110218055','2012-01-30',0.00,36.43,0.00,0.00,0.00,36.43,1,1,0,0,1),(62,16,2043,'002','001','1110218055','2012-01-30',0.00,78.13,0.00,0.00,0.00,78.13,1,1,0,0,1),(63,18,2044,'002','001','1110218055','2012-01-31',59.80,239.20,0.00,0.00,0.00,239.20,1,1,0,0,1),(64,11,2045,'002','001','1110218055','2012-02-06',20.70,82.80,0.00,0.00,0.00,82.80,1,1,1,0,1),(65,29,2090,'002','001','1110218055','2012-02-06',86.36,345.44,0.00,0.00,0.00,345.44,1,1,1,0,1),(66,30,2091,'002','001','1110218055','2012-02-06',213.18,668.72,0.00,0.00,0.00,668.72,1,1,0,0,1),(67,29,2092,'002','001','1110218055','2012-02-06',64.76,259.04,0.00,0.00,0.00,259.04,1,1,0,0,1),(68,10,2093,'002','001','1110218055','2012-02-06',36.60,146.40,0.00,0.00,0.00,146.40,1,1,0,0,1),(69,23,2094,'002','001','1110218055','2012-02-06',36.10,184.40,0.00,0.00,0.00,184.40,1,1,0,0,1),(70,6,2095,'002','001','1110218055','2012-02-06',244.20,670.80,0.00,0.00,0.00,670.80,1,1,0,0,0),(71,31,2096,'002','001','1110218055','2012-02-06',207.00,662.40,0.00,0.00,0.00,662.40,1,1,0,0,1),(72,22,2097,'002','001','1110218055','2012-02-07',84.00,336.00,0.00,0.00,0.00,336.00,1,1,0,0,1),(73,1,2098,'002','001','1110218055','2012-02-08',0.00,6.00,0.00,0.00,0.00,6.00,0,0,0,1,0),(74,32,2099,'002','001','1110218055','2012-02-08',70.92,283.68,0.00,0.00,6.00,289.68,1,1,0,0,1),(75,15,2100,'002','001','1110218055','2012-02-08',0.00,67.84,95.74,11.49,0.00,175.07,0,0,0,0,1),(76,15,2101,'002','001','1110218055','2012-02-08',0.00,152.20,0.00,0.00,0.00,152.20,0,0,0,0,1),(77,33,2102,'002','001','1110218055','2012-02-09',0.00,36.09,0.00,0.00,0.00,36.09,0,0,0,0,0),(78,34,2103,'002','001','1110218055','2012-02-10',0.00,71.30,0.00,0.00,0.00,71.30,0,0,0,0,0),(79,34,2104,'002','001','1110218055','2012-02-10',0.00,33.66,0.00,0.00,0.00,33.66,0,0,0,0,0),(80,16,2105,'002','001','1110218055','2012-02-13',0.00,361.00,0.00,0.00,0.00,361.00,1,1,0,0,0),(81,35,2106,'002','001','1110218055','2012-02-13',0.00,28.25,0.00,0.00,0.00,28.25,0,0,0,0,0),(82,36,2107,'002','001','1110218055','2012-02-13',0.00,2234.37,0.00,0.00,0.00,2234.37,0,0,1,0,0),(83,2,2108,'002','001','1110218055','2012-02-16',0.00,2092.80,0.00,0.00,0.00,2092.80,0,0,0,0,1),(84,19,2109,'002','001','1110218055','2012-02-17',76.00,380.00,0.00,0.00,0.00,380.00,1,1,0,0,1),(85,10,2141,'002','001','1110218055','2012-02-17',37.58,150.32,0.00,0.00,0.00,150.32,1,1,0,0,1),(86,10,2142,'002','001','1110218055','2012-02-17',37.58,150.32,0.00,0.00,3.50,153.82,1,1,0,0,1),(87,37,2143,'002','001','1110218055','2012-02-22',2.17,41.27,0.00,0.00,0.00,41.27,1,1,0,0,0),(88,1,2144,'002','001','1110218055','2012-02-22',0.00,12.55,0.00,0.00,0.00,12.55,1,1,0,0,0),(89,38,2145,'002','001','1110218055','2012-02-22',0.05,2.30,0.00,0.00,0.00,2.30,0,0,0,0,0),(90,16,2146,'002','001','1110218055','2012-02-22',0.00,2205.00,0.00,0.00,0.00,2205.00,0,0,0,0,1),(91,13,2147,'002','001','1110218055','2012-02-23',0.00,0.00,62.50,7.50,0.00,70.00,0,0,0,0,0),(92,13,2148,'002','001','1110218055','2012-02-23',0.00,19.69,0.00,0.00,0.00,19.69,0,0,0,0,1),(93,1,2149,'002','001','1110218055','2012-02-27',0.00,42.82,0.00,0.00,0.00,42.82,0,0,0,0,0),(94,39,2150,'002','001','1110218055','2012-02-27',1.43,13.41,0.00,0.00,0.00,13.41,1,1,0,0,0),(95,40,2151,'002','001','1110218055','2012-02-27',0.00,36.05,0.00,0.00,0.00,36.05,0,0,0,0,0),(96,1,2152,'002','001','1110218055','2012-02-27',0.00,10.03,0.00,0.00,0.00,10.03,0,0,0,1,0),(97,37,2153,'002','001','1110218055','2012-02-27',0.00,140.77,0.00,0.00,0.00,140.77,1,1,0,1,0),(98,1,2154,'002','001','1110218055','2012-02-27',1.20,38.65,0.00,0.00,0.00,38.65,0,0,0,0,0),(99,1,2155,'002','001','1110218055','2012-02-27',0.00,3.00,0.00,0.00,0.00,3.00,1,1,0,0,0),(100,41,2156,'002','001','1110218055','2012-02-27',0.00,10.70,0.00,0.00,0.00,10.70,0,0,0,0,0),(101,42,2157,'002','001','1110218055','2012-02-28',0.00,234.00,0.00,0.00,0.00,234.00,0,0,0,0,0),(102,36,2158,'002','001','1110218055','2012-02-28',0.00,3711.56,0.00,0.00,0.00,3711.56,0,0,1,0,0),(103,43,2159,'002','001','1110218055','2012-02-29',4.29,81.31,0.00,0.00,0.00,81.31,0,0,0,0,0),(104,2,2160,'002','001','1110218055','2012-02-29',0.00,683.46,853.92,102.47,0.00,1639.85,0,0,1,0,1),(105,2,2161,'002','001','1110218055','2012-02-29',0.00,0.00,1537.38,184.49,0.00,1721.87,0,0,1,0,1),(106,2,2162,'002','001','1110218055','2012-02-29',0.00,0.00,3304.23,396.50,0.00,3700.73,0,0,1,0,1),(107,2,2163,'002','001','1110218055','2012-02-29',0.00,0.00,3462.62,415.51,0.00,3878.13,0,0,1,0,1),(108,2,2164,'002','001','1110218055','2012-02-01',0.00,0.00,1537.38,184.49,0.00,1721.87,0,0,1,0,1),(109,2,2165,'002','001','1110218055','2012-03-01',0.00,0.00,1537.38,184.49,0.00,1721.87,0,0,1,0,1),(110,2,2166,'002','001','1110218055','2012-03-01',0.00,0.00,3462.62,415.51,0.00,3878.13,0,0,1,0,0),(111,1,2167,'002','001','1110218055','2012-03-01',0.45,16.00,0.00,0.00,0.00,16.00,0,0,0,0,0),(112,44,2168,'002','001','1110218055','2012-03-01',0.68,53.64,0.00,0.00,0.00,53.64,0,0,0,0,0),(113,45,2169,'002','001','1110218055','2012-03-01',0.00,15.15,0.00,0.00,0.00,15.15,0,0,0,0,0),(114,36,2170,'002','001','1110218055','2012-03-02',0.00,3711.56,0.00,0.00,0.00,3711.56,0,0,0,0,0),(115,36,2171,'002','001','1110218055','2012-03-02',0.00,135.00,0.00,0.00,0.00,135.00,1,1,0,0,0),(116,22,2172,'002','001','1110218055','2012-03-02',84.00,336.00,0.00,0.00,0.00,336.00,1,1,0,0,1),(117,46,2173,'002','001','1110218055','2012-03-02',0.00,52.36,0.00,0.00,0.00,52.36,0,0,0,0,0),(118,46,2174,'002','001','1110218055','2012-03-02',0.00,12.10,0.00,0.00,0.00,12.10,0,0,0,0,0),(119,37,2175,'002','001','1110218055','2012-03-05',0.00,99.42,0.00,0.00,0.00,99.42,1,1,0,1,0),(120,37,2176,'002','001','1110218055','2012-03-05',0.55,10.45,0.00,0.00,0.00,10.45,1,1,0,0,0),(121,19,2177,'002','001','1110218055','2012-03-07',87.50,350.00,0.00,0.00,0.00,350.00,1,1,1,0,1),(122,19,2178,'002','001','1110218055','2012-03-07',136.70,596.00,0.00,0.00,0.00,596.00,1,1,0,0,1),(123,39,2179,'002','001','1110218055','2012-03-07',1.65,57.53,0.00,0.00,0.00,57.53,1,1,0,0,1),(124,2,2180,'002','001','1110218055','2012-03-07',0.00,0.00,3462.62,415.51,0.00,3878.13,0,0,1,0,0),(125,2,2181,'002','001','1110218055','2012-03-07',0.00,0.00,1537.38,184.49,0.00,1721.87,0,0,1,0,0),(126,10,2182,'002','001','1110218055','2012-03-09',81.01,324.04,0.00,0.00,7.00,331.04,1,1,0,0,1),(127,36,2183,'002','001','1110218055','2012-03-09',0.00,85.00,0.00,0.00,0.00,85.00,0,0,1,0,0),(128,21,2184,'002','001','1110218055','2012-03-12',38.40,153.60,0.00,0.00,0.00,153.60,1,1,0,0,1),(129,37,2185,'002','001','1110218055','2012-03-13',0.00,179.70,0.00,0.00,5.00,184.70,0,0,0,0,0),(130,2,2186,'002','001','1110218055','2012-03-13',0.00,0.00,1537.38,184.49,0.00,1721.87,0,0,0,0,1),(131,2,2187,'002','001','1110218055','2012-03-13',0.00,0.00,3462.62,415.51,0.00,3878.13,0,0,0,0,0),(132,37,2188,'002','001','1110218055','2012-03-17',5.09,96.81,0.00,0.00,0.00,96.81,1,1,0,0,0),(133,37,2189,'002','001','1110218055','2012-03-17',0.00,42.42,0.00,0.00,0.00,42.42,1,1,0,0,0),(134,47,2190,'002','001','1110218055','2012-03-17',0.41,11.02,0.00,0.00,0.00,11.02,0,0,0,0,0),(135,1,2191,'002','001','1110218055','2012-03-17',0.00,5.08,0.00,0.00,0.00,5.08,0,0,0,0,0),(136,30,2192,'002','001','1110218055','2012-03-18',0.00,143.00,0.00,0.00,0.00,143.00,1,1,1,0,1),(137,30,2193,'002','001','1110218055','2012-03-18',0.00,130.00,0.00,0.00,0.00,130.00,1,1,0,0,1),(138,13,2194,'002','001','1110218055','2012-03-19',0.00,26.00,0.00,0.00,0.00,26.00,0,0,0,0,1),(139,13,2195,'002','001','1110218055','2012-03-19',0.00,0.00,43.25,5.19,0.00,48.44,0,0,0,0,1),(140,48,2196,'002','001','1110218055','2012-03-19',0.00,7.61,0.00,0.00,0.00,7.61,0,0,0,0,0),(141,10,2197,'002','001','1110218055','2012-03-20',89.89,359.55,0.00,0.00,0.00,359.55,1,1,1,0,1),(142,10,2198,'002','001','1110218055','2012-03-20',100.33,401.31,0.00,0.00,10.50,411.81,1,1,0,0,1),(143,6,2199,'002','001','1110218055','2012-03-21',36.90,98.40,0.00,0.00,0.00,98.40,1,1,0,0,0),(144,11,2200,'002','001','1110218055','2012-03-21',36.90,98.40,0.00,0.00,3.50,101.90,1,1,0,0,1),(145,1,2201,'002','001','1110218055','2012-03-21',0.00,3.90,0.00,0.00,0.00,3.90,0,0,0,0,0),(146,49,2202,'002','001','1110218055','2012-03-25',0.00,0.00,12500.00,1500.00,0.00,14000.00,0,0,0,0,0),(147,13,2203,'002','001','1110218055','2012-03-26',0.00,2798.53,0.00,0.00,0.00,2798.53,0,0,0,0,0),(148,13,2204,'002','001','1110218055','2012-03-26',0.00,540.57,0.00,0.00,0.00,540.57,0,0,0,0,0),(149,13,2205,'002','001','1110218055','2012-03-26',0.00,984.22,0.00,0.00,0.00,984.22,0,0,0,0,1),(150,13,2206,'002','001','1110218055','2012-03-26',0.00,773.67,0.00,0.00,0.00,773.67,0,0,0,0,0),(151,13,2207,'002','001','1110218055','2012-03-26',0.00,992.74,0.00,0.00,0.00,992.74,0,0,0,0,0),(152,13,2208,'002','001','1110218055','2012-03-26',0.00,4654.50,0.00,0.00,0.00,4654.50,0,0,0,0,0),(153,13,2209,'002','001','1110218055','2012-03-26',0.00,3086.74,0.00,0.00,0.00,3086.74,0,0,0,0,0),(154,13,2210,'002','001','1110218055','2012-03-26',0.00,992.52,0.00,0.00,0.00,992.52,0,0,0,0,0),(155,13,2211,'002','001','1110218055','2012-03-26',0.00,2331.89,0.00,0.00,0.00,2331.89,0,0,0,0,0),(156,13,2212,'002','001','1110218055','2012-03-26',0.00,367.46,0.00,0.00,0.00,367.46,0,0,0,0,0),(157,13,2213,'002','001','1110218055','2012-03-26',0.00,249.63,0.00,0.00,0.00,249.63,0,0,0,0,0),(158,13,2214,'002','001','1110218055','2012-03-26',0.00,363.50,0.00,0.00,0.00,363.50,0,0,1,0,0),(159,13,2215,'002','001','1110218055','2012-03-26',0.00,363.49,0.00,0.00,0.00,363.49,0,0,0,0,0),(160,7,2216,'002','001','1110218055','2012-03-27',17.60,70.40,0.00,0.00,3.00,73.40,1,1,0,0,1),(161,50,2217,'002','001','1110218055','2012-03-27',0.00,42.00,0.00,0.00,0.00,42.00,0,0,0,0,0),(162,51,2218,'002','001','1110218055','2012-03-28',0.00,10.88,0.00,0.00,0.00,10.88,1,1,0,0,0),(163,51,2219,'002','001','1110218055','2012-03-28',0.00,13.88,0.00,0.00,0.00,13.88,1,1,0,0,0),(164,37,2220,'002','001','1110218055','2012-03-29',0.00,49.92,0.00,0.00,0.00,49.92,0,0,0,0,0),(165,52,2221,'002','001','1110218055','2012-03-29',0.00,39.41,0.00,0.00,0.00,39.41,0,0,1,0,0),(166,52,2222,'002','001','1110218055','2012-03-29',0.00,48.76,0.00,0.00,0.00,48.76,0,0,0,0,0),(167,52,2223,'002','001','1110218055','2012-03-29',0.00,15.03,0.00,0.00,0.00,15.03,0,0,0,1,0),(168,13,2258,'002','001','1110808667','2012-03-30',0.00,0.00,130.00,15.60,0.00,145.60,0,0,1,0,0),(169,13,2260,'002','001','1110808667','2012-04-02',0.00,0.00,130.00,15.60,0.00,145.60,0,0,0,0,1),(170,1,2261,'002','001','1110808667','2012-03-30',0.00,0.00,11.88,1.43,0.00,13.31,0,0,0,0,0),(171,29,2262,'002','001','1110808667','2012-03-31',52.70,210.80,0.00,0.00,6.00,216.80,1,1,1,0,1),(172,29,2263,'002','001','1110808667','2012-03-31',63.04,252.16,0.00,0.00,6.00,258.16,1,1,0,0,1),(173,53,2264,'002','001','1110808667','2012-03-31',266.40,710.40,0.00,0.00,15.00,725.40,1,1,0,0,1),(174,54,2265,'002','001','1110808667','2012-03-31',55.20,220.80,0.00,0.00,6.00,226.80,1,1,0,0,1),(175,12,2266,'002','001','1110808667','2012-03-31',370.34,1197.36,0.00,0.00,0.00,1197.36,1,1,0,0,1),(176,11,2267,'002','001','1110808667','2012-03-31',1.89,0.00,35.91,4.31,3.00,43.22,1,1,0,0,1),(177,10,2268,'002','001','1110808667','2012-04-02',32.50,130.00,0.00,0.00,3.00,133.00,1,1,0,0,1),(178,28,2269,'002','001','1110808667','2012-04-02',33.38,133.52,0.00,0.00,3.00,136.52,1,1,0,0,1),(179,55,2270,'002','001','1110808667','2012-04-02',0.00,9065.28,0.00,0.00,0.00,9065.28,0,0,0,0,0),(180,32,2271,'002','001','1110808667','2012-04-02',104.92,419.68,0.00,0.00,9.00,428.68,1,1,0,0,1),(181,2,2272,'002','001','1110808667','2012-04-03',0.00,253.30,0.00,0.00,0.00,253.30,0,0,1,0,1),(182,2,2273,'002','001','1110808667','2012-04-03',0.00,206.15,0.00,0.00,0.00,206.15,0,0,1,0,0),(183,2,2274,'002','001','1110808667','2012-04-03',0.00,6.00,0.00,0.00,0.00,6.00,0,0,1,0,1),(184,2,2275,'002','001','1110808667','2012-04-03',0.00,220.30,0.00,0.00,0.00,220.30,0,0,1,0,0),(185,2,2276,'002','001','1110808667','2012-04-03',0.00,198.45,0.00,0.00,0.00,198.45,0,0,1,0,0),(186,56,2277,'002','001','1110808667','2012-04-03',0.00,11.60,0.00,0.00,0.00,11.60,0,0,0,0,0),(187,21,2278,'002','001','1110808667','2012-04-03',192.00,768.00,0.00,0.00,0.00,768.00,1,1,1,0,1),(188,21,2279,'002','001','1110808667','2012-04-03',256.00,704.00,0.00,0.00,0.00,704.00,1,1,0,0,1),(189,37,2280,'002','001','1110808667','2012-04-04',0.00,42.42,0.00,0.00,0.00,42.42,1,1,0,0,0),(190,37,2281,'002','001','1110808667','2012-04-04',0.00,8.70,0.00,0.00,0.00,8.70,1,1,0,0,0),(191,2,2282,'002','001','1110808667','2012-04-04',0.00,220.30,0.00,0.00,0.00,220.30,0,0,0,0,0),(192,2,2283,'002','001','1110808667','2012-04-04',0.00,198.45,0.00,0.00,0.00,198.45,0,0,1,0,0),(193,2,2284,'002','001','1110808667','2012-04-04',0.00,6.00,0.00,0.00,0.00,6.00,0,0,0,0,0),(194,2,2285,'002','001','1110808667','2012-04-04',0.00,198.44,0.00,0.00,0.00,198.44,0,0,0,0,1),(195,22,2286,'002','001','1110808667','2012-04-09',168.00,672.00,0.00,0.00,0.00,672.00,1,1,0,0,1),(196,57,2287,'002','001','1110808667','2012-04-10',0.00,2468.48,0.00,0.00,0.00,2468.48,0,0,0,0,1),(197,57,2288,'002','001','1110808667','2012-04-10',0.00,1524.50,0.00,0.00,0.00,1524.50,0,0,0,0,1),(198,57,2289,'002','001','1110808667','2012-04-10',0.00,12154.00,0.00,0.00,0.00,12154.00,1,1,0,0,1),(199,57,2290,'002','001','1110808667','2012-04-10',0.00,53658.00,14195.02,1703.40,0.00,69556.42,0,0,1,0,1),(200,57,2291,'002','001','1110808667','2012-04-10',0.00,3253.50,14195.02,1703.40,0.00,19151.92,0,0,0,0,1),(201,57,2292,'002','001','1110808667','2012-04-10',0.00,50404.50,0.00,0.00,0.00,50404.50,0,0,0,0,1),(202,58,2293,'002','001','1110808667','2012-04-11',0.00,62.65,0.00,0.00,0.00,62.65,1,1,0,0,0),(203,10,2294,'002','001','1110808667','2012-04-12',66.90,267.59,0.00,0.00,7.00,274.59,1,1,0,0,1),(204,12,2295,'002','001','1110808667','2012-04-12',341.10,702.80,0.00,0.00,0.00,702.80,1,1,0,0,1),(205,59,2296,'002','001','1110808667','2012-04-12',0.00,35.05,0.00,0.00,0.00,35.05,0,0,0,0,0),(206,59,2297,'002','001','1110808667','2012-04-12',0.00,1.20,0.00,0.00,0.00,1.20,0,0,0,0,0),(207,37,2298,'002','001','1110808667','2012-04-13',0.00,0.00,0.00,0.00,0.00,0.00,1,1,0,0,0),(208,37,2299,'002','001','1110808667','2012-04-13',0.00,161.92,0.00,0.00,0.00,161.92,1,1,0,0,0),(209,60,2300,'002','001','1110808667','2012-04-13',0.00,91.72,0.00,0.00,0.00,91.72,1,1,0,0,0),(210,32,2301,'002','001','1110808667','2012-04-13',46.00,184.00,0.00,0.00,3.00,187.00,1,1,0,0,1),(211,18,2302,'002','001','1110808667','2012-04-13',119.60,478.40,0.00,0.00,0.00,478.40,1,1,0,0,1),(212,36,2303,'002','001','1110808667','2012-04-19',0.00,294.40,0.00,0.00,0.00,294.40,0,0,0,0,0),(213,13,2304,'002','001','1110808667','2012-04-19',0.00,2244.43,0.00,0.00,0.00,2244.43,0,0,0,0,0),(214,13,2305,'002','001','1110808667','2012-04-19',0.00,2954.52,0.00,0.00,0.00,2954.52,0,0,0,0,0),(215,37,2306,'002','001','1110808667','2012-04-20',0.00,55.17,0.00,0.00,0.00,55.17,1,1,0,0,0),(216,57,2307,'002','001','1110808667','2012-04-23',0.00,0.00,0.00,0.00,0.00,0.00,0,0,0,0,1),(217,36,2308,'002','001','1110808667','2012-05-02',0.00,419.40,0.00,0.00,0.00,419.40,1,1,0,0,0),(218,44,2309,'002','001','1110808667','2012-04-24',0.00,43.83,0.00,0.00,0.00,43.83,0,0,0,0,0),(220,10,2310,'002','001','1110808667','2012-04-24',78.30,313.20,0.00,0.00,7.00,320.20,1,1,0,0,1),(221,1,2311,'002','001','1110808667','2012-04-25',1.99,37.76,0.00,0.00,0.00,37.76,0,0,0,0,0),(222,61,2312,'002','001','1110808667','2012-04-30',122.36,349.44,0.00,0.00,0.00,349.44,1,1,0,0,1),(223,31,2313,'002','001','1110808667','2012-04-28',46.00,184.00,0.00,0.00,0.00,184.00,0,0,0,0,1),(224,17,2314,'002','001','1110808667','2012-05-01',291.70,1034.00,0.00,0.00,0.00,1034.00,1,1,0,0,1),(225,17,2315,'002','001','1110808667','2012-05-01',69.00,240.00,0.00,0.00,0.00,240.00,1,1,0,0,1);
/*!40000 ALTER TABLE `facturas` ENABLE KEYS */;
UNLOCK TABLES;

--
-- Table structure for table `facturasp`
--

DROP TABLE IF EXISTS `facturasp`;
/*!40101 SET @saved_cs_client     = @@character_set_client */;
/*!40101 SET character_set_client = utf8 */;
CREATE TABLE `facturasp` (
  `id_facturap` int(11) NOT NULL AUTO_INCREMENT,
  `id_proveedor` int(11) NOT NULL,
  `codigo_factura` int(11) NOT NULL,
  `serie1` varchar(3) COLLATE utf8_unicode_ci NOT NULL,
  `serie2` varchar(3) COLLATE utf8_unicode_ci NOT NULL,
  `autorizacion` varchar(14) COLLATE utf8_unicode_ci NOT NULL,
  `fecha` date NOT NULL,
  `descuento` float(16,2) NOT NULL,
  `iva0` float(16,2) NOT NULL,
  `iva12` float(16,2) NOT NULL,
  `iva` float(16,2) NOT NULL,
  `flete` float(16,2) NOT NULL,
  `totalfactura` float(16,2) NOT NULL,
  `credito` tinyint(1) NOT NULL,
  `plazo` tinyint(4) NOT NULL,
  `tipocomprobante` int(1) NOT NULL,
  `anulado` int(1) NOT NULL DEFAULT '0',
  `estado` int(1) NOT NULL DEFAULT '0',
  `retencion` int(1) NOT NULL,
  PRIMARY KEY (`id_facturap`),
  UNIQUE KEY `codigo_factura` (`codigo_factura`,`id_proveedor`)
) ENGINE=InnoDB AUTO_INCREMENT=237 DEFAULT CHARSET=utf8 COLLATE=utf8_unicode_ci;
/*!40101 SET character_set_client = @saved_cs_client */;

--
-- Dumping data for table `facturasp`
--

LOCK TABLES `facturasp` WRITE;
/*!40000 ALTER TABLE `facturasp` DISABLE KEYS */;
INSERT INTO `facturasp` VALUES (1,5,221,'106','001','1109545594','2011-10-21',0.00,0.00,0.00,0.00,0.00,201.90,1,0,1,0,0,1),(2,39,44381,'002','001','1110098919','2011-10-20',0.00,0.00,0.00,0.00,0.00,824.30,1,2,1,0,0,1),(3,48,12871,'001','001','1109666356','2011-10-21',0.00,0.00,12.73,12.73,0.00,118.80,1,2,1,0,0,1),(4,22,35833,'008','001','1109597256','2011-10-20',0.00,0.00,0.00,0.00,0.00,341.12,1,1,1,0,0,1),(5,2,1825,'001','001','1110205564','2011-10-25',0.00,0.00,0.00,0.00,0.00,224.96,1,1,1,0,0,1),(6,39,44486,'002','001','1110098919','2011-10-24',0.00,0.00,0.00,0.00,0.00,340.00,1,2,1,0,0,1),(7,39,44459,'002','001','1110098919','2011-10-24',0.00,0.00,0.00,0.00,0.00,515.00,1,2,1,0,0,1),(8,57,1755,'002','001','1110137061','2011-10-27',0.00,0.00,0.00,0.00,0.00,121.00,1,1,1,0,0,1),(9,58,12526,'002','001','1109100706','2011-10-27',0.00,0.00,0.00,0.00,0.00,76.50,1,1,1,0,0,1),(10,8,85447,'001','001','1109172521','2011-10-25',0.00,0.00,0.00,0.00,0.00,146.88,1,1,1,0,0,1),(11,9,438,'002','001','1109777023','2011-10-24',0.00,0.00,0.00,0.00,0.00,0.00,1,1,1,0,0,1),(13,59,432,'001','001','1110047872','2011-11-15',0.00,0.00,0.00,0.00,0.00,180.00,1,1,1,0,0,1),(14,25,5692,'001','001','1109782001','2011-11-07',0.00,0.00,0.00,0.00,0.00,33.00,1,1,1,0,0,1),(15,32,4594,'001','001','1109426336','2011-11-16',0.00,0.00,0.00,0.00,0.00,17.50,0,0,1,0,0,1),(16,30,19229,'001','001','1110104461','2011-11-07',0.00,0.00,0.00,0.00,0.00,720.00,1,1,1,0,0,1),(17,39,44799,'002','001','1110098919','2011-11-07',0.00,0.00,0.00,0.00,0.00,129.00,1,1,1,0,0,1),(18,48,12915,'001','001','1109666356','2011-11-08',0.00,0.00,6.73,6.73,0.00,62.80,1,1,1,0,0,1),(19,18,13316,'001','001','1109641908','2011-11-10',0.00,0.00,0.00,0.00,0.00,23.52,1,1,1,0,0,1),(20,18,62469,'001','001','1110194346','2011-11-10',0.00,0.00,0.00,0.00,0.00,44.16,1,1,1,0,0,1),(21,47,4686,'001','001','1109165129','2011-11-11',0.00,0.00,0.00,0.00,0.00,28.82,1,1,1,0,0,1),(22,2,1855,'001','001','1110205564','2011-11-15',0.00,0.00,0.00,0.00,0.00,148.51,1,0,1,0,0,1),(23,5,248,'106','001','1109545594','2011-11-10',0.00,0.00,0.00,0.00,0.00,180.41,1,1,1,0,0,1),(24,11,4822,'001','001','1109629214','2011-11-11',0.00,0.00,30.03,30.03,0.00,280.16,1,0,1,0,0,1),(25,6,337,'001','001','1109808728','2011-11-14',0.00,0.00,0.00,0.00,0.00,142.48,1,1,1,1,0,1),(26,22,35957,'008','001','1109597256','2011-11-10',0.00,0.00,0.00,0.00,0.00,403.59,1,1,1,0,0,1),(27,61,1317,'001','001','1108913744','2011-11-15',0.00,0.00,0.00,0.00,0.00,201.24,1,1,1,0,0,1),(28,6,33775,'001','001','1109808728','2011-11-14',0.00,0.00,0.00,0.00,0.00,156.93,1,1,1,0,0,1),(29,62,302658,'001','005','1199884848','2011-11-15',0.00,0.00,1.92,1.92,0.00,17.92,1,1,1,0,0,1),(30,22,139008,'007','001','1109012332','2011-11-14',0.00,0.00,0.00,0.00,0.00,368.87,1,1,1,0,0,1),(31,39,45121,'002','001','1110098919','2011-11-16',0.00,0.00,0.00,0.00,0.00,150.00,1,1,1,0,0,1),(32,3,3992,'001','001','1110140748','2011-11-17',0.00,0.00,0.00,0.00,0.00,843.00,1,1,1,0,0,1),(33,3,3996,'001','001','1110140748','2011-11-17',0.00,0.00,0.00,0.00,0.00,918.75,1,0,1,0,0,1),(34,3,3991,'001','001','1110140748','2011-11-17',0.00,0.00,0.00,0.00,0.00,2533.43,1,1,1,0,0,1),(35,3,3990,'001','001','1110140748','2011-11-17',0.00,0.00,0.00,0.00,0.00,1820.77,1,1,1,0,0,1),(36,3,3994,'001','001','1110140748','2011-11-17',0.00,0.00,0.00,0.00,0.00,1099.00,1,1,1,0,0,1),(37,3,3993,'001','001','1110140748','2011-11-17',0.00,0.00,0.00,0.00,0.00,1314.17,1,1,1,0,0,1),(38,3,3987,'001','001','1110140748','2011-11-16',0.00,0.00,0.00,0.00,0.00,273.75,1,1,1,0,0,1),(39,3,3995,'001','001','1110140748','2011-11-17',0.00,0.00,0.00,0.00,0.00,666.18,1,1,1,0,0,1),(40,16,193705,'003','001','1109189437','2011-11-16',0.00,0.00,0.00,0.00,0.00,179.25,1,1,1,0,0,1),(41,34,215,'001','003','1110265362','2011-11-17',0.00,0.00,4.28,4.28,0.00,39.98,1,1,1,0,0,1),(42,63,29139,'001','001','1110146622','2011-11-16',0.00,0.00,8.86,8.86,0.00,137.09,1,1,1,1,0,1),(47,63,291390,'001','001','1110146622','2011-11-16',0.00,0.00,20.56,20.56,0.00,246.26,1,1,1,0,0,1),(48,64,22327,'001','001','1110216141','2011-11-18',0.00,0.00,0.00,0.00,0.00,88.52,1,1,1,0,0,1),(49,65,160,'002','001','1108917767','2011-12-07',0.00,0.00,0.00,0.00,0.00,45.13,1,1,1,0,0,1),(50,1,204,'001','001','1110351957','2011-12-07',0.00,0.00,0.00,0.00,0.00,120.00,1,1,1,0,0,1),(51,15,25104,'001','001','1110307464','2011-12-08',0.00,0.00,0.00,0.00,0.00,218.88,1,1,1,0,0,1),(52,48,13030,'001','001','1110227951','2011-12-12',0.00,0.00,6.73,6.73,0.00,62.80,1,0,1,1,0,1),(53,62,315962,'001','005','1109884848','2011-12-15',0.00,0.00,1.92,1.92,0.00,17.92,1,1,1,0,0,1),(58,48,0,'001','001','1110227951','2011-12-17',0.00,0.00,6.73,6.73,0.00,62.80,1,1,1,0,0,1),(59,18,13485,'001','001','1109641908','2011-12-08',0.00,0.00,0.24,0.24,0.00,113.72,1,1,1,0,0,1),(60,16,194560,'003','001','1109189437','2011-12-02',0.00,0.00,0.00,0.00,0.00,209.56,1,0,1,0,0,1),(62,6,34083,'001','001','1109808728','2011-12-07',0.00,0.00,0.00,0.00,0.00,703.00,1,1,1,0,0,1),(63,11,5136,'001','001','1109629214','2011-12-08',0.00,0.00,10.71,10.71,0.00,100.00,1,1,1,0,0,1),(64,16,195141,'003','001','1109189437','2011-12-14',0.00,0.00,0.00,0.00,0.00,312.00,1,1,1,0,0,1),(65,23,46779,'001','001','1109633788','2011-12-14',0.00,0.00,0.24,0.24,0.00,2185.90,1,1,1,0,0,1),(66,5,2808,'106','001','1109545594','2011-12-16',0.00,0.00,0.00,0.00,0.00,138.62,1,0,1,0,0,1),(67,63,29657,'001','001','1110146622','2011-12-22',0.00,0.00,7.32,7.32,0.00,575.91,1,1,1,0,0,1),(68,6,34253,'001','001','1109808728','2011-12-20',0.00,0.00,0.00,0.00,0.00,229.50,1,1,1,0,0,1),(69,6,34252,'001','001','1109808728','2011-12-20',0.00,0.00,0.00,0.00,0.00,378.50,1,1,1,0,0,1),(70,6,34254,'001','001','1109808728','2011-12-20',0.00,0.00,0.00,0.00,0.00,1383.40,1,1,1,0,0,1),(71,66,109439,'001','001','1110030923','2011-12-21',0.00,0.00,0.00,0.00,0.00,98.16,1,1,1,0,0,1),(72,46,510473,'001','001','1110307441','2011-12-22',0.00,0.00,0.00,0.00,0.00,50.22,1,1,1,0,0,1),(73,46,510458,'001','001','1110307441','2011-12-22',0.00,0.00,57.59,57.59,0.00,583.49,1,1,1,0,0,1),(74,33,6761,'002','002','1109437076','2011-12-29',0.00,0.00,14.84,14.84,0.00,228.50,1,1,1,0,0,1),(75,22,36299,'008','001','1109597256','2012-01-06',0.00,0.00,0.00,0.00,0.00,355.10,1,1,1,0,0,1),(76,6,34571,'001','001','1110372981','2012-01-12',0.00,0.00,0.00,0.00,0.00,469.90,1,1,1,0,0,1),(77,62,328154,'001','005','1109884848','2012-01-12',0.00,0.00,0.60,0.60,0.00,5.60,1,1,1,0,0,1),(78,47,5026,'001','001','1110315835','2012-01-12',0.00,0.00,0.00,0.00,0.00,51.12,1,1,1,0,0,1),(79,16,196174,'003','001','1109769038','2012-01-12',0.00,0.00,0.00,0.00,0.00,65.33,1,1,1,0,0,1),(80,22,140207,'007','001','1110318718','2012-01-12',0.00,0.00,0.00,0.00,0.00,317.38,1,1,1,0,0,1),(81,16,196319,'003','001','1109769038','2012-01-12',0.00,0.00,0.00,0.00,0.00,131.21,1,1,1,0,0,1),(82,67,6563,'001','001','1110181440','2012-01-12',0.00,0.00,0.00,0.00,0.00,50.04,1,1,1,0,0,1),(83,62,330977,'001','005','1109884848','2012-01-15',0.00,0.00,1.92,1.92,0.00,17.92,1,0,1,1,0,1),(84,5,3205,'106','001','1109545594','2012-01-19',0.00,0.00,0.00,0.00,0.00,76.61,1,1,1,0,0,1),(85,3,4184,'001','001','1110140748','2012-01-25',0.00,0.00,0.00,0.00,0.00,991.00,1,1,1,0,0,1),(86,3,4183,'001','001','1110140748','2012-01-24',0.00,0.00,0.00,0.00,0.00,2414.40,1,1,1,0,0,1),(87,16,197283,'003','001','1109769038','2012-01-25',0.00,0.00,0.00,0.00,0.00,442.64,1,1,1,0,0,1),(88,3,4186,'001','001','1110140748','2012-01-26',0.00,0.00,0.00,0.00,0.00,383.25,1,1,1,0,0,1),(89,30,19873,'001','001','1110104461','2012-01-19',0.00,0.00,0.00,0.00,0.00,66.00,1,1,1,0,0,1),(90,6,34804,'001','001','1110372981','2012-01-26',0.00,0.00,0.00,0.00,0.00,644.75,1,1,1,0,0,1),(91,68,4944,'001','001','1110410495','2012-01-27',0.00,0.00,0.00,0.00,0.00,21.50,1,1,1,0,0,1),(94,62,1330977,'001','005','1109884848','2012-01-15',0.00,0.00,1.92,1.92,0.00,17.92,1,1,1,0,0,1),(95,33,5341,'002','003','1109592488','2012-01-28',0.00,0.00,15.61,15.61,0.00,145.70,1,1,1,0,0,1),(96,67,6576,'001','001','1110181440','2012-01-30',0.00,0.00,0.00,0.00,0.00,93.92,1,1,1,0,0,1),(97,33,520146,'001','001','1110307441','2012-01-31',0.00,0.00,17.43,17.43,0.00,129.52,1,1,1,0,0,1),(98,69,1337,'001','001','1110537079','2012-02-01',0.00,0.00,0.67,0.67,0.00,6.25,1,0,1,0,0,1),(99,2,2022,'001','001','1110358938','2012-02-06',0.00,0.00,0.00,0.00,0.00,40.80,1,1,1,0,0,1),(100,39,47391,'002','001','1110478925','2012-02-06',0.00,0.00,0.00,0.00,0.00,82.50,1,1,1,0,0,1),(101,5,3411,'106','001','1109545594','2012-02-04',0.00,0.00,0.00,0.00,0.00,50.01,1,1,1,0,0,1),(102,11,5939,'001','001','1110565908','2012-02-09',0.00,0.00,4.24,4.24,0.00,39.56,1,1,1,0,0,1),(103,70,34984,'001','001','1110112526','2012-02-16',0.00,0.00,0.86,0.86,0.00,845.24,0,0,1,0,0,1),(104,15,25741,'001','001','1110307464','2012-02-15',0.00,0.00,0.00,0.00,0.00,379.05,0,0,1,0,0,1),(105,23,48015,'001','001','1110666324','2012-02-10',0.00,0.00,0.36,0.36,0.00,257.26,0,0,1,0,0,1),(106,6,35034,'001','001','1110372981','2012-02-10',0.00,0.00,0.00,0.00,0.00,173.59,0,0,1,0,0,1),(107,44,46039,'001','001','1110423489','2012-02-17',0.00,0.00,5.44,5.44,0.00,50.78,1,1,1,0,0,1),(108,71,28765,'001','001','1110331317','2012-02-09',0.00,0.00,2.08,2.08,0.00,19.40,0,0,1,0,0,1),(109,71,28755,'001','001','1110331317','2012-02-08',0.00,0.00,8.64,8.64,0.00,80.64,0,0,1,0,0,1),(110,6,35010,'001','001','1110372981','2012-02-09',0.00,0.00,0.00,0.00,0.00,345.80,1,1,1,0,0,1),(111,63,30242,'001','001','1110146622','2012-02-11',0.00,0.00,0.00,0.00,0.00,96.46,1,1,1,0,0,1),(112,62,344974,'001','005','1109884848','2012-02-15',0.00,0.00,1.92,1.92,0.00,17.92,1,1,1,1,0,1),(113,3,4251,'001','001','1110140748','2012-02-15',0.00,0.00,0.00,0.00,0.00,2998.43,1,1,1,0,0,1),(114,5,3604,'106','001','1109545594','2012-02-22',0.00,0.00,0.00,0.00,0.00,75.42,1,1,1,0,0,1),(115,5,3689,'106','001','1109545594','2012-02-29',0.00,0.00,0.00,0.00,0.00,606.54,0,0,1,0,0,1),(119,62,1344974,'001','005','1109884848','2012-02-15',0.00,0.00,1.92,1.92,0.00,17.92,0,0,1,0,0,1),(120,6,35178,'001','001','1110372981','2012-02-23',0.00,0.00,0.00,0.00,0.00,176.00,0,0,1,0,0,1),(121,6,35140,'001','001','1110372981','2012-02-22',0.00,0.00,0.00,0.00,0.00,157.50,0,0,1,0,0,1),(122,46,522810,'001','001','1110307441','2012-02-09',0.00,0.00,4.88,4.88,0.00,45.56,1,1,1,0,0,1),(123,30,19640,'001','001','1110104461','2012-02-16',0.00,0.00,0.00,0.00,0.00,547.20,1,1,1,0,0,1),(124,22,36570,'008','001','1109597256','2012-02-16',0.00,0.00,0.00,0.00,0.00,641.47,1,1,1,0,0,1),(125,16,198738,'003','001','1109769038','2012-02-22',0.00,0.00,0.00,0.00,0.00,68.99,1,1,1,0,0,1),(126,11,6122,'001','001','1110565908','2012-02-23',0.00,0.00,38.01,38.01,0.00,354.79,1,1,1,0,0,1),(127,67,6580,'001','001','1110181440','2012-02-24',0.00,0.00,0.00,0.00,0.00,212.76,1,0,1,0,0,1),(128,67,6581,'001','001','1110181440','2012-02-24',0.00,0.00,0.00,0.00,0.00,95.47,1,1,1,0,0,1),(129,33,5666,'002','003','1109592488','2012-02-25',0.00,0.00,0.01,0.01,0.00,62.35,1,1,1,0,0,1),(130,33,21154,'001','019','1109437072','2012-02-24',0.00,0.00,12.26,12.26,0.00,114.41,1,1,1,0,0,1),(131,67,6585,'001','001','1110181440','2012-02-29',0.00,0.00,0.00,0.00,0.00,137.84,1,1,1,0,0,1),(132,67,6584,'001','001','1110181440','2012-02-28',0.00,0.00,0.00,0.00,0.00,1610.88,1,0,1,0,0,1),(133,39,48011,'002','001','1110478925','2012-03-01',0.00,0.00,0.00,0.00,0.00,2621.00,1,0,1,0,0,1),(134,5,3720,'106','001','1109545594','2012-03-02',0.00,0.00,0.00,0.00,0.00,148.59,1,1,1,0,0,1),(135,16,199480,'003','001','1109769038','2012-03-05',0.00,0.00,0.00,0.00,0.00,22.48,1,1,1,0,0,1),(136,15,25970,'001','001','1110307464','2012-03-14',0.00,0.00,0.00,0.00,0.00,83.76,1,1,1,0,0,1),(137,6,35449,'001','001','1110372981','2012-03-09',0.00,0.00,0.00,0.00,0.00,2871.25,1,1,1,0,0,1),(138,23,48583,'001','001','1110666324','2012-03-06',0.00,0.00,0.36,0.36,0.00,146.72,1,1,1,0,0,1),(139,18,13960,'001','001','1110454969','2012-03-06',0.00,0.00,0.24,0.24,0.00,44.36,1,1,1,0,0,1),(140,39,48389,'002','001','1110478925','2012-03-12',0.00,0.00,0.00,0.00,0.00,2297.08,1,1,1,0,0,1),(141,33,21314,'001','019','1109437072','2012-03-07',0.00,0.00,23.12,23.12,0.00,215.84,1,0,1,0,0,1),(142,11,6314,'001','001','1110565908','2012-03-08',0.00,0.00,3.65,3.65,0.00,34.05,1,1,1,0,0,1),(143,72,10060,'003','002','1110667447','2012-03-09',0.00,0.00,167.95,167.95,0.00,1567.51,0,0,1,0,0,1),(144,20,2771,'001','001','1110723948','2012-03-09',0.00,0.00,0.00,0.00,0.00,68.76,1,1,1,0,0,1),(145,67,6593,'001','001','1110181440','2012-03-09',0.00,0.00,0.00,0.00,0.00,31.88,1,1,1,0,0,1),(146,73,21210,'001','002','1110603794','2012-03-12',0.00,0.00,8.46,8.46,0.00,78.99,0,0,1,0,0,1),(147,16,199841,'003','001','1109769038','2012-03-12',0.00,0.00,0.00,0.00,0.00,504.50,1,0,1,0,0,1),(149,23,48726,'001','001','1110666324','2012-03-12',0.00,0.00,0.30,0.30,0.00,130.00,1,1,1,0,0,1),(150,62,358712,'001','005','1110533814','2012-03-15',0.00,0.00,1.92,1.92,0.00,17.92,1,1,1,0,0,1),(151,13,10023,'001','001','1110473420','2012-03-17',0.00,0.00,0.00,0.00,0.00,176.90,1,1,1,0,0,1),(152,23,48793,'001','001','1110666324','2012-03-14',0.00,0.00,0.30,0.30,0.00,121.98,1,1,1,0,0,1),(153,25,6073,'001','001','1110586549','2012-03-13',0.00,0.00,6.12,6.12,0.00,57.12,0,0,1,0,0,1),(154,58,12757,'001','001','1110536004','2012-03-14',0.00,0.00,0.00,0.00,0.00,150.00,1,1,1,0,0,1),(155,22,36785,'008','001','1109597256','2012-03-15',0.00,0.00,0.00,0.00,0.00,576.60,1,1,1,0,0,1),(156,68,5205,'001','001','1110772786','2012-03-16',0.00,0.00,0.00,0.00,0.00,19.00,1,1,1,0,0,1),(157,71,2898,'001','001','1110536609','2012-03-16',0.00,0.00,157.68,157.68,0.00,1471.68,0,0,1,1,0,1),(158,71,28985,'001','001','1110536609','2012-03-16',0.00,0.00,157.68,157.68,0.00,1471.68,0,0,1,0,0,1),(159,67,6597,'001','001','1110181440','2012-03-19',0.00,0.00,0.00,0.00,0.00,30.34,1,1,1,0,0,1),(160,19,172637,'003','001','1110139247','2012-03-21',0.00,0.00,0.00,0.00,0.00,187.41,0,0,1,0,0,1),(161,74,3889,'001','001','1110476283','2012-03-21',0.00,0.00,0.00,0.00,0.00,410.08,0,0,1,0,0,1),(162,44,46230,'001','001','1110423489','2012-03-19',0.00,0.00,69.67,69.67,0.00,650.29,1,1,1,0,0,1),(163,39,48590,'002','001','1110478925','2012-03-19',0.00,0.00,0.00,0.00,0.00,205.45,1,1,1,0,0,1),(164,39,48485,'002','001','1110478925','2012-03-14',0.00,0.00,0.00,0.00,0.00,212.00,1,1,1,0,0,1),(165,47,5476,'001','001','1110315835','2012-03-20',0.00,0.00,0.00,0.00,0.00,114.44,1,1,1,0,0,1),(166,32,4443,'002','001','1110473149','2012-02-14',0.00,0.00,0.00,0.00,0.00,58.50,0,0,1,0,0,1),(167,75,919,'061','002','1110584085','2012-03-22',0.00,0.00,0.00,0.00,0.00,590.40,0,0,1,0,0,1),(168,76,3845,'004','001','1109609311','2012-02-25',0.00,0.00,0.00,0.00,0.00,420.00,0,0,1,0,0,0),(169,5,3928,'106','001','1109545594','2012-03-20',0.00,0.00,0.00,0.00,0.00,139.87,1,1,1,0,0,1),(170,19,1658,'003','002','1110240593','2012-03-21',0.00,0.00,0.00,0.00,0.00,33.75,0,0,1,0,0,1),(171,19,1656,'003','002','1110240593','2012-03-21',0.00,0.00,0.00,0.00,0.00,31.50,0,0,1,0,0,1),(172,19,1686,'003','002','1110240593','2012-03-26',0.00,0.00,0.00,0.00,0.00,143.10,0,0,1,0,0,1),(175,16,200481,'003','001','1109769038','2012-03-21',0.00,0.00,0.00,0.00,0.00,100.00,1,1,1,0,0,1),(176,77,615,'001','001','1110751799','2012-03-29',0.00,0.00,0.00,0.00,0.00,229.07,1,1,1,0,0,1),(177,16,200528,'003','001','1109769038','2012-03-22',0.00,0.00,0.00,0.00,0.00,123.20,1,1,1,0,0,1),(178,3,4367,'001','001','1110140748','2012-03-28',0.00,0.00,0.00,0.00,0.00,2983.65,1,1,1,0,0,1),(179,76,3870,'004','001','1109609311','2012-03-28',0.00,0.00,0.00,0.00,0.00,398.25,0,0,1,0,0,0),(180,34,310,'001','003','1110265362','2012-03-29',0.00,0.00,7.10,7.10,0.00,66.25,1,1,1,0,0,1),(181,33,20639,'001','018','1109812036','2012-03-21',0.00,0.00,13.86,13.86,0.00,145.49,1,1,1,0,0,1),(182,53,12878,'001','013','1110074996','2012-03-22',0.00,0.00,0.67,0.67,0.00,6.27,0,0,1,0,0,1),(183,75,930,'061','002','1110584085','2012-03-29',0.00,0.00,0.00,0.00,0.00,45.20,0,0,1,0,0,1),(184,17,4558,'001','001','1109850007','2012-03-21',0.00,0.00,0.00,0.00,0.00,125.00,0,0,1,0,0,1),(185,1,539,'001','001','1111000000','2012-03-29',0.00,0.00,0.00,0.00,0.00,2.00,0,0,1,1,0,0),(186,78,18799,'001','001','1110569671','2012-03-28',0.00,0.00,19.26,19.26,0.00,179.76,1,1,1,0,0,1),(187,53,13030,'001','013','1110074996','2012-03-29',0.00,0.00,0.43,0.43,0.00,4.03,0,0,1,0,0,1),(188,46,535450,'001','001','1110307441','2012-03-29',0.00,0.00,18.78,18.78,0.00,251.96,1,1,1,0,0,1),(189,53,13335,'001','013','1110074996','2012-04-12',0.00,0.00,0.00,0.00,0.00,20.00,0,0,1,0,0,1),(190,33,20807,'001','018','1109812036','2012-03-29',0.00,0.00,9.54,9.54,0.00,89.06,1,1,1,0,0,1),(191,79,111873,'001','001','1110613516','2012-04-17',0.00,0.00,0.00,0.00,0.00,165.90,0,0,1,0,0,1),(192,16,201051,'003','001','1109769038','2012-04-03',0.00,0.00,0.00,0.00,0.00,64.00,1,1,1,0,0,1),(193,46,537127,'001','001','1110307441','2012-04-04',0.00,0.00,125.87,125.87,0.00,1174.75,1,1,1,0,0,1),(194,46,537890,'001','001','1110307441','2012-04-09',0.00,0.00,5.30,5.30,0.00,49.50,1,1,1,0,0,1),(195,11,6678,'001','001','1110891958','2012-04-05',0.00,0.00,19.58,19.58,0.00,182.77,1,1,1,0,0,1),(196,16,201244,'003','001','1109769038','2012-04-09',0.00,0.00,0.00,0.00,0.00,44.00,1,1,1,0,0,1),(197,24,329375,'010','001','1110645917','2012-04-09',0.00,0.00,66.25,66.25,0.00,618.31,1,0,1,0,0,1),(198,2,2131,'001','001','1110855369','2012-04-10',0.00,0.00,0.00,0.00,0.00,71.04,1,1,1,0,0,1),(199,66,113378,'001','001','1110030923','2012-04-10',0.00,0.00,94.14,94.14,0.00,878.65,0,0,1,0,0,1),(200,80,479,'001','001','1110784719','2012-04-11',0.00,0.00,480.60,480.60,0.00,4485.60,0,0,1,0,0,1),(201,80,478,'001','001','1110784719','2012-04-11',0.00,0.00,0.00,0.00,0.00,152.00,1,1,1,0,0,1),(202,39,49339,'002','001','1110478925','2012-04-11',0.00,0.00,0.00,0.00,0.00,185.00,1,1,1,0,0,1),(203,33,21078,'001','018','1109812036','2012-04-11',0.00,0.00,69.48,69.48,0.00,649.33,1,1,1,0,0,1),(204,2,2147,'001','001','1110855369','2012-04-16',0.00,0.00,0.00,0.00,0.00,49.75,1,1,1,0,0,1),(205,5,3027,'019','001','1109545594','2012-04-16',0.00,0.00,0.00,0.00,0.00,128.91,1,1,1,0,0,1),(206,62,376037,'001','005','1110533814','2012-04-16',0.00,0.00,0.00,0.00,0.00,0.00,1,1,1,0,0,1),(207,81,58135,'002','001','1110721911','2012-04-19',0.00,0.00,107.04,107.04,0.00,999.00,0,0,1,0,0,1),(208,6,35929,'001','001','1110372981','2012-04-16',0.00,0.00,0.00,0.00,0.00,2758.80,1,1,1,0,0,1),(209,6,35930,'001','001','1110372981','2012-04-16',0.00,0.00,0.00,0.00,0.00,2526.00,1,1,1,0,0,1),(210,82,15419,'001','001','1110134092','2012-04-18',0.00,0.00,125.86,125.86,0.00,1174.66,0,0,1,1,0,1),(211,54,35029,'001','001','1110779248','2012-04-18',0.00,0.00,0.00,0.00,0.00,12.00,0,0,1,0,0,1),(215,82,115419,'001','001','1110134092','2012-04-18',0.00,0.00,125.86,125.86,0.00,1174.66,0,0,1,0,0,1),(216,18,183,'002','001','1110756085','2012-04-17',0.00,0.00,0.00,0.00,0.00,348.08,1,1,1,0,0,1),(217,5,4331,'106','001','1109545594','2012-04-23',0.00,0.00,0.00,0.00,0.00,34.37,0,0,1,0,0,1),(220,24,1329375,'010','001','1110645917','2012-04-09',0.00,0.00,0.00,0.00,0.00,546.25,0,0,1,0,0,1),(221,5,4338,'106','001','1109545594','2012-04-23',0.00,0.00,0.00,0.00,0.00,36.51,0,0,1,0,0,1),(222,53,13560,'001','013','1110074996','2012-04-23',0.00,0.00,0.00,0.00,0.00,20.00,0,0,1,0,0,1),(223,83,1709,'003','001','1110945036','2012-04-24',0.00,0.00,0.00,0.00,0.00,936.00,0,0,1,0,0,1),(224,84,3169,'001','001','1110559626','2012-04-24',0.00,0.00,0.00,0.00,0.00,14.00,0,0,1,0,0,1),(225,24,331529,'001','001','1110645917','2012-04-20',0.00,0.00,65.55,65.55,0.00,1365.40,1,1,1,0,0,1),(226,32,4690,'001','001','1110714549','2012-04-27',0.00,0.00,0.00,0.00,0.00,245.00,0,0,1,0,0,1),(227,3,4426,'001','001','1110811377','2012-04-25',0.00,0.00,0.00,0.00,0.00,3521.42,1,1,1,0,0,1),(228,67,6235,'001','001','1110181440','2012-04-16',0.00,0.00,0.00,0.00,0.00,311.75,1,1,1,0,0,1),(229,20,2979,'001','001','1110772780','2012-04-20',0.00,0.00,0.00,0.00,0.00,15.68,1,1,1,0,0,1),(230,85,10269,'001','002','1110820125','2012-04-23',0.00,0.00,10.69,10.69,0.00,99.79,0,0,1,0,0,1),(231,33,21142,'001','018','1110951693','2012-04-20',0.00,0.00,69.48,69.48,0.00,649.33,1,1,1,0,0,1),(232,66,113912,'001','001','1110030923','2012-04-23',0.00,0.00,735970.69,735970.69,0.00,6869060.00,0,0,1,0,0,1),(233,6,36049,'001','001','1110372981','2012-04-23',0.00,0.00,0.00,0.00,0.00,242.74,0,0,1,0,0,1),(234,46,542848,'001','001','1110307441','2012-04-26',0.00,0.00,12.67,12.67,0.00,317.47,1,1,1,0,0,1),(235,11,7048,'001','001','1110891958','2012-04-26',0.00,0.00,9.22,9.22,0.00,86.05,1,1,1,0,0,1),(236,86,1201,'001','001','1110855571','2012-04-26',0.00,0.00,117.00,117.00,0.00,1092.00,0,0,1,0,0,1);
/*!40000 ALTER TABLE `facturasp` ENABLE KEYS */;
UNLOCK TABLES;

--
-- Table structure for table `facturasp_consig`
--

DROP TABLE IF EXISTS `facturasp_consig`;
/*!40101 SET @saved_cs_client     = @@character_set_client */;
/*!40101 SET character_set_client = utf8 */;
CREATE TABLE `facturasp_consig` (
  `id_facturap` int(11) NOT NULL AUTO_INCREMENT,
  `id_proveedor` int(11) NOT NULL,
  `codigo_factura` int(11) NOT NULL,
  `serie1` varchar(3) COLLATE utf8_unicode_ci NOT NULL,
  `serie2` varchar(3) COLLATE utf8_unicode_ci NOT NULL,
  `autorizacion` varchar(14) COLLATE utf8_unicode_ci NOT NULL,
  `fecha` date NOT NULL,
  `descuento` float(16,4) NOT NULL,
  `iva0` float(16,4) NOT NULL,
  `iva12` float(16,4) NOT NULL,
  `iva` float(16,4) NOT NULL,
  `flete` float(16,4) NOT NULL,
  `totalfactura` float(16,4) NOT NULL,
  `anulado` int(1) NOT NULL DEFAULT '0',
  `estado` int(1) NOT NULL DEFAULT '0',
  PRIMARY KEY (`id_facturap`),
  UNIQUE KEY `codigo_factura` (`codigo_factura`,`id_proveedor`)
) ENGINE=InnoDB AUTO_INCREMENT=4 DEFAULT CHARSET=utf8 COLLATE=utf8_unicode_ci;
/*!40101 SET character_set_client = @saved_cs_client */;

--
-- Dumping data for table `facturasp_consig`
--

LOCK TABLES `facturasp_consig` WRITE;
/*!40000 ALTER TABLE `facturasp_consig` DISABLE KEYS */;
INSERT INTO `facturasp_consig` VALUES (1,2,1,'1','1','1','2011-11-06',0.0000,0.0000,0.9600,0.9600,0.0000,8.9600,0,0),(2,2,2,'2','2','2','2011-11-06',0.0000,0.0000,7.2000,7.2000,0.0000,67.2000,0,0),(3,3,3,'3','3','3','2011-11-06',0.0000,0.0000,3.6000,3.6000,0.0000,33.6000,0,0);
/*!40000 ALTER TABLE `facturasp_consig` ENABLE KEYS */;
UNLOCK TABLES;

--
-- Table structure for table `facturasptmp`
--

DROP TABLE IF EXISTS `facturasptmp`;
/*!40101 SET @saved_cs_client     = @@character_set_client */;
/*!40101 SET character_set_client = utf8 */;
CREATE TABLE `facturasptmp` (
  `codfactura` int(11) NOT NULL AUTO_INCREMENT,
  `fecha` date NOT NULL,
  PRIMARY KEY (`codfactura`)
) ENGINE=MyISAM AUTO_INCREMENT=189 DEFAULT CHARSET=utf8 COLLATE=utf8_unicode_ci COMMENT='temporal de facturas a clientes';
/*!40101 SET character_set_client = @saved_cs_client */;

--
-- Dumping data for table `facturasptmp`
--

LOCK TABLES `facturasptmp` WRITE;
/*!40000 ALTER TABLE `facturasptmp` DISABLE KEYS */;
INSERT INTO `facturasptmp` VALUES (1,'2012-01-09'),(17,'2012-01-30'),(20,'2012-02-08'),(28,'2012-02-09'),(33,'2012-02-16'),(44,'2012-02-23'),(52,'2012-03-02'),(53,'2012-03-02'),(57,'2012-03-02'),(60,'2012-03-05'),(68,'2012-03-14'),(75,'2012-03-14'),(79,'2012-03-15'),(82,'2012-03-15'),(85,'2012-03-15'),(86,'2012-03-17'),(88,'2012-03-17'),(91,'2012-03-17'),(108,'2012-03-22'),(104,'2012-03-21'),(114,'2012-03-29'),(110,'2012-03-23'),(118,'2012-03-29'),(122,'2012-03-29'),(130,'2012-04-03'),(131,'2012-04-03'),(133,'2012-04-09'),(153,'2012-04-18'),(135,'2012-04-13'),(157,'2012-04-19'),(159,'2012-04-19'),(160,'2012-04-20'),(161,'2012-04-20'),(165,'2012-04-21'),(166,'2012-04-21'),(177,'2012-04-27'),(181,'2012-04-27'),(183,'2012-04-27'),(188,'2012-04-30');
/*!40000 ALTER TABLE `facturasptmp` ENABLE KEYS */;
UNLOCK TABLES;

--
-- Table structure for table `facturasptmp_consig`
--

DROP TABLE IF EXISTS `facturasptmp_consig`;
/*!40101 SET @saved_cs_client     = @@character_set_client */;
/*!40101 SET character_set_client = utf8 */;
CREATE TABLE `facturasptmp_consig` (
  `codfactura` int(11) NOT NULL AUTO_INCREMENT,
  `fecha` date NOT NULL,
  PRIMARY KEY (`codfactura`)
) ENGINE=MyISAM DEFAULT CHARSET=utf8 COLLATE=utf8_unicode_ci COMMENT='temporal de facturas a clientes';
/*!40101 SET character_set_client = @saved_cs_client */;

--
-- Dumping data for table `facturasptmp_consig`
--

LOCK TABLES `facturasptmp_consig` WRITE;
/*!40000 ALTER TABLE `facturasptmp_consig` DISABLE KEYS */;
/*!40000 ALTER TABLE `facturasptmp_consig` ENABLE KEYS */;
UNLOCK TABLES;

--
-- Table structure for table `facturastmp`
--

DROP TABLE IF EXISTS `facturastmp`;
/*!40101 SET @saved_cs_client     = @@character_set_client */;
/*!40101 SET character_set_client = utf8 */;
CREATE TABLE `facturastmp` (
  `codfactura` int(11) NOT NULL AUTO_INCREMENT,
  `fecha` date NOT NULL,
  PRIMARY KEY (`codfactura`)
) ENGINE=MyISAM DEFAULT CHARSET=utf8 COLLATE=utf8_unicode_ci COMMENT='temporal de facturas a clientes';
/*!40101 SET character_set_client = @saved_cs_client */;

--
-- Dumping data for table `facturastmp`
--

LOCK TABLES `facturastmp` WRITE;
/*!40000 ALTER TABLE `facturastmp` DISABLE KEYS */;
/*!40000 ALTER TABLE `facturastmp` ENABLE KEYS */;
UNLOCK TABLES;

--
-- Table structure for table `facturero`
--

DROP TABLE IF EXISTS `facturero`;
/*!40101 SET @saved_cs_client     = @@character_set_client */;
/*!40101 SET character_set_client = utf8 */;
CREATE TABLE `facturero` (
  `id_facturero` int(11) NOT NULL AUTO_INCREMENT,
  `serie1` varchar(3) COLLATE utf8_spanish_ci NOT NULL,
  `serie2` varchar(3) COLLATE utf8_spanish_ci NOT NULL,
  `autorizacion` varchar(14) COLLATE utf8_spanish_ci NOT NULL,
  `inicio` int(11) NOT NULL,
  `fin` int(11) NOT NULL,
  `fecha_caducidad` date NOT NULL,
  PRIMARY KEY (`id_facturero`)
) ENGINE=InnoDB AUTO_INCREMENT=2 DEFAULT CHARSET=utf8 COLLATE=utf8_spanish_ci;
/*!40101 SET character_set_client = @saved_cs_client */;

--
-- Dumping data for table `facturero`
--

LOCK TABLES `facturero` WRITE;
/*!40000 ALTER TABLE `facturero` DISABLE KEYS */;
INSERT INTO `facturero` VALUES (1,'002','001','1110808667',2260,2500,'2013-03-07');
/*!40000 ALTER TABLE `facturero` ENABLE KEYS */;
UNLOCK TABLES;

--
-- Table structure for table `formapago`
--

DROP TABLE IF EXISTS `formapago`;
/*!40101 SET @saved_cs_client     = @@character_set_client */;
/*!40101 SET character_set_client = utf8 */;
CREATE TABLE `formapago` (
  `id_formapago` int(2) NOT NULL AUTO_INCREMENT,
  `nombre` varchar(40) NOT NULL,
  `borrado` varchar(1) NOT NULL DEFAULT '0',
  PRIMARY KEY (`id_formapago`)
) ENGINE=MyISAM AUTO_INCREMENT=5 DEFAULT CHARSET=utf8 COMMENT='Forma de pago';
/*!40101 SET character_set_client = @saved_cs_client */;

--
-- Dumping data for table `formapago`
--

LOCK TABLES `formapago` WRITE;
/*!40000 ALTER TABLE `formapago` DISABLE KEYS */;
INSERT INTO `formapago` VALUES (1,'EFECTIVO','0'),(2,'CHEQUE','0'),(3,'TRANSFERENCIAS','0'),(4,'DEPOSITO','0');
/*!40000 ALTER TABLE `formapago` ENABLE KEYS */;
UNLOCK TABLES;

--
-- Table structure for table `grupo`
--

DROP TABLE IF EXISTS `grupo`;
/*!40101 SET @saved_cs_client     = @@character_set_client */;
/*!40101 SET character_set_client = utf8 */;
CREATE TABLE `grupo` (
  `id_grupo` int(11) NOT NULL AUTO_INCREMENT,
  `codigo` varchar(6) COLLATE utf8_spanish_ci NOT NULL,
  `nombre` varchar(50) COLLATE utf8_spanish_ci NOT NULL,
  `borrado` int(1) NOT NULL DEFAULT '0',
  PRIMARY KEY (`id_grupo`),
  UNIQUE KEY `codigo` (`codigo`)
) ENGINE=InnoDB AUTO_INCREMENT=11 DEFAULT CHARSET=utf8 COLLATE=utf8_spanish_ci;
/*!40101 SET character_set_client = @saved_cs_client */;

--
-- Dumping data for table `grupo`
--

LOCK TABLES `grupo` WRITE;
/*!40000 ALTER TABLE `grupo` DISABLE KEYS */;
INSERT INTO `grupo` VALUES (1,'ACMAS','ACCESORIOS DE MASCOTA',0),(2,'ACT','ACTIVOS',0),(3,'EQPRIN','EQUIPO DE PROTECCION INDUSTRIAL',0),(4,'HERAGR','HERRAMIENTA AGRICOLA',0),(5,'IMPAGR','IMPLEMENTO AGRICOLA',0),(6,'INSAGR','INSUMO AGRICOLA',0),(7,'INSVET','INSUMOS VETERINARIOS',0),(8,'MAQAGR','MAQUINARIA AGRICOLA',0),(9,'PLAVIV','PLANTAS DE VIVERO',0),(10,'GASTO','GASTO',0);
/*!40000 ALTER TABLE `grupo` ENABLE KEYS */;
UNLOCK TABLES;

--
-- Table structure for table `librodiario`
--

DROP TABLE IF EXISTS `librodiario`;
/*!40101 SET @saved_cs_client     = @@character_set_client */;
/*!40101 SET character_set_client = utf8 */;
CREATE TABLE `librodiario` (
  `id_librodiario` int(8) NOT NULL AUTO_INCREMENT,
  `id_mov` int(11) NOT NULL,
  `fecha` date NOT NULL DEFAULT '0000-00-00',
  `tipodocumento` varchar(1) NOT NULL,
  `id_factura` int(11) NOT NULL,
  `id_cliente` int(5) NOT NULL,
  `id_formapago` int(2) NOT NULL,
  `id_banco` int(11) NOT NULL,
  `total` float(16,2) NOT NULL,
  PRIMARY KEY (`id_librodiario`)
) ENGINE=MyISAM AUTO_INCREMENT=15 DEFAULT CHARSET=utf8 COMMENT='Movimientos diarios';
/*!40101 SET character_set_client = @saved_cs_client */;

--
-- Dumping data for table `librodiario`
--

LOCK TABLES `librodiario` WRITE;
/*!40000 ALTER TABLE `librodiario` DISABLE KEYS */;
INSERT INTO `librodiario` VALUES (4,3,'2011-10-24','2',1,3,1,0,9.85),(5,4,'2011-10-27','2',2,5,1,0,3.00),(6,5,'2012-02-08','2',73,1,1,0,6.00),(10,9,'2012-03-07','2',119,37,2,3,99.42),(9,8,'2012-02-27','2',96,1,1,0,10.03),(11,10,'2012-03-07','2',97,37,2,3,140.77),(12,11,'2012-03-07','2',87,37,2,3,41.27),(13,12,'2012-03-29','2',164,37,2,3,49.92),(14,13,'2012-03-29','2',167,52,1,0,15.03);
/*!40000 ALTER TABLE `librodiario` ENABLE KEYS */;
UNLOCK TABLES;

--
-- Table structure for table `lote`
--

DROP TABLE IF EXISTS `lote`;
/*!40101 SET @saved_cs_client     = @@character_set_client */;
/*!40101 SET character_set_client = utf8 */;
CREATE TABLE `lote` (
  `id_lote` int(11) NOT NULL AUTO_INCREMENT,
  `id_producto` int(11) NOT NULL,
  `nombre_lote` varchar(50) COLLATE utf8_spanish_ci NOT NULL,
  `fecha_caducidad` int(11) NOT NULL,
  `cantidad` int(11) NOT NULL,
  PRIMARY KEY (`id_lote`,`id_producto`)
) ENGINE=InnoDB DEFAULT CHARSET=utf8 COLLATE=utf8_spanish_ci;
/*!40101 SET character_set_client = @saved_cs_client */;

--
-- Dumping data for table `lote`
--

LOCK TABLES `lote` WRITE;
/*!40000 ALTER TABLE `lote` DISABLE KEYS */;
/*!40000 ALTER TABLE `lote` ENABLE KEYS */;
UNLOCK TABLES;

--
-- Table structure for table `operadora`
--

DROP TABLE IF EXISTS `operadora`;
/*!40101 SET @saved_cs_client     = @@character_set_client */;
/*!40101 SET character_set_client = utf8 */;
CREATE TABLE `operadora` (
  `id_operadora` int(11) NOT NULL AUTO_INCREMENT,
  `nombre` varchar(50) COLLATE utf8_spanish_ci NOT NULL,
  `borrado` int(1) NOT NULL DEFAULT '0',
  PRIMARY KEY (`id_operadora`)
) ENGINE=InnoDB AUTO_INCREMENT=5 DEFAULT CHARSET=utf8 COLLATE=utf8_spanish_ci;
/*!40101 SET character_set_client = @saved_cs_client */;

--
-- Dumping data for table `operadora`
--

LOCK TABLES `operadora` WRITE;
/*!40000 ALTER TABLE `operadora` DISABLE KEYS */;
INSERT INTO `operadora` VALUES (1,'ALEGRO',0),(2,'CLARO',0),(3,'MOVISTAR',0),(4,'FIJO',0);
/*!40000 ALTER TABLE `operadora` ENABLE KEYS */;
UNLOCK TABLES;

--
-- Table structure for table `pagos`
--

DROP TABLE IF EXISTS `pagos`;
/*!40101 SET @saved_cs_client     = @@character_set_client */;
/*!40101 SET character_set_client = utf8 */;
CREATE TABLE `pagos` (
  `id_pago` int(11) NOT NULL AUTO_INCREMENT,
  `id_factura` int(11) NOT NULL,
  `id_proveedor` int(5) NOT NULL,
  `importe` float(16,2) NOT NULL,
  `id_formapago` int(2) NOT NULL,
  `id_banco` int(11) NOT NULL DEFAULT '0',
  `fechacobro` date NOT NULL DEFAULT '0000-00-00',
  `documento` varchar(20) NOT NULL DEFAULT '---',
  `recibo` varchar(20) NOT NULL DEFAULT '---',
  `observaciones` text NOT NULL,
  PRIMARY KEY (`id_pago`)
) ENGINE=MyISAM AUTO_INCREMENT=5 DEFAULT CHARSET=utf8 COMMENT='Cobros de facturas a clientes';
/*!40101 SET character_set_client = @saved_cs_client */;

--
-- Dumping data for table `pagos`
--

LOCK TABLES `pagos` WRITE;
/*!40000 ALTER TABLE `pagos` DISABLE KEYS */;
/*!40000 ALTER TABLE `pagos` ENABLE KEYS */;
UNLOCK TABLES;

--
-- Table structure for table `producto`
--

DROP TABLE IF EXISTS `producto`;
/*!40101 SET @saved_cs_client     = @@character_set_client */;
/*!40101 SET character_set_client = utf8 */;
CREATE TABLE `producto` (
  `id_producto` int(11) NOT NULL AUTO_INCREMENT,
  `codigo` varchar(16) DEFAULT NULL,
  `nombre` varchar(76) DEFAULT NULL,
  `stock` int(11) DEFAULT NULL,
  `costo` decimal(15,2) DEFAULT NULL,
  `pvp` decimal(15,2) DEFAULT NULL,
  `iva` varchar(15) DEFAULT NULL,
  `composicion` varchar(255) DEFAULT NULL,
  `aplicacion` varchar(255) DEFAULT NULL,
  `proveedor` varchar(22) DEFAULT NULL,
  `grupo` varchar(31) DEFAULT NULL,
  `subgrupo` varchar(35) DEFAULT NULL,
  `stock_consignacion` int(11) NOT NULL,
  `borrado` int(1) NOT NULL DEFAULT '0',
  `transformacion` int(1) NOT NULL,
  PRIMARY KEY (`id_producto`)
) ENGINE=MyISAM AUTO_INCREMENT=1524 DEFAULT CHARSET=utf8;
/*!40101 SET character_set_client = @saved_cs_client */;

--
-- Dumping data for table `producto`
--

LOCK TABLES `producto` WRITE;
/*!40000 ALTER TABLE `producto` DISABLE KEYS */;
INSERT INTO `producto` VALUES (1,'2,4 D AMINLT','2,4 D SAL AMINA FRASCO DE 1 LITRO',10000,2.44,4.30,NULL,NULL,NULL,'22','6','53',0,0,0),(2,'6MIN100','6 MINERALES FRASCO DE 100 CC',10000,NULL,4.75,NULL,NULL,NULL,'SUFARMA','7','99',0,0,0),(3,'6MIN250','6 MINERALES FRASCO DE 250 CC',10000,NULL,7.50,NULL,NULL,NULL,'SUFARMA','7','99',0,0,0),(4,'ABAC100','ABACTIC FRASCO DE 100 CC',10004,10.00,5.60,NULL,NULL,NULL,'39','6','61',0,0,0),(5,'ACL1GL','ABONAGRO LIQUIDO CORRECCION 12-12-12 X 1 GALON',10000,16.25,26.00,'0','','','3','6','1',0,0,0),(6,'ACL1LT','ABONAGRO LIQUIDO CORRECCION 12-12-12 x 1 LITRO',10000,4.38,7.00,NULL,NULL,NULL,'3','6','1',0,0,0),(7,'ACL100','ABONAGRO LIQUIDO CORRECCION 12-12-12 x 100 CC.',10000,1.00,1.60,NULL,NULL,NULL,'3','6','1',0,0,0),(8,'ACL240','ABONAGRO LIQUIDO CORRECCION 12-12-12 x 240 CC.',10000,1.69,2.70,NULL,NULL,NULL,'3','6','1',0,0,0),(9,'ACL500','ABONAGRO LIQUIDO CORRECCION 12-12-12 x 500 CC.',10000,2.56,4.10,NULL,NULL,NULL,'3','6','1',0,0,0),(10,'ADL1GL','ABONAGRO LIQUIDO DESARROLLO 16-8-6 x 1 GALON',10000,16.25,26.00,NULL,NULL,NULL,'3','6','1',0,0,0),(11,'ADL1LT','ABONAGRO LIQUIDO DESARROLLO 16-8-6 x 1 LITRO',10000,4.38,7.00,NULL,NULL,NULL,'3','6','1',0,0,0),(12,'ADL100','ABONAGRO LIQUIDO DESARROLLO 16-8-6 x 100 CC.',10000,1.00,1.60,NULL,NULL,NULL,'3','6','1',0,0,0),(13,'ADL240','ABONAGRO LIQUIDO DESARROLLO 16-8-6 x 240 CC.',10000,1.69,2.70,NULL,NULL,NULL,'3','6','1',0,0,0),(14,'ADL500','ABONAGRO LIQUIDO DESARROLLO 16-8-6 x 500 CC.',9958,2.56,4.10,NULL,NULL,NULL,'3','6','1',0,0,0),(15,'AEL1GL','ABONAGRO LIQUIDO ENGROSE 6-8-16 x 1 GALON',10000,16.25,26.00,NULL,NULL,NULL,'3','6','1',0,0,0),(16,'AEL1LT','ABONAGRO LIQUIDO ENGROSE 6-8-16 x 1 LITRO',10000,4.38,7.00,NULL,NULL,NULL,'3','6','1',0,0,0),(17,'AEL100','ABONAGRO LIQUIDO ENGROSE 6-8-16 x 100 CC.',10000,1.00,1.60,NULL,NULL,NULL,'3','6','1',0,0,0),(18,'AEL240','ABONAGRO LIQUIDO ENGROSE 6-8-16 x 240 CC.',10000,1.69,2.70,NULL,NULL,NULL,'3','6','1',0,0,0),(19,'AEL500','ABONAGRO LIQUIDO ENGROSE 6-8-16 x 500 CC.',10000,2.56,4.10,NULL,NULL,NULL,'3','6','1',0,0,0),(20,'AFL1GL','ABONAGRO LIQUIDO FLORACION 6-16-8 x 1 GALON',10000,16.25,26.00,NULL,NULL,NULL,'3','6','1',0,0,0),(21,'AFL1LT','ABONAGRO LIQUIDO FLORACION 6-16-8 x 1 LITRO',10000,4.38,7.00,NULL,NULL,NULL,'3','6','1',0,0,0),(22,'AFL100','ABONAGRO LIQUIDO FLORACION 6-16-8 x 100 CC.',10000,1.00,1.60,NULL,NULL,NULL,'3','6','1',0,0,0),(23,'AFL240','ABONAGRO LIQUIDO FLORACION 6-16-8 x 240 CC.',10000,1.69,2.70,NULL,NULL,NULL,'3','6','1',0,0,0),(24,'AFL500','ABONAGRO LIQUIDO FLORACION 6-16-8 x 500 CC.',9980,2.56,4.10,NULL,NULL,NULL,'3','6','1',0,0,0),(25,'AKL1GL','ABONAGRO LIQUIDO K-PRODUCCION 0-20-30 x 1 GALON',10000,18.75,30.00,NULL,NULL,NULL,'3','6','1',0,0,0),(26,'AKL1LT','ABONAGRO LIQUIDO K-PRODUCCION 0-20-30 x 1 LITRO',9819,5.00,8.00,NULL,NULL,NULL,'3','6','1',0,0,0),(27,'AKL240','ABONAGRO LIQUIDO K-PRODUCCION 0-20-30 x 240 CC.',10000,1.69,2.70,NULL,NULL,NULL,'3','6','1',0,0,0),(28,'AKL500','ABONAGRO LIQUIDO K-PRODUCCION 0-20-30 x 500 CC.',9568,2.62,4.20,NULL,NULL,NULL,'3','6','1',0,0,0),(29,'AKOLLGL','ABONAGRO LIQUIDO K-PRODUCCION ORO 0-20-30 x 1 GALON',10000,30.63,49.00,NULL,NULL,NULL,'3','6','1',0,0,0),(30,'AKOL1TL','ABONAGRO LIQUIDO K-PRODUCCION ORO 0-20-30 x 1 LITRO',10000,8.25,13.20,NULL,NULL,NULL,'3','6','1',0,0,0),(31,'AKOL240','ABONAGRO LIQUIDO K-PRODUCCION ORO 0-20-30 x 240 CC.',10000,2.38,3.80,NULL,NULL,NULL,'3','6','1',0,0,0),(32,'AKOL500','ABONAGRO LIQUIDO K-PRODUCCION ORO 0-20-30 x 500 CC.',10100,4.25,6.80,NULL,NULL,NULL,'3','6','1',0,0,0),(33,'ACP1KG','ABONAGRO POLVO CORRECCION 21-20-21 x 1 KG',9862,2.88,4.60,NULL,NULL,NULL,'3','6','1',0,0,0),(34,'ACP250','ABONAGRO POLVO CORRECCION 21-20-21 x 250 GR.',10080,0.71,1.20,NULL,NULL,NULL,'3','6','1',0,0,0),(35,'ACP375','ABONAGRO POLVO CORRECCION 21-20-21 x 375 GR.',10000,1.09,1.75,NULL,NULL,NULL,'3','6','1',0,0,0),(36,'ACP500','ABONAGRO POLVO CORRECCION 21-20-21 x 500 GR.',9986,1.44,2.30,NULL,NULL,NULL,'3','6','1',0,0,0),(37,'ACP750','ABONAGRO POLVO CORRECCION 21-20-21 x 750 GR.',10000,2.09,3.35,NULL,NULL,NULL,'3','6','1',0,0,0),(38,'ADP1KG','ABONAGRO POLVO DESARROLLO 38-7-7 x 1 KG',9648,2.88,4.60,NULL,NULL,NULL,'3','6','1',0,0,0),(39,'ADP250','ABONAGRO POLVO DESARROLLO 38-7-7 x 250 GR.',10216,0.71,1.20,NULL,NULL,NULL,'3','6','1',0,0,0),(40,'ADP375','ABONAGRO POLVO DESARROLLO 38-7-7 x 375 GR.',10000,1.09,1.75,NULL,NULL,NULL,'3','6','1',0,0,0),(41,'ADP500','ABONAGRO POLVO DESARROLLO 38-7-7 x 500 GR.',9919,1.35,2.30,NULL,NULL,NULL,'3','6','1',0,0,0),(42,'ADP750','ABONAGRO POLVO DESARROLLO 38-7-7 x 750 GR.',10000,2.09,3.35,NULL,NULL,NULL,'3','6','1',0,0,0),(43,'AEP1KG','ABONAGRO POLVO ENGROSE 7-8-44 x 1 KG',10407,2.71,4.60,NULL,NULL,NULL,'3','6','1',0,0,0),(44,'AEP250','ABONAGRO POLVO ENGROSE 7-8-44 x 250 GR.',9970,0.75,1.20,NULL,NULL,NULL,'3','6','1',0,0,0),(45,'AEP375','ABONAGRO POLVO ENGROSE 7-8-44 x 375 GR.',10000,1.09,1.75,NULL,NULL,NULL,'3','6','1',0,0,0),(46,'AEP500','ABONAGRO POLVO ENGROSE 7-8-44 x 500 GR.',10140,1.35,2.30,NULL,NULL,NULL,'3','6','1',0,0,0),(47,'AEP750','ABONAGRO POLVO ENGROSE 7-8-44 x 750 GR.',10000,2.09,3.35,NULL,NULL,NULL,'3','6','1',0,0,0),(48,'AFP1KG','ABONAGRO POLVO FLORACION 14-40-8 x 1 KG',9876,2.88,4.60,NULL,NULL,NULL,'3','6','1',0,0,0),(49,'AFP250','ABONAGRO POLVO FLORACION 14-40-8 x 250 GR.',9980,0.75,1.20,NULL,NULL,NULL,'3','6','1',0,0,0),(50,'AFP375','ABONAGRO POLVO FLORACION 14-40-8 x 375 GR.',10000,1.09,1.75,NULL,NULL,NULL,'3','6','1',0,0,0),(51,'AFP500','ABONAGRO POLVO FLORACION 14-40-8 x 500 GR.',10333,1.44,2.30,NULL,NULL,NULL,'3','6','1',0,0,0),(52,'AFP750','ABONAGRO POLVO FLORACION 14-40-8 x 750 GR.',10000,2.09,3.35,NULL,NULL,NULL,'3','6','1',0,0,0),(53,'AKP1KG','ABONAGRO POLVO K-PRODUCCION 0-40-58 x 1 KG',9881,3.81,6.10,NULL,NULL,NULL,'3','6','1',0,0,0),(54,'AKP250','ABONAGRO POLVO K-PRODUCCION 0-40-58 x 250 GR.',9846,1.09,1.75,NULL,NULL,NULL,'3','6','1',0,0,0),(55,'AKP375','ABONAGRO POLVO K-PRODUCCION 0-40-58 x 375 GR.',10000,1.56,2.50,NULL,NULL,NULL,'3','6','1',0,0,0),(56,'AKP500','ABONAGRO POLVO K-PRODUCCION 0-40-58 x 500 GR.',10043,2.47,3.20,NULL,NULL,NULL,'3','6','1',0,0,0),(57,'AKP750','ABONAGRO POLVO K-PRODUCCION 0-40-58 x 750 GR.',10000,2.94,4.70,NULL,NULL,NULL,'3','6','1',0,0,0),(58,'AKOP1KG','ABONAGRO POLVO K-PRODUCCION ORO 0-40-58 x 1 KG',10020,4.94,7.90,NULL,NULL,NULL,'3','6','1',0,0,0),(59,'AKOP250','ABONAGRO POLVO K-PRODUCCION ORO 0-40-58 x 250 GR.',10000,1.75,2.80,NULL,NULL,NULL,'3','6','1',0,0,0),(60,'AKOP375','ABONAGRO POLVO K-PRODUCCION ORO 0-40-58 x 375 GR.',10000,0.00,0.00,NULL,NULL,NULL,'3','6','1',0,0,0),(61,'AKOP500','ABONAGRO POLVO K-PRODUCCION ORO 0-40-58 x 500 GR.',9995,2.81,4.50,NULL,NULL,NULL,'3','6','1',0,0,0),(62,'AKOP750','ABONAGRO POLVO K-PRODUCCION ORO 0-40-58 x 750 GR.',10000,16.25,26.00,NULL,NULL,NULL,'3','6','1',0,0,0),(63,'ATCP5KG','ABONAGRO TOMATERO CORRECCION 21-20-21 x 5 KG',10000,12.50,20.00,NULL,NULL,NULL,'3','6','41',0,0,0),(64,'ATDP5KG','ABONAGRO TOMATERO DESARROLLO 38-7-7 x 5 KG',10000,12.50,20.00,NULL,NULL,NULL,'3','6','41',0,0,0),(65,'ATEP5KG','ABONAGRO TOMATERO ENGROSE 8-7-44 x 5 KG',10000,12.50,20.00,NULL,NULL,NULL,'3','6','41',0,0,0),(66,'ATKFP5KG','ABONAGRO TOMATERO FLORACION 14-40-8 x 5 KG',10000,12.50,20.00,NULL,NULL,NULL,'3','6','41',0,0,0),(67,'ATKP5KG','ABONAGRO TOMATERO K-PRODUCCION 0-40-58 x 5 KG',10000,16.25,26.00,NULL,NULL,NULL,'3','6','41',0,0,0),(68,'AFP5KG','ABONORIEGO FERTIRRIGACION x 5 KG',10000,14.06,22.50,NULL,NULL,NULL,'3','6','41',0,0,0),(69,'ACESIL30','ACEITE DE SILICONA FRASCO DE 30 CC',10000,4.04,5.05,NULL,NULL,NULL,'18','7','68',0,0,0),(70,'ACEI105LT','ACEITE E105 FRASCO DE 1 LITRO',10000,2.40,3.02,NULL,NULL,NULL,'39','6','30',0,0,0),(71,'ACAGFLB','ACELGA AGROSAD FORD HOOK GIANT X KILO',9997,2758.80,9.06,'0','','','6','6','92',0,0,0),(72,'ACAGONZ','ACELGA AGROSAD FORD HOOK GIANT x ONZAS',9998,0.46,0.65,NULL,NULL,NULL,'6','6','92',0,0,0),(73,'ACBOLTLB','ACELGA BONANZA FORD HOOK GIANT LATA DE 1 LIBRA',9999,7.00,8.75,NULL,NULL,NULL,'6','6','92',0,0,0),(74,'ACBOONZ','ACELGA BONANZA FORD HOOK GIANT x ONZAS',10000,0.44,0.65,NULL,NULL,NULL,'6','6','92',0,0,0),(75,'ACRPMG1/2','ACOPLE RÁPIDO PARA MANGUERA DE 1/2\" M/TRAMONTINA',10000,NULL,1.75,NULL,NULL,NULL,'KYWI','5','3',0,0,0),(76,'ACUNMG1/2','ACOPLE UNION MANGUERA SKUT 325 1/2\"',10000,1.25,1.50,NULL,NULL,NULL,'TRUJILLO','5','3',0,0,0),(77,'ABL1GL','ACTIVADOR DE BASALES LIQUIDO x 1 GALON',10000,32.50,52.00,NULL,NULL,NULL,'3','6','19',0,0,0),(78,'ABL1LT','ACTIVADOR DE BASALES LIQUIDO x 1 LITRO',10000,8.75,14.00,NULL,NULL,NULL,'3','6','19',0,0,0),(79,'ABL240','ACTIVADOR DE BASALES LIQUIDO x 240 CC.',10000,2.69,4.30,NULL,NULL,NULL,'3','6','19',0,0,0),(80,'ABL500','ACTIVADOR DE BASALES LIQUIDO x 500 CC.',10000,5.00,8.00,NULL,NULL,NULL,'3','6','19',0,0,0),(81,'ADIXCUCH25','A-DIP-X MATA CUCARACHAS DE 25 GR.',10000,NULL,1.50,NULL,NULL,NULL,'JAIME ÑAUTA','6','61',0,0,0),(82,'ADIXHOR20','A-DIP-X MATA HORMIGAS DE 20 GR.',10000,NULL,1.30,NULL,NULL,NULL,'JAIME ÑAUTA','6','61',0,0,0),(83,'AFAL125','AFALON FUNDA DE 125 GR.',10000,2.08,2.60,NULL,NULL,NULL,'22','6','53',0,0,0),(84,'AFRPON60','AFIPRON POUR-ON GOTERO DE 60 ML',10000,4.72,NULL,NULL,NULL,'TOPICO ECTOPARASITOS','FARBIOVET','7','13',0,0,0),(85,'ABVL1GL','AGRO BIOVERDE LIQUIDO x 1 GALON',10000,9.31,14.90,NULL,NULL,NULL,'3','6','19',0,0,0),(86,'ABVL1LT','AGRO BIOVERDE LIQUIDO x 1 LITRO',9952,3.38,5.40,NULL,NULL,NULL,'3','6','19',0,0,0),(87,'ABVL500','AGRO BIOVERDE LIQUIDO x 500 CC.',10000,2.06,3.50,NULL,NULL,NULL,'3','6','19',0,0,0),(88,'AGBL1GL','AGRO BORO LIQUIDO x 1 GALON',10000,18.75,30.00,NULL,NULL,NULL,'3','6','71',0,0,0),(89,'AGBL1LT','AGRO BORO LIQUIDO x 1 LITRO',10000,5.00,8.00,NULL,NULL,NULL,'3','6','71',0,0,0),(90,'AGBL240','AGRO BORO LIQUIDO x 240 CC.',9993,1.88,3.00,NULL,NULL,NULL,'3','6','71',0,0,0),(91,'AGBL500','AGRO BORO LIQUIDO x 500 CC.',10000,2.88,4.60,NULL,NULL,NULL,'3','6','71',0,0,0),(92,'AGBCAN','AGRO BORO LIQUIDO x CANECA',10000,0.00,0.00,NULL,NULL,NULL,'3','6','71',0,0,0),(93,'ACBL1GL','AGRO CALCIBOR LIQUIDO x 1 GALON',10000,18.75,30.00,NULL,NULL,NULL,'3','6','71',0,0,0),(94,'ACBL1LT','AGRO CALCIBOR LIQUIDO x 1 LITRO',10000,5.00,8.00,NULL,NULL,NULL,'3','6','71',0,0,0),(95,'ACBL240','AGRO CALCIBOR LIQUIDO x 240 CC.',9981,1.76,3.00,NULL,NULL,NULL,'3','6','71',0,0,0),(96,'ACBL500','AGRO CALCIBOR LIQUIDO x 500 CC.',9925,2.88,4.60,NULL,NULL,NULL,'3','6','71',0,0,0),(97,'ACBLCAN','AGRO CALCIBOR LIQUIDO x CANECA',10000,0.00,0.00,NULL,NULL,NULL,'3','6','71',0,0,0),(98,'ACTL1GL','AGRO CALCIO LIQUIDO TOMATERO x 1 GALON',10000,16.25,26.00,NULL,NULL,NULL,'3','6','71',0,0,0),(99,'ACTL1LT','AGRO CALCIO LIQUIDO TOMATERO x 1 LITRO',10000,4.69,7.50,NULL,NULL,NULL,'3','6','71',0,0,0),(100,'ACTL240','AGRO CALCIO LIQUIDO TOMATERO x 240 CC.',9999,1.75,2.80,NULL,NULL,NULL,'3','6','71',0,0,0),(101,'ACTL500','AGRO CALCIO LIQUIDO TOMATERO x 500 CC.',10000,2.75,4.40,NULL,NULL,NULL,'3','6','71',0,0,0),(102,'ACAL1GL','AGRO CALCIO LIQUIDO x 1 GALON',10000,18.75,30.00,NULL,NULL,NULL,'3','6','71',0,0,0),(103,'ACAL1LT','AGRO CALCIO LIQUIDO x 1 LITRO',10012,4.71,8.00,NULL,NULL,NULL,'3','6','71',0,0,0),(104,'ACAL240','AGRO CALCIO LIQUIDO x 240 CC.',10000,1.88,3.00,NULL,NULL,NULL,'3','6','71',0,0,0),(105,'ACAL500','AGRO CALCIO LIQUIDO x 500 CC.',9999,2.88,4.60,NULL,NULL,NULL,'3','6','71',0,0,0),(106,'ACALCAN','AGRO CALCIO LIQUIDO x CANECA',10000,16.25,26.00,NULL,NULL,NULL,'3','6','71',0,0,0),(107,'AHUL1GL','AGRO HUMICO LIQUIDO (ACIDOS HUMICOS) x 1 GALON',10000,9.38,15.00,NULL,NULL,NULL,'3','6','5',0,0,0),(108,'AHUL1LT','AGRO HUMICO LIQUIDO (ACIDOS HUMICOS) x 1 LITRO',10000,2.63,4.20,NULL,NULL,NULL,'3','6','5',0,0,0),(109,'AHUL500','AGRO HUMICO LIQUIDO (ACIDOS HUMICOS) x 500 CC.',10000,1.81,2.90,NULL,NULL,NULL,'3','6','5',0,0,0),(110,'AHULCAN','AGRO HUMICO LIQUIDO (ACIDOS HUMICOS) x CANECA',10000,45.00,72.00,NULL,NULL,NULL,'3','6','5',0,0,0),(111,'AQBM50','AGRO Q BOROMAG SACO DE 50 KG',10000,42.00,48.30,NULL,NULL,NULL,'39','6','40',0,0,0),(112,'AQBMLB','AGRO Q BOROMAG x LIBRA',9996,0.39,0.49,NULL,NULL,NULL,'39','6','40',0,0,0),(113,'ARCL1GL','AGRO REY LIQUIDO CLASICO 15-4-6 x 1 GALON',10000,9.38,15.00,NULL,NULL,NULL,'3','6','19',0,0,0),(114,'ARCL1LT','AGRO REY LIQUIDO CLASICO 15-4-6 x 1 LITRO',9985,2.63,4.20,NULL,NULL,NULL,'3','6','19',0,0,0),(115,'ARCL500','AGRO REY LIQUIDO CLASICO 15-4-6 x 500 CC.',9993,1.88,3.00,NULL,NULL,NULL,'3','6','19',0,0,0),(116,'ARCLCAN','AGRO REY LIQUIDO CLASICO 15-4-6 x CANECA',10000,46.88,75.00,NULL,NULL,NULL,'3','6','19',0,0,0),(117,'ARML1GL','AGRO REY LIQUIDO MAICERO 15-4-6 x 1 GALON',10000,9.38,15.00,NULL,NULL,NULL,'3','6','19',0,0,0),(118,'ARML1LT','AGRO REY LIQUIDO MAICERO 15-4-6 x 1 LITRO',9994,2.63,4.20,NULL,NULL,NULL,'3','6','19',0,0,0),(119,'ARML500','AGRO REY LIQUIDO MAICERO 15-4-6 x 500 CC.',10000,1.88,3.00,NULL,NULL,NULL,'3','6','19',0,0,0),(120,'AGAM250','AGROAMONIO FRASCO DE 250 CC',10000,3.12,3.90,NULL,NULL,NULL,'2','6','14',0,0,0),(121,'AHOC1GL','AGROHORMONAS LIQUIDO CONCENTRADO CLASICO 10-10-10 x 1 GALON',10000,30.00,48.00,NULL,NULL,NULL,'3','6','58',0,0,0),(122,'AHOC1LT','AGROHORMONAS LIQUIDO CONCENTRADO CLASICO 10-10-10 x 1 LITRO',9998,7.88,12.60,NULL,NULL,NULL,'3','6','58',0,0,0),(123,'AHOCL100','AGROHORMONAS LIQUIDO CONCENTRADO CLASICO 10-10-10 x 100 CC.',9663,1.56,2.50,NULL,NULL,NULL,'3','6','58',0,0,0),(124,'AHOCL240','AGROHORMONAS LIQUIDO CONCENTRADO CLASICO 10-10-10 x 240 CC.',10100,2.29,3.90,NULL,NULL,NULL,'3','6','58',0,0,0),(125,'AHOCL500','AGROHORMONAS LIQUIDO CONCENTRADO CLASICO 10-10-10 x 500 CC.',10016,3.94,6.30,NULL,NULL,NULL,'3','6','58',0,0,0),(126,'AHOCLCAN','AGROHORMONAS LIQUIDO CONCENTRADO CLASICO 10-10-10 x CANECA',10000,143.75,230.00,NULL,NULL,NULL,'3','6','58',0,0,0),(127,'AHOPL1GL','AGROHORMONAS LIQUIDO CONCENTRADO PALMERO 10-10-10 x 1 GALON',10000,30.00,48.00,NULL,NULL,NULL,'3','6','58',0,0,0),(128,'AHOPL1LT','AGROHORMONAS LIQUIDO CONCENTRADO PALMERO 10-10-10 x 1 LITRO',10000,7.88,12.60,NULL,NULL,NULL,'3','6','58',0,0,0),(129,'AHOPL500','AGROHORMONAS LIQUIDO CONCENTRADO PALMERO 10-10-10 x 500 CC.',10000,3.94,6.30,NULL,NULL,NULL,'3','6','58',0,0,0),(130,'AGHAL1GL','AGROHUMUS H.V. LIQUIDO ARROCERO 10-10-10 x 1 GALON',10000,19.69,31.50,NULL,NULL,NULL,'3','6','19',0,0,0),(131,'AGHAL1LT','AGROHUMUS H.V. LIQUIDO ARROCERO 10-10-10 x 1 LITRO',10000,5.25,8.40,NULL,NULL,NULL,'3','6','19',0,0,0),(132,'AGHAL500','AGROHUMUS H.V. LIQUIDO ARROCERO 10-10-10 x 500 CC.',10000,2.75,4.40,NULL,NULL,NULL,'3','6','19',0,0,0),(133,'AGHBL1GL','AGROHUMUS H.V. LIQUIDO BANANERO Y PLATANERO 10-10-10 x 1 GALON',10000,19.69,31.50,NULL,NULL,NULL,'3','6','19',0,0,0),(134,'AGHBL1LT','AGROHUMUS H.V. LIQUIDO BANANERO Y PLATANERO 10-10-10 x 1 LITRO',10000,5.25,8.40,NULL,NULL,NULL,'3','6','19',0,0,0),(135,'AGHBL500','AGROHUMUS H.V. LIQUIDO BANANERO Y PLATANERO 10-10-10 x 500 CC',10000,2.75,4.40,NULL,NULL,NULL,'3','6','19',0,0,0),(136,'AGHC1GL','AGROHUMUS H.V. LIQUIDO CACAOTERO 10-10-10 x 1 GALON',10000,19.69,31.50,NULL,NULL,NULL,'3','6','19',0,0,0),(137,'AGHC1LT','AGROHUMUS H.V. LIQUIDO CACAOTERO 10-10-10 x 1 LITRO',10000,5.25,8.40,NULL,NULL,NULL,'3','6','19',0,0,0),(138,'AGHCL500','AGROHUMUS H.V. LIQUIDO CACAOTERO 10-10-10 x 500 CC.',10000,2.75,4.40,NULL,NULL,NULL,'3','6','19',0,0,0),(139,'AGCL1GL','AGROHUMUS H.V. LIQUIDO CLASICO 10-10-10 x 1 GALON',10000,19.69,31.50,NULL,NULL,NULL,'3','6','19',0,0,0),(140,'AGCL1LT','AGROHUMUS H.V. LIQUIDO CLASICO 10-10-10 x 1 LITRO',10000,5.25,8.40,NULL,NULL,NULL,'3','6','19',0,0,0),(141,'AGCL100','AGROHUMUS H.V. LIQUIDO CLASICO 10-10-10 x 100 CC.',9999,1.00,1.60,NULL,NULL,NULL,'3','6','19',0,0,0),(142,'AGCL240','AGROHUMUS H.V. LIQUIDO CLASICO 10-10-10 x 240 CC.',9997,1.69,2.70,NULL,NULL,NULL,'3','6','19',0,0,0),(143,'AGCL500','AGROHUMUS H.V. LIQUIDO CLASICO 10-10-10 x 500 CC.',9923,2.75,4.40,NULL,NULL,NULL,'3','6','19',0,0,0),(144,'AGCLCAN','AGROHUMUS H.V. LIQUIDO CLASICO 10-10-10 x CANECA',10000,75.00,120.00,NULL,NULL,NULL,'3','6','19',0,0,0),(145,'AGHFL1GL','AGROHUMUS H.V. LIQUIDO FRUTILLERO 10-10-10 x 1 GALON',10000,19.69,31.50,NULL,NULL,NULL,'3','6','19',0,0,0),(146,'AGHFL1LT','AGROHUMUS H.V. LIQUIDO FRUTILLERO 10-10-10 x 1 LITRO',10000,5.25,8.40,NULL,NULL,NULL,'3','6','19',0,0,0),(147,'AGHFL500','AGROHUMUS H.V. LIQUIDO FRUTILLERO 10-10-10 x 500 CC.',9997,2.75,4.40,NULL,NULL,NULL,'3','6','19',0,0,0),(148,'AGHPL1GL','AGROHUMUS H.V. LIQUIDO PAPERO 10-10-10 x 1 GALON',10000,19.69,31.50,NULL,NULL,NULL,'3','6','19',0,0,0),(149,'AGHPL1LT','AGROHUMUS H.V. LIQUIDO PAPERO 10-10-10 x 1 LITRO',10000,5.25,8.40,NULL,NULL,NULL,'3','6','19',0,0,0),(150,'AGHPL240','AGROHUMUS H.V. LIQUIDO PAPERO 10-10-10 x 240 CC.',10000,1.69,2.70,NULL,NULL,NULL,'3','6','19',0,0,0),(151,'AGHPL500','AGROHUMUS H.V. LIQUIDO PAPERO 10-10-10 x 500 CC.',9991,2.75,4.40,NULL,NULL,NULL,'3','6','19',0,0,0),(152,'AHP161C12','AGUJA HIPODÉRMICA METALICA 16 G  X 1\" CAJA DE 12 UNIDADES',10000,4.53,5.67,NULL,NULL,NULL,'18','7','63',0,0,0),(153,'AHP161UNID','AGUJA HIPODÉRMICA METALICA 16 G  X 1\" x UNIDAD',10000,0.38,0.50,NULL,NULL,NULL,'18','7','63',0,0,0),(154,'AHP161/2C12','AGUJA HIPODÉRMICA METALICA 16 G  X 1/2\" CAJA DE 12 UNIDADES',10000,4.53,5.67,NULL,NULL,NULL,'18','7','63',0,0,0),(155,'AHP161/2UNID','AGUJA HIPODÉRMICA METALICA 16 G  X 1/2\" x UNIDAD',10000,0.38,0.50,NULL,NULL,NULL,'18','7','63',0,0,0),(156,'AHP1611/2C12','AGUJA HIPODÉRMICA METALICA 16 G X 1 1/2\" CAJA DE 12 UNIDADES',10000,4.53,5.67,NULL,NULL,NULL,'18','7','63',0,0,0),(157,'AHP1611/2UNID','AGUJA HIPODÉRMICA METALICA 16 G X 1 1/2\" x UNIDAD',10000,0.38,0.50,NULL,NULL,NULL,'18','7','63',0,0,0),(158,'AHP1811/2C12','AGUJA HIPODÉRMICA METALICA 18 G  X 1 1/2\" CAJA DE 12 UNIDADES',10000,4.53,5.67,NULL,NULL,NULL,'18','7','63',0,0,0),(159,'AHP1811/2UND','AGUJA HIPODÉRMICA METALICA 18 G  X 1 1/2\" x UNIDAD',10000,0.38,0.50,NULL,NULL,NULL,'18','7','63',0,0,0),(160,'AHP181C12','AGUJA HIPODÉRMICA METALICA 18 G  X 1\" CAJA DE 12 UNIDADES',10000,4.53,5.67,NULL,NULL,NULL,'18','7','63',0,0,0),(161,'AHP181UNID','AGUJA HIPODÉRMICA METALICA 18 G  X 1\" x UNIDAD',10000,0.38,0.50,NULL,NULL,NULL,'18','7','63',0,0,0),(162,'AHP181/2C12','AGUJA HIPODÉRMICA METALICA 18 G  X 1/2\" CAJA DE 12 UNIDADES',10000,4.53,5.67,NULL,NULL,NULL,'18','7','63',0,0,0),(163,'AHP181/2UNID','AGUJA HIPODÉRMICA METALICA 18 G  X 1/2\" x UNIDAD',10000,0.38,0.50,NULL,NULL,NULL,'18','7','63',0,0,0),(164,'AHP201C12','AGUJA HIPODÉRMICA METALICA 20 G  X 1\" CAJA DE 12 UNIDADES',10000,4.53,5.67,NULL,NULL,NULL,'18','7','63',0,0,0),(165,'AHP201UNID','AGUJA HIPODÉRMICA METALICA 20 G  X 1\" x UNIDAD',10000,0.38,0.50,NULL,NULL,NULL,'18','7','63',0,0,0),(166,'AHP201/2C12','AGUJA HIPODÉRMICA METALICA 20 G  X 1/2\" CAJA DE 12 UNIDADES',10000,4.53,5.67,NULL,NULL,NULL,'18','7','63',0,0,0),(167,'AHP201/2UNID','AGUJA HIPODÉRMICA METALICA 20 G  X 1/2\" x UNIDAD',10000,0.38,0.50,NULL,NULL,NULL,'18','7','63',0,0,0),(168,'AHP203/4C12','AGUJA HIPODÉRMICA METALICA 20 G  X 3/4\" CAJA DE 12 UNIDADES',10000,4.53,5.67,NULL,NULL,NULL,'18','7','63',0,0,0),(169,'AHP203/4UNID','AGUJA HIPODÉRMICA METALICA 20 G  X 3/4\" x UNIDAD',10000,0.38,0.50,NULL,NULL,NULL,'18','7','63',0,0,0),(170,'AHPD1611/2C100','AGUJAS HIPODERMICAS DESCARTABLE 16 G x 1 1/2\" CAJA DE 100 UNIDADES',10000,NULL,5.50,NULL,NULL,NULL,'VITALAGRO','7','63',0,0,0),(171,'AHPD1611/2UNID','AGUJAS HIPODERMICAS DESCARTABLE 16 G x 1 1/2\" x UNIDAD',10000,NULL,0.08,NULL,NULL,NULL,'VITALAGRO','7','63',0,0,0),(172,'AHPD161C100','AGUJAS HIPODERMICAS DESCARTABLE 16 G x 1\" CAJA DE 100 UNIDADES',10000,NULL,5.50,NULL,NULL,NULL,'VITALAGRO','7','63',0,0,0),(173,'AHPD161UNID','AGUJAS HIPODERMICAS DESCARTABLE 16 G x 1\" x UNIDAD',10000,NULL,0.08,NULL,NULL,NULL,'VITALAGRO','7','63',0,0,0),(174,'AHPD161/2C100','AGUJAS HIPODÉRMICAS DESCARTABLE 16 G x 1/2\" CAJA DE 100 UNIDADES',10000,NULL,5.50,NULL,NULL,NULL,'VITALAGRO','7','63',0,0,0),(175,'AHPD161/2UNID','AGUJAS HIPODÉRMICAS DESCARTABLE 16 G x 1/2\" x UNIDAD',10000,NULL,0.08,NULL,NULL,NULL,'VITALAGRO','7','63',0,0,0),(176,'AHPD1811/2C100','AGUJAS HIPODERMICAS DESCARTABLE 18 G x 1 1/2\" CAJA DE 100 UNIDADES',10000,NULL,5.50,NULL,NULL,NULL,'VITALAGRO','7','63',0,0,0),(177,'AHPD1811/2UNID','AGUJAS HIPODERMICAS DESCARTABLE 18 G x 1 1/2\" x UNIDAD',10000,NULL,0.08,NULL,NULL,NULL,'VITALAGRO','7','63',0,0,0),(178,'AHPD211C100','AGUJAS HIPODERMICAS DESCARTABLE 21 G x 1\" CAJA DE 100 UNIDADES',10000,NULL,5.50,NULL,NULL,NULL,'VITALAGRO','7','63',0,0,0),(179,'AHPD211UNID','AGUJAS HIPODERMICAS DESCARTABLE 21 G x 1\" x UNIDAD',10000,NULL,0.08,NULL,NULL,NULL,'VITALAGRO','7','63',0,0,0),(180,'AHRR200','AHORRO 80 PM FUNDA DE 200 GR',10000,3.69,4.20,NULL,NULL,NULL,'ECUAQUIMICA','6','48',0,0,0),(181,'AISESFUN','AISLADOR ESQUINERO OMEGA FUNDA 25 UNIDADES',10000,9.80,12.25,NULL,NULL,NULL,'MISTERGENES S.A.','7','60',0,0,0),(182,'AISESUND','AISLADOR ESQUINERO OMEGA x UNIDAD',10000,0.49,0.65,NULL,NULL,NULL,'MISTERGENES S.A.','7','60',0,0,0),(183,'AISPCFUN','AISLADOR PASA CABLE OMEGA FUNDA 100 UNIDADES',10000,8.71,10.89,NULL,NULL,NULL,'MISTERGENES S.A.','7','60',0,0,0),(184,'AISPCUND','AISLADOR PASA CABLE OMEGA x UNIDAD',10000,0.09,0.12,NULL,NULL,NULL,'MISTERGENES S.A.','7','60',0,0,0),(185,'AISWFUN','AISLADOR W OMEGA FUNDA 25 UNIDADES',10000,9.00,11.25,NULL,NULL,NULL,'MISTERGENES S.A.','7','60',0,0,0),(186,'AISWUND','AISLADOR W OMEGA x UNIDAD',10000,0.36,0.50,NULL,NULL,NULL,'MISTERGENES S.A.','7','60',0,0,0),(187,'AJISOBRE','AJI (PEPERONE PICCANTE DI CAYENNA)',10000,1.12,1.50,NULL,NULL,NULL,'13','6','92',0,0,0),(188,'ALBSOB','ALBAHACA AROMATICA BASILICO AROMATICO',10000,1.00,1.50,NULL,NULL,NULL,'6','6','90',0,0,0),(189,'ALFMORNACLIB','ALFALFA FLOR MORADA NACIONAL x LIBRAS',10000,12.00,15.00,NULL,NULL,NULL,'41','6','91',0,0,0),(190,'ALFMNS50','ALFALFA WESTAR FLOR MORADA NORMAL SACO DE 50 LIBRAS',10000,235.00,293.75,NULL,NULL,NULL,'6','6','91',0,0,0),(191,'ALFMNLB','ALFALFA WESTAR FLOR MORADA NORMAL x LIBRA',10000,4.70,5.95,NULL,NULL,NULL,'6','6','91',0,0,0),(192,'ALFMPS50','ALFALFA WESTAR FLOR MORADA PELETIZADA SACO DE 50 LIBRAS',10004,227.00,235.00,NULL,NULL,NULL,'6','6','91',0,0,0),(193,'ALFMPLB','ALFALFA WESTAR FLOR MORADA PELETIZADA x LIBRA',10000,3.76,5.00,NULL,NULL,NULL,'6','6','91',0,0,0),(194,'ALGS20','ALGASOIL SACO DE 20 KG.',10006,19.36,22.00,NULL,NULL,NULL,'ECUAQUIMICA','6','2',0,0,0),(195,'ALGSL','ALGASOIL x LIBRA',9989,0.44,0.55,NULL,NULL,NULL,'ECUAQUIMICA','6','2',0,0,0),(196,'ALLTIN10','ALLMECTIN 1% FRASCO DE 10 ML-IVERMECTINA',10001,1.01,1.50,'0','','INTERNO EXTERNO','23','7','13',0,0,0),(197,'ALLTIN100','ALLMECTIN 1% FRASCO DE 100 ML',10000,6.77,10.09,NULL,NULL,'INTERNO EXTERNO','FARBIOVET','7','13',0,0,0),(198,'ALLTIN50','ALLMECTIN 1% FRASCO DE 50 ML',10000,NULL,6.60,NULL,NULL,'INTERNO EXTERNO','FARBIOVET','7','13',0,0,0),(199,'ALLTIN500','ALLMECTIN 1% FRASCO DE 500 ML',10000,NULL,26.25,NULL,NULL,'INTERNO EXTERNO','FARBIOVET','7','13',0,0,0),(200,'ALLFORT10','ALLMECTIN FORTE FRASCO DE 10 ML',10007,2.40,3.32,NULL,NULL,'INTERNO EXTERNO','FARBIOVET','7','13',0,0,0),(201,'ALLFORT100','ALLMECTIN FORTE FRASCO DE 100 ML',10000,NULL,15.63,NULL,NULL,'INTERNO EXTERNO','FARBIOVET','7','13',0,0,0),(202,'ALLFORT50','ALLMECTIN FORTE FRASCO DE 50 ML',10000,NULL,8.00,NULL,NULL,'INTERNO EXTERNO','FARBIOVET','7','13',0,0,0),(203,'ALLFORT500','ALLMECTIN FORTE FRASCO DE 500 ML',10000,NULL,62.01,NULL,NULL,'INTERNO EXTERNO','FARBIOVET','7','13',0,0,0),(204,'ALLTINGOT10','ALLMECTIN POUR ON GOTERO DE 10 ML',10000,NULL,1.31,NULL,NULL,'TOPICO ECTOPARASITOS','FARBIOVET','7','13',0,0,0),(205,'ALLTINGOT60','ALLMECTIN POUR ON GOTERO DE 60 ML',10000,NULL,5.90,NULL,NULL,'TOPICO ECTOPARASITOS','FARBIOVET','7','13',0,0,0),(206,'ALPALO','ALPISTE PAJARO LOCO DE 500 GR.',10000,0.90,1.13,'GRABA IVA',NULL,NULL,'6','1','7',0,0,0),(207,'ALPISLIB','ALPISTE x LIBRAS',10000,NULL,1.00,NULL,NULL,NULL,'37','1','7',0,0,0),(208,'AMCLACAP','AMOX-CLA CAPSULAS',10000,NULL,0.25,NULL,NULL,'AMPLIO ESPECTRO','FARBIOVET','7','9',0,0,0),(209,'ANAS61','ANILLO NASAL PARA TOROS 61 MM',10000,6.43,9.00,NULL,NULL,NULL,'18','7','4',0,0,0),(210,'ANIQ100','ANIQUILADOR DE 100 CC',10000,2.29,3.30,NULL,NULL,NULL,'AGRO INSUMOS','6','61',0,0,0),(211,'ANIQ250','ANIQUILADOR DE 250 CC',10000,4.73,6.39,NULL,NULL,NULL,'AGRO INSUMOS','6','61',0,0,0),(212,'APETINY100','APETOVIT INYECTABLE FRASCO DE 100 ML',10000,NULL,6.94,NULL,NULL,NULL,'FARBIOVET','7','99',0,0,0),(213,'APETINY20','APETOVIT INYECTABLE FRASCO DE 20 ML',10000,NULL,2.84,NULL,NULL,NULL,'FARBIOVET','7','99',0,0,0),(214,'APETORAL100','APETOVIT ORAL FRASCO DE 100 ML',10000,4.17,5.53,NULL,NULL,NULL,'FARBIOVET','7','99',0,0,0),(215,'APBOLTL','APIO BONANZA TALL UTAH 52-70 LATA DE 1 LIBRA',9993,2526.00,32.50,NULL,NULL,NULL,'6','6','92',0,0,0),(216,'APBOONZ','APIO BONANZA TALL UTAH 52-70 x ONZAS',10000,1.63,2.25,NULL,NULL,NULL,'6','6','92',0,0,0),(217,'APLARET','APLICADOR DE ARETE 49-56 49S',10000,31.31,39.14,NULL,NULL,NULL,'18','7','60',0,0,0),(218,'ARENGAT','ARENA DE GATOS x KILOS',10000,NULL,1.50,NULL,NULL,NULL,NULL,'1','97',0,0,0),(219,'ABAMFUN','ARETE BOVINO AMARILLO FUNDA 25 UNIDADES',10000,11.91,14.89,NULL,NULL,NULL,'MISTERGENES S.A.','7','60',0,0,0),(220,'ABAMUND','ARETE BOVINO AMARILLO x UNIDAD',10000,0.48,0.75,NULL,NULL,NULL,'MISTERGENES S.A.','7','60',0,0,0),(221,'ABTOFUN','ARETE BOVINO TOMATE FUNDA 25 UNIDADES',10000,11.91,14.89,NULL,NULL,NULL,'MISTERGENES S.A.','7','60',0,0,0),(222,'ABTOUND','ARETE BOVINO TOMATE x UNIDAD',10000,0.48,0.75,NULL,NULL,NULL,'MISTERGENES S.A.','7','60',0,0,0),(223,'ARBRTSBL25','ARETE DE BROCHE TS B L MEDIO CELESTE FUNDA DE 25 UNIDADES',10000,12.25,15.32,NULL,NULL,NULL,'18','7','4',0,0,0),(224,'ARBRBLUND','ARETE DE BROCHE XF B L CELESTE x UNIDADES',10000,0.79,1.03,NULL,NULL,NULL,'18','7','4',0,0,0),(225,'ARBRXFGL25','ARETE DE BROCHE XF G L VERDE FUNDA DE 25 UNIDADES',10000,19.75,24.75,NULL,NULL,NULL,'18','7','4',0,0,0),(226,'ARETBA','ARETEADORA TIPO BAYONETA',10000,3.99,4.98,NULL,NULL,NULL,'MISTERGENES S.A.','7','60',0,0,0),(227,'ARGAGRGRU','ARGOLLAS PARA GANADO GRANDE GRUESA',10000,NULL,6.50,NULL,NULL,NULL,'MARIANA ALBARRACIN','7','4',0,0,0),(228,'ARGAGRDEL','ARGOLLAS PARA GANADO GRANDES DELGADAS',10000,NULL,5.75,NULL,NULL,NULL,'MARIANA ALBARRACIN','7','4',0,0,0),(229,'ARGAMEGRU','ARGOLLAS PARA GANADO MEDIANA GRUESAS',10000,NULL,5.50,NULL,NULL,NULL,'MARIANA ALBARRACIN','7','4',0,0,0),(230,'ARGAMEDEL','ARGOLLAS PARA GANADO MEDIANAS DELGADAS',10000,NULL,4.75,NULL,NULL,NULL,'MARIANA ALBARRACIN','7','4',0,0,0),(231,'ARGAPEDEL','ARGOLLAS PARA GANADO PEQUEÑAS DELGADAS',10000,NULL,4.50,NULL,NULL,NULL,'MARIANA ALBARRACIN','7','4',0,0,0),(232,'ARGAEXGR','ARGOLLAS XXL',10000,NULL,9.00,NULL,NULL,NULL,'MARIANA ALBARRACIN','7','4',0,0,0),(233,'AVASHTCAJ2','ARVEJA ASHTON CAJA DE 2 KILOS',10000,19.09,20.00,NULL,NULL,NULL,'5','6','92',0,0,0),(234,'AVBOALS50','ARVEJA BONANZA ALDERMAN SACO DE 50 LIBRAS',10000,100.00,125.00,NULL,NULL,NULL,'6','6','92',0,0,0),(235,'AVBOALL','ARVEJA BONANZA ALDERMAN x LIBRAS',10000,2.00,2.60,NULL,NULL,NULL,'6','6','92',0,0,0),(236,'AVBOEPS50','ARVEJA BONANZA EARLY PERFECTION SACO DE 50 LIBRAS',10002,88.00,110.00,NULL,NULL,NULL,'6','6','92',0,0,0),(237,'AVBOEPL','ARVEJA BONANZA EARLY PERFECTION x LIBRAS',9990,1.76,2.80,NULL,NULL,NULL,'6','6','92',0,0,0),(238,'AVPUNEG100','ARVEJA PUNTO NEGRO SACO DE 100 LIBRAS',10000,65.00,85.00,NULL,NULL,NULL,'ELSA SILVA','6','92',0,0,0),(239,'AVPUNEGLIB','ARVEJA PUNTO NEGRO x LIBRAS',10000,0.65,0.85,NULL,NULL,NULL,'ELSA SILVA','6','92',0,0,0),(240,'AVQUANCAJ2','ARVEJA QUANTUM CAJA DE 2 KILOS',10000,18.40,NULL,NULL,NULL,NULL,'5','6','92',0,0,0),(241,'ASINY50','ASCORBOL INYECTABLE DE 50 ML',10000,10.76,13.45,NULL,NULL,NULL,'EDGAR ESPIN','7','99',0,0,0),(242,'ASPLTB50','ASCORBOL PLUS TABLETAS DE 400 MG x CAJA DE 50 UNIDADES',10000,15.20,19.00,NULL,NULL,NULL,'EDGAR ESPIN','7','99',0,0,0),(243,'ASPLTBUND','ASCORBOL PLUS TABLETAS DE 400 MG x UNIDADES',10000,0.31,0.40,NULL,NULL,NULL,'EDGAR ESPIN','7','99',0,0,0),(244,'ASPIMPBAS','ASPERSOR DE  AGUA DE IMPULSO CON BASE H2300',10000,0.99,2.00,NULL,NULL,NULL,'TRUJILLO','5','39',0,0,0),(245,'ASP3/4NEG','ASPERSOR DE 3/4 COLOR NEGRO',10000,NULL,10.00,NULL,NULL,NULL,'IMPORTADORA LARTIZCO','5','39',0,0,0),(246,'ASRA20','ASPERSORA RAPIT REF. 221 DE 20 LITROS',10002,57.60,65.87,NULL,NULL,NULL,'22','8','46',0,0,0),(247,'ASPO15','ASUNTOL POLVO SOBRE DE 15 G.',10000,1.58,1.79,NULL,NULL,'TOPICO ECTOPARASITOS','ECUAQUIMICA','7','13',0,0,0),(248,NULL,'ATROPINA SULFATO INYECTABLE',10000,NULL,3.20,NULL,NULL,'ENVENENAMIENTOS',NULL,'7','10',0,0,0),(249,'ATRZOO10','ATROPINA-ZOO DE 10 ML',10000,NULL,NULL,NULL,NULL,'ENVENENAMIENTOS','20','7','10',0,0,0),(250,'ATRZOO50','ATROPINA-ZOO DE 50 ML',10000,NULL,NULL,NULL,NULL,'ENVENENAMIENTOS','20','7','10',0,0,0),(251,'AVADCA25','AVANDAL DIFAS POLVO SOBRE DE 10 GR. CAJA DE 25 SOBRES',10000,21.60,27.00,NULL,NULL,'RESPIRATORIAS','EDGAR ESPIN','7','9',0,0,0),(252,'AVADSO10','AVANDAL DIFAS POLVO SOBRE DE 10 GR. x UNIDAD',10000,0.87,1.10,NULL,NULL,'RESPIRATORIAS','EDGAR ESPIN','7','9',0,0,0),(253,'AVEF100','AVENA FORRAJERA SACO DE 100 LIBRAS',10000,25.00,35.00,'0','','','43','6','91',0,0,0),(254,'AVEFORRLIB','AVENA FORRAJERA x 1 LIBRA',10000,0.25,0.40,NULL,NULL,NULL,'JOSE GUAMAN','6','91',0,0,0),(255,'AZBE2B','AZADA BELLOTA 2B ',10013,7.42,7.84,NULL,NULL,NULL,'TRUJILLO','4','54',0,0,0),(256,'AZBE2BCAB','AZADA BELLOTA 2B CON CABO',10222,6.28,9.16,'1','','','63','4','54',0,0,0),(257,'AZ80PMKL','AZUFRE 80% PM FUNDA DE 1 KILO',10000,2.71,3.39,NULL,NULL,NULL,'22','6','48',0,0,0),(258,'AZ80PM500','AZUFRE 80% PM FUNDA DE 1/2 KILO',10006,1.36,1.69,NULL,NULL,NULL,'22','6','48',0,0,0),(259,'AZUF50','AZUFRE DE 50 KG.',10000,0.50,31.25,NULL,NULL,NULL,'39','6','40',0,0,0),(260,'AZMIKG','AZUFRE MICRONIZADO DE 1 KG',10000,2.24,2.55,NULL,NULL,NULL,'ECUAQUIMICA','6','48',0,0,0),(261,'AZUFLB','AZUFRE x LIBRAS',10000,NULL,NULL,NULL,NULL,NULL,'39','6','40',0,0,0),(262,'AZUSOB','AZULINA (LOBELIA NANA BLUE)',10000,1.20,1.50,NULL,NULL,NULL,'6','6','93',0,0,0),(263,'BACTPOL20','BACTRIVET POLVO SOBRE DE 20 GR',10000,NULL,1.30,NULL,NULL,'RESPIRATORIAS-DIGESTIVAS','FARBIOVET','7','9',0,0,0),(264,'BACTORL60','BACTRIVET SUSPENSIÓN ORAL FRASCO DE 60 ML ',10000,NULL,4.20,NULL,NULL,'RESPIRATORIAS-DIGESTIVAS','FARBIOVET','7','9',0,0,0),(265,'BAL1L','BALA 55 DE 1 LITRO',10000,12.23,13.90,NULL,NULL,NULL,'ECUAQUIMICA','6','61',0,0,0),(266,'BACEN40','BALANCEADO CERDOS ENGORDE DE 40 KG.',10000,21.56,23.50,NULL,NULL,'ALIMENTO CERDOS','5','7','16',0,0,0),(267,'BACENLB','BALANCEADO CERDOS ENGORDE x LIBRA',10000,0.25,0.30,NULL,NULL,'ALIMENTO CERDOS','5','7','16',0,0,0),(268,'BACIN40','BALANCEADO CERDOS INICIAL  DE 40 KG.',10000,21.75,24.50,NULL,NULL,'ALIMENTO CERDOS','5','7','16',0,0,0),(269,'BACINLI','BALANCEADO CERDOS INICIAL x LIBRA',10000,0.25,0.30,NULL,NULL,'ALIMENTO CERDOS','5','7','16',0,0,0),(270,'BAGL40','BALANCEADO GANADO LECHERO DE 40 KG.',10000,19.11,18.50,NULL,NULL,'ALIMENTO VACAS','5','7','18',0,0,0),(271,'BAGLLI','BALANCEADO GANADO LECHERO x LIBRAS',10000,0.19,0.30,NULL,NULL,'ALIMENTO VACAS','5','7','18',0,0,0),(272,'BAEG40','BALANCEADO PARA AVES ENGORDE GRANULADO DE 40 KG.',10003,25.60,27.00,'0','','ALIMENTO AVES','5','7','15',0,0,0),(273,'BAEGLI','BALANCEADO PARA AVES ENGORDE GRANULADO x LIBRA',10000,0.24,0.32,NULL,NULL,'ALIMENTO AVES','5','7','15',0,0,0),(274,'BAEP40','BALANCEADO PARA AVES ENGORDE POLVO DE 40 KG.',10003,26.09,23.00,NULL,NULL,'ALIMENTO AVES','5','7','15',0,0,0),(275,'BAEPLI','BALANCEADO PARA AVES ENGORDE POLVO x LIBRA',10000,0.25,0.32,NULL,NULL,'ALIMENTO AVES','5','7','15',0,0,0),(276,'BAAI40','BALANCEADO PARA AVES INICIAL DE 40 KG.',10010,25.70,26.00,NULL,NULL,'ALIMENTO AVES','5','7','15',0,0,0),(277,'BAAILI','BALANCEADO PARA AVES INICIAL x LIBRAS',10000,0.27,0.32,NULL,NULL,'ALIMENTO AVES','5','7','15',0,0,0),(278,'BALZ60KL','BALANZA DE 60 KILOS',10000,NULL,NULL,NULL,NULL,NULL,'IMPORTADORA LARTIZCO','2','6',0,0,0),(279,'BALZ5KL','BALANZA PLASTICA DE 5 KILOS',9986,0.00,3.00,'1','','','33','5','3',0,0,0),(280,'BALDPLAST10','BALDES PLÁSTICOS DE 10 LITROS',10000,NULL,1.20,NULL,NULL,NULL,'GERARDO ORTIZ','5','3',0,0,0),(281,'BAND200SQ','BANDEJA X 200 SQ POSICIONES PESO REGUL',10000,3.20,4.50,NULL,NULL,NULL,'ALASKA S.A.','5','3',0,0,0),(282,'BAND288SQ','BANDEJA X 288 SQ POSICIONES PESO REGUL',10000,2.36,3.00,NULL,NULL,NULL,'ALASKA S.A.','5','3',0,0,0),(283,'BAÑSECPET60','BAÑO SECO PET FRASCO DE 60 GR.',10000,NULL,1.50,NULL,NULL,'TOPICO ECTOPARASITOS','37','7','13',0,0,0),(284,'BECHDO1/2','BEBEDERO CHANCHO DE 1/2 C/F DORADO SENCILLO',10000,0.52,1.50,NULL,NULL,NULL,'TRUJILLO','7','60',0,0,0),(285,'BEPLAV4','BEBEDERO DE AVES PLÁSTICO DE 4 LITROS',9909,2.56,3.20,'1','','','5','7','60',0,0,0),(286,'BEPLAV5','BEBEDERO DE AVES PLÁSTICOS DE 5 LITROS',10000,2.40,3.00,NULL,NULL,NULL,'RAÚL MAZÓN','7','60',0,0,0),(287,'BECHACINX1/2','BEBEDERO GRANDE DE 1/2 CHUPÓN PARA CERDO ACERO INOXIDABLE',10000,NULL,7.50,NULL,NULL,NULL,NULL,'7','60',0,0,0),(288,'BECHACINX3/8','BEBEDERO PEQUEÑO DE 3/8 CHUPÓN PARA CERDO ACERO INOXIDABLE',10000,NULL,7.50,NULL,NULL,NULL,NULL,'7','60',0,0,0),(289,'BENOSOB','BELLA DE NOCHE (BELLA DI NOTTE IN MISCUGLIO)',10000,1.20,1.50,NULL,NULL,NULL,'6','6','93',0,0,0),(290,'BENWP100','BENOCOR 50% WP FUNDA DE 100 GR.',10000,1.58,1.89,NULL,NULL,NULL,'22','6','48',0,0,0),(291,'BENWP250','BENOCOR 50% WP FUNDA DE 250 GR.',10023,3.96,4.50,NULL,NULL,NULL,'22','6','48',0,0,0),(292,'BERESOB','BERENJENA VIOLETA ALARGADA (MELANZANA VIOLETTA LUNGA 3)',10000,1.00,1.50,NULL,NULL,NULL,'6','6','93',0,0,0),(293,'BS1LT','BIO SUELO x 1 LITRO',10000,8.13,13.00,NULL,NULL,NULL,'3','6','78',0,0,0),(294,'BS240','BIO SUELO x 240 CC.',9999,2.50,4.00,NULL,NULL,NULL,'3','6','78',0,0,0),(295,'BS500','BIO SUELO x 500 CC.',9994,4.38,7.00,NULL,NULL,NULL,'3','6','78',0,0,0),(296,'BIOBOR40','BIOABOR SACO DE 40 KILOS',10000,7.77,8.50,NULL,NULL,NULL,'5','6','2',0,0,0),(297,'BIMX1','BIOLMAX DE 1 LITRO',10000,4.80,6.50,NULL,NULL,NULL,'AGROBIOTEC','6','19',0,0,0),(298,'BO1LT','BIO-OIDIO x 1 LITRO',10000,15.31,24.50,NULL,NULL,NULL,'3','6','78',0,0,0),(299,'BO100','BIO-OIDIO x 100 CC.',9998,1.88,3.00,NULL,NULL,NULL,'3','6','78',0,0,0),(300,'BIBSTOP100','BIORBOSS TOPICO FRASCO DE 100 ML',10000,NULL,6.56,NULL,NULL,'BAÑO ECTOPARASITOS','FARBIOVET','7','13',0,0,0),(301,'BODLA50','BOLDEMEC LA DE 50 ML',10000,12.16,15.21,NULL,NULL,NULL,'18','7','57',0,0,0),(302,'BOUT13','BOLOS UTERINOS DE 13 GR.',10000,0.80,1.00,NULL,NULL,'RESPIRATORIAS-DIGESTIVAS','EDGAR ESPIN','7','9',0,0,0),(303,'BOCHAGCA2','BOLSA CAUCHO DE AGUA CALIENTE DE 2 LITROS',10000,1.30,3.50,NULL,NULL,NULL,'IMPORTADORA LARTIZCO','3','20',0,0,0),(304,'BOX25','BORAX DECAHIDRATADO SACO DE 25 KG',10000,22.50,25.88,NULL,NULL,NULL,'39','6','41',0,0,0),(305,'BOXL','BORAX DECAHIDRATADO x LIBRAS',10000,0.41,0.52,NULL,NULL,NULL,'39','6','41',0,0,0),(306,'BOTAMR38','BOTAS AMARILLAS No. 38',10000,NULL,7.50,NULL,NULL,NULL,'TRUJILLO','3','21',0,0,0),(307,'BOTAMR40','BOTAS AMARILLAS No. 40',10003,6.79,8.00,NULL,NULL,NULL,'TRUJILLO','3','21',0,0,0),(308,'BOTNEG36','BOTAS CAUCHO NEGRAS NO. 36',9991,5.11,6.75,'1','','','63','3','21',0,0,0),(309,'BOTNEG38','BOTAS NEGRAS No. 38',10000,NULL,6.75,NULL,NULL,NULL,'TRUJILLO','3','21',0,0,0),(310,'BOTNEG40','BOTAS NEGRAS No. 40',10000,NULL,8.25,NULL,NULL,NULL,'TRUJILLO','3','21',0,0,0),(311,'BOVMEC50','BOVIMEC FRASCO DE 50 ML',10000,NULL,13.05,NULL,NULL,'INTERNO EXTERNO','GRUPO GRANDES','7','13',0,0,0),(312,'BOVOL100','BOVINOL DE 100 ML',10000,NULL,4.00,NULL,NULL,NULL,'VITALAGRO','7','87',0,0,0),(313,'BRILL150','BRILLANTE DE 150 GR',9999,3.00,4.70,NULL,NULL,NULL,'AGROANDES','6','48',0,0,0),(314,'BRILL500','BRILLANTE DE 500 GR',9999,7.40,9.50,NULL,NULL,NULL,'AGROANDES','6','48',0,0,0),(315,'BRBOLTL','BROCOLÍ BONANZA ITALIAN GREEN SPROUTING LATA DE 1 LIBRA',10000,10.00,12.50,NULL,NULL,NULL,'6','6','92',0,0,0),(316,'BRBOONZ','BROCOLÍ BONANZA ITALIAN GREEN SPROUTING x ONZAS',10000,0.63,0.90,NULL,NULL,NULL,'6','6','92',0,0,0),(317,'BROMTORL50','BROMTYL ORAL FRASCO DE 50 ML',10000,NULL,3.80,NULL,NULL,'RESPIRATORIAS-DIGESTIVAS','FARBIOVET','7','9',0,0,0),(318,'BROWVIT5','BROWNI-VIT CAPSULAS BLANDAS DE 5 ML',9997,NULL,2.10,NULL,NULL,NULL,'SOCIEDAD SANTA ANA','7','99',0,0,0),(319,'CAZSPR1/2','CABEZA DE SPRINKLER BRONCE 1/2\" TW',10000,4.27,5.75,NULL,NULL,NULL,'IMPORTADORA LARTIZCO','5','39',0,0,0),(320,'CAZSPR3/4','CABEZA DE SPRINKLER BRONCE 3/4\" TW',10000,5.27,6.75,NULL,NULL,NULL,'IMPORTADORA LARTIZCO','5','39',0,0,0),(321,'CABAZD','CABO DE AZADA',10264,0.88,1.31,'1','','','46','4','54',0,0,0),(322,'CAPLTAZ1/4','CABO PLASTICO AZUL DE 1/4',10000,NULL,2.50,NULL,NULL,NULL,'IMPORTADORA LARTIZCO','5','22',0,0,0),(323,'CACBSOB','CACTUS CACTUS PERENNIAL CRIBOSEEDS',10000,NULL,1.50,NULL,NULL,NULL,'13','6','93',0,0,0),(324,'CAMESOB','CACTUS MEZCLADO (CACTACEE IN MISCUGLIO)',10000,1.20,1.50,NULL,NULL,NULL,'6','6','93',0,0,0),(325,'CAPERRDEL','CADENA DE PERRO DELGADA',10000,NULL,1.00,NULL,NULL,NULL,'IMPORTADORA LARTIZCO','1','31',0,0,0),(326,'CAJALMTAPTRAN','CAJA ALMACENADORA C/TAPA TRANSPARENTE',10000,10.05,NULL,'GRAVA IVA',NULL,NULL,'KYWI','2','6',0,0,0),(327,'CAJHERR17','CAJA DE HERRAMIENTAS DE 17\"',10000,NULL,15.00,NULL,NULL,NULL,'TRUJILLO','5','23',0,0,0),(328,'CALFOR500','CALCIFORT 500 ML',10000,7.80,NULL,NULL,NULL,NULL,'AGSO','7','82',0,0,0),(329,'CALORL500','CALCIO ORAL DE 500 ML',10000,NULL,6.40,NULL,NULL,NULL,'GUIMO','7','82',0,0,0),(330,'CALORL490','CALCIO ORAL FRASCO DE 490 ML',10000,NULL,7.22,NULL,NULL,NULL,'FARBIOVET','7','82',0,0,0),(331,'CALORLGOT100','CALCIO ORAL GOTERO DE 100 ML.',10000,NULL,3.20,NULL,NULL,NULL,'FARBIOVET','7','82',0,0,0),(332,'CADXFM100','CALDEX FM DE 100 ML',10000,3.40,4.25,NULL,NULL,NULL,'EDGAR ESPIN','7','82',0,0,0),(333,'CABOR500','CALDO BORDELÉS X KL',9998,3.43,3.90,'0','','','16','6','48',0,0,0),(334,'CALDSOBR','CALENDULA (CALENDULA GIGANTE)',10000,1.12,1.50,NULL,NULL,NULL,'13','6','93',0,0,0),(335,'CALCH1','CALFOSAL LECHE DE 1 KG.',10000,1.32,1.65,NULL,NULL,NULL,'AGROBIOTEC','7','88',0,0,0),(336,'CALCH5','CALFOSAL LECHE DE 5 KG.',10000,5.57,6.08,NULL,NULL,NULL,'AGROBIOTEC','7','88',0,0,0),(337,'CMFEL','CAMA FELPA L',10000,12.00,15.00,'GRAVA IVA',NULL,NULL,'EDGAR ESPIN','1','24',0,0,0),(338,'CMFEM','CAMA FELPA M',10000,9.60,12.00,'GRAVA IVA',NULL,NULL,'EDGAR ESPIN','1','24',0,0,0),(339,'CMFES','CAMA FELPA S',10000,8.00,10.00,'GRAVA IVA',NULL,NULL,'EDGAR ESPIN','1','24',0,0,0),(340,'CAPSIMLSOB','CAMPANULA SIMPLE (CAMPANULA SEMPLICE)',10000,1.12,1.50,NULL,NULL,NULL,'13','6','93',0,0,0),(341,'CANJE2','CANICAT JERINGUILLA DE 2 ML ',10000,NULL,1.10,NULL,NULL,'ORAL INTERNO','31','7','13',0,0,0),(342,'CANJE5','CANICAT JERINGUILLA DE 5 ML ',10000,NULL,1.40,NULL,NULL,'ORAL INTERNO','31','7','13',0,0,0),(343,'CAADFUL','CANIMENTOS ADULTO FUNDA DE 1 LIBRA',10000,0.71,0.90,'1','','ALIMENTO PERROS','11','7','17',0,0,0),(344,'CAADFU2','CANIMENTOS ADULTO FUNDA DE 2 KG.',10000,2.86,3.58,'1','','ALIMENTO PERROS','11','7','17',0,0,0),(345,'CAADFU30','CANIMENTOS ADULTOS FUNDA DE 30 KG.',10004,42.86,45.99,'1','','ALIMENTO PERROS','11','7','17',0,0,0),(346,'CAADLI','CANIMENTOS ADULTOS X LIBRAS',10000,0.56,0.76,'1','','ALIMENTO PERROS','11','7','17',0,0,0),(347,'CACAHFUL','CANIMENTOS CACHORROS FUNDA DE 1 LIBRA',10000,21.10,1.03,'1','','ALIMENTO PERROS','11','7','17',0,0,1),(348,'CACACHFU2','CANIMENTOS CACHORROS FUNDA DE 2 KG.',10000,4.00,4.02,'1','','ALIMENTO PERROS','11','7','17',0,0,0),(349,'CC30','CANIMENTOS CACHORROS FUNDA DE 30 KG.',10002,46.43,50.00,'1','','ALIMENTO PERROS','11','7','17',0,0,0),(350,'CACAHLI','CANIMENTOS CACHORROS X LIBRAS',10000,0.61,0.85,'1','','ALIMENTO PERROS','11','7','17',0,0,0),(351,'CAADSENFU2','CANIMENTOS SENIOR FUNDA DE 2 KG.',10000,3.57,4.46,'1','','ALIMENTO PERROS','11','7','17',0,0,0),(352,'CAVER10TBL','CANIVERMIN CAJA 10 TABLETAS',10000,NULL,2.10,'VERIFICAR',NULL,'ORAL INTERNO',NULL,'7','13',0,0,0),(353,'CANZJER10','CANIZUL PLUS JERINGUILLA DE 10 ML',10000,1.92,2.40,NULL,NULL,'ORAL INTERNO','DISVETEL','7','13',0,0,0),(354,'CANZFR10','CANIZUL SILVER FRASCO DE 10 TABLETAS ',10000,4.80,6.00,NULL,NULL,'ORAL INTERNO','DISVETEL','7','13',0,0,0),(355,'CANZTABL','CANIZUL SILVER x TABLETAS ',10000,0.48,1.00,NULL,NULL,'ORAL INTERNO','DISVETEL','7','13',0,0,0),(356,'CANZ3G','CANIZUL SOBRE DE 3 GR ',10000,0.38,0.47,NULL,NULL,'ORAL INTERNO','DISVETEL','7','13',0,0,0),(357,'CSPEL','CASA PARA PERRO GRANDE L',10000,28.00,35.00,'GRAVA IVA',NULL,NULL,'EDGAR ESPIN','1','24',0,0,0),(358,'CSPEM','CASA PARA PERRO MEDIANO M',10000,20.00,25.00,'GRAVA IVA',NULL,NULL,'EDGAR ESPIN','1','24',0,0,0),(359,'CATGOR200','CASTIGADOR FRASCO DE 200 CC',9999,NULL,8.70,NULL,NULL,NULL,'JORGE DIAZ','6','53',0,0,0),(360,'CATTINS50','CATETER DE INSEMINACIÓN FUNDA DE 50 UNIDADES',10000,NULL,7.25,NULL,NULL,NULL,'20','7','63',0,0,0),(361,'CAZ100','CAZURO DE 100 CC',10047,1.43,1.90,NULL,NULL,NULL,'39','6','61',0,0,0),(362,'CAZ250','CAZURO DE 250 CC',10000,3.32,3.90,NULL,NULL,NULL,'39','6','61',0,0,0),(363,'CEBADA100','CEBADA SACO DE 100 LIBRAS',10000,NULL,NULL,NULL,NULL,NULL,'JOSE GUAMAN','6','91',0,0,0),(364,'CEBADALB','CEBADA x LIBRAS',10000,NULL,NULL,NULL,NULL,NULL,'JOSE GUAMAN','6','91',0,0,0),(365,'CEAGRECRONZ','CEBOLLA AGROSAD ONION RED CREOLE x ONZAS',10000,NULL,1.00,NULL,NULL,NULL,'6','6','92',0,0,0),(366,'CEAGTELTL','CEBOLLA AGROSAD TEXAS EARLY GRANO 502 LATA DE 1 LIBRA',10002,24.90,23.50,NULL,NULL,NULL,'6','6','92',0,0,0),(367,'CEAGTEONZ','CEBOLLA AGROSAD TEXAS EARLY GRANO 502 x ONZAS',10000,1.18,1.65,NULL,NULL,NULL,'6','6','92',0,0,0),(368,'CERBL','CEBOLLA BONANZA RED BURGUNDY LATA DE 1 LIBRA',9993,22.50,28.13,'0','','','6','6','92',0,0,0),(369,'CEBORBONZ','CEBOLLA BONANZA RED BURGUNDY x ONZAS',10000,1.41,1.90,NULL,NULL,NULL,'6','6','92',0,0,0),(370,'CEREDBURCBSOB','CEBOLLA ONION RED BURGUNDY CRIBOSEEDS',10000,NULL,1.50,NULL,NULL,NULL,'13','6','92',0,0,0),(371,'CETEXCBSOB','CEBOLLA ONION TEXAS Y 502 CRIBOSEEDS',10000,NULL,1.50,NULL,NULL,NULL,'13','6','92',0,0,0),(372,'CPAGFUL','CEBOLLA PUERRO AGROSAD AMERICAN FLAG FUNDA DE LIBRA',10000,15.10,18.88,NULL,NULL,NULL,'6','6','92',0,0,0),(373,'CPAGLTL','CEBOLLA PUERRO AGROSAD AMERICAN FLAG LATA DE 1 LIBRA',10000,17.65,20.00,NULL,NULL,NULL,'6','6','92',0,0,0),(374,'CPAGONZ','CEBOLLA PUERRO AGROSAD AMERICAN FLAG x ONZA',10000,1.00,1.30,NULL,NULL,NULL,'6','6','92',0,0,0),(375,'CPCBLTL','CEBOLLA PUERRO CRIBOSEED LATA DE 1 LIBRA',10000,26.00,NULL,NULL,NULL,NULL,'13','6','92',0,0,0),(376,'CBAGTLTL','CEBOLLIN AGROSAD TOKYO LONG LATA DE 1 LIBRA',10000,20.50,25.63,NULL,NULL,NULL,'6','6','92',0,0,0),(377,'CBAGTONZ','CEBOLLIN AGROSAD TOKYO LONG x ONZAS',10000,1.29,1.75,NULL,NULL,NULL,'6','6','92',0,0,0),(378,'CEFBRO20','CEFTO BROM FRASCO DE 20 ML',10000,NULL,6.56,NULL,NULL,'ANTIMASTITICO','FARBIOVET','7','9',0,0,0),(379,'CELMAX10','CELOFIJO MAX DE 10 ML',10000,2.40,3.20,NULL,NULL,NULL,'AGSO','7','57',0,0,0),(380,'CELINY10','CELO-IN INY FRASCO DE 10 ML',10000,NULL,2.48,NULL,NULL,NULL,'FARBIOVET','7','57',0,0,0),(381,'CELINY100','CELO-IN INY FRASCO DE 100 ML',10000,NULL,10.63,NULL,NULL,NULL,'FARBIOVET','7','57',0,0,0),(382,'CREGASOB','CELOSIA CRESTA DE GALLO (CELOSIA CRESTA DI GALLO IN MISCUGLIO)',10000,1.20,1.50,NULL,NULL,NULL,'6','6','93',0,0,0),(383,'CENTSOB','CENTAUREA (FLORDALISCO ANCIANO DOBLE) FIORDALISO DOPPIO IN MISCUGLIO',10000,1.20,1.50,NULL,NULL,NULL,'6','6','93',0,0,0),(384,'CEPCHCAF','CEPILLO CAUCHO CAFÉ-847',10000,NULL,2.00,NULL,NULL,NULL,'MARIANA ALBARRACIN','1','97',0,0,0),(385,'CEPMNEG','CEPILLO MANGO NEGRO',10000,2.56,3.20,NULL,NULL,NULL,'18','1','97',0,0,0),(386,'CEPTCA','CEPILLO TIPO CURRY AMARILLO',10000,3.23,4.04,'GRAVA IVA',NULL,NULL,'18','1','97',0,0,0),(387,'CERELC10KM','CERCA ELÉCTRICA 10 KM PLYRAP',10000,95.99,119.99,'GRAVA IVA',NULL,NULL,'MISTERGENES S.A.','7','60',0,0,0),(388,'CERL1L','CERILLO FRASCO DE 1 LITRO',10000,6.33,7.20,NULL,NULL,NULL,'ECUAQUIMICA','6','53',0,0,0),(389,'CESALFCB454','CÉSPED ALFOMBRA CRIBOSEED DE 454 GR.',10000,NULL,6.00,NULL,NULL,NULL,'JAIME ÑAUTA','6','93',0,0,0),(390,'CESTRILI','CÉSPED TRI-SxT LAW GRASS WESTAR x LIBRAS',10000,2.65,3.71,NULL,NULL,NULL,'6','6','93',0,0,0),(391,'CHAMA','CHAQUETA IMPERMEABLE AMARILLA',9999,0.00,10.50,'0','','','36','3','25',0,0,0),(392,'PAJCHI','CHIMBORAZO PAJUELA GIR LECHERO',10000,5.96,7.95,NULL,NULL,NULL,'AGSO','7','64',0,0,0),(393,'CIVET500','CICAVET FRASCO DE 500 CC',10000,NULL,5.60,NULL,NULL,'HERIDAS','VITALAGRO','7','27',0,0,0),(394,'CINBOV','CINTA BOVIMETRICA ',10000,12.85,16.07,NULL,NULL,NULL,'18','7','63',0,0,0),(395,'CIPER15GARR','CIPERMETRINA 15%  FRASCO DE 20 CC',10000,NULL,1.55,NULL,NULL,'BAÑO ECTOPARASITOS','JULIO BENAVIDES','7','13',0,0,0),(396,'CIPER25CE250','CIPERMETRINA 25-CE FRASCO DE 250 CC',10000,2.81,3.20,NULL,NULL,NULL,'ECUAQUIMICA','6','61',0,0,0),(397,'CIROXTOP20','CIPEROX TOPICO FRASCO DE 20 CC',10000,NULL,2.13,NULL,NULL,'BAÑO ECTOPARASITOS','FARBIOVET','7','13',0,0,0),(398,'CIFLOXGOT10','CIPROFLOX 20% GOTERO DE 10 CC',10000,NULL,2.28,NULL,NULL,'RESPIRATORIAS','FARBIOVET','7','9',0,0,0),(399,'CIFLOXPOV20','CIPROFLOX 20% POLVO SOBRE DE 20 GR.',10000,NULL,1.70,NULL,NULL,'RESPIRATORIAS-DIGESTIVAS','FARBIOVET','7','9',0,0,0),(400,'CITDES25','CITOFEED DESARROLLO 16-11-16 FUNDA DE 25 KG HIDROSOLUBLE VERDE',10000,66.25,1.52,NULL,NULL,NULL,'39','6','41',0,0,0),(401,'CITDESL','CITOFEED DESARROLLO 16-11-16 x LIBRAS HIDROSOLUBLE VERDE',9998,1.21,1.00,NULL,NULL,NULL,'39','6','41',0,0,0),(402,'CITENG35','CITOFEED ENGROSE 15-05-30 FUNDA DE 25 KG HIDROSOLUBLE TOMATE',10000,66.25,76.19,NULL,NULL,NULL,'39','6','41',0,0,0),(403,'CITENGL','CITOFEED ENGROSE 15-05-30 x LIBRAS HIDROSOLUBLE TOMATE',9996,1.21,1.52,NULL,NULL,NULL,'39','6','41',0,0,0),(404,'CITFLO25','CITOFEED FLORACIÓN 13-40-13  FUNDA DE 25 KG HIDROSOLUBLE MORADO',10002,74.00,86.25,NULL,NULL,NULL,'39','6','41',0,0,0),(405,'CITFLOL','CITOFEED FLORACIÓN 13-40-13 x LIBRAS HIDROSOLUBLE MORADO',9928,1.37,1.72,NULL,NULL,NULL,'39','6','41',0,0,0),(406,'CITMAN25','CITOFEED MANTENIMIENTO 18-18-18 FUNDA DE 25 KG HIDROSOLUBLE CELESTE',10000,66.25,76.19,NULL,NULL,NULL,'39','6','41',0,0,0),(407,'CITMANL','CITOFEED MANTENIMIENTO 18-18-18 x LIBRAS HIDROSOLUBLE CELESTE',10000,1.21,1.52,NULL,NULL,NULL,'39','6','41',0,0,0),(408,'CLCHASOB','CLAVEL CHINO AMARILLO (TAGETE NANA CUPIDO DOPPIA IN MISCUGLIO)',10000,1.20,1.50,NULL,NULL,NULL,'6','6','93',0,0,0),(409,'CLCHDMSOB','CLAVEL CHINO DOBLE MEZCLADO (TAGETE ALTA DOPPIA IN MISCUGIO)',10000,1.20,1.50,NULL,NULL,NULL,'6','6','93',0,0,0),(410,'CLCHENSOB','CLAVEL CHINO ENANO MEZCLADO (TAGETE NANA PATULA DOPPIA IN MISCUGLIO)',10000,1.20,1.50,NULL,NULL,NULL,'6','6','93',0,0,0),(411,'CLDOBSOB','CLAVEL DOBLE BLANCO (GAROFANO CHABAUD BIANCO SCREZIATO)',10000,1.20,1.50,NULL,NULL,NULL,'6','6','93',0,0,0),(412,'CLDORSOB','CLAVEL DOBLE ROJO (GAROFANO CHABAUD DOPPIO ROSSO)',10000,1.20,1.50,NULL,NULL,NULL,'6','6','93',0,0,0),(413,'CLVROSOBR','CLAVEL ROSADO (CLAVEL CHABAUD ROSA) CRIBOSEED',10000,1.12,1.50,NULL,NULL,NULL,'13','6','93',0,0,0),(414,'CMA1','CMA FRASCO DE 1 LITRO',9982,3.60,5.50,NULL,NULL,NULL,'AGROBIOTEC','6','72',0,0,0),(415,'COCL','COL AGROSAD COPENHAGUEN MARKET LATA DE 1 LIBRA',10013,0.00,12.25,'0','','','6','6','92',0,0,0),(416,'COAGCOONZ','COL AGROSAD COPENHAGUEN MARKET x ONZAS',10000,0.62,0.85,NULL,NULL,NULL,'6','6','92',0,0,0),(417,'COCBSOB','COL CABBAGE QUINTAL CRIBOSEEDS',10000,NULL,1.50,NULL,NULL,NULL,'13','6','92',0,0,0),(418,'COHIBTOKITA100','COL HÍBRIDA TOKITA DE 100 GR.',9990,42.80,NULL,NULL,NULL,NULL,'6','6','92',0,0,0),(419,'CMSOB','COL MORADA (CICORIA PALLA ROSSA 3)',10000,1.12,1.50,'0','','','13','6','92',0,0,0),(420,'CMAGLB','COL MORADA AGROSAD RED METEOR LATA DE 1 LIBRA',10001,9.70,12.73,'0','','','6','6','92',0,0,0),(421,'CMAGROZ','COL MORADA AGROSAD RED METEOR X ONZAS',9998,0.64,0.90,'0','','','6','6','92',0,0,0),(422,'CONAMICHCBLB','COL NABO MICHIHILI CRIBOSEEDS DE 1 LIBRA',10010,11.69,15.00,NULL,NULL,NULL,'13','6','92',0,0,0),(423,'CONAMICHCBONZ','COL NABO MICHIHILI CRIBOSEEDS x ONZAS',10000,NULL,1.20,NULL,NULL,NULL,'13','6','92',0,0,0),(424,'COCHT','COLCHONETA',10000,9.60,12.00,'GRAVA IVA',NULL,NULL,'EDGAR ESPIN','1','24',0,0,0),(425,'CFBOSLTL','COLIFLOR BONANZA SNOWBALL LATA DE 1 LIBRA',10001,19.36,29.00,NULL,NULL,NULL,'6','6','92',0,0,0),(426,'CFBOSONZ','COLIFLOR BONANZA SNOWBALL x ONZAS',10000,1.45,1.90,NULL,NULL,NULL,'6','6','92',0,0,0),(427,'COLFSNLTL','COLIFLOR SNOWBALL EMERALD LATA DE 1 LIBRA',10000,19.36,22.00,NULL,NULL,NULL,'ECUAQUIMICA','6','92',0,0,0),(428,'COAV10','COMEDERO AVES DE 10 LIBRAS',10000,3.51,4.39,'GRABA IVA',NULL,NULL,'5','7','60',0,0,0),(429,'COMAKPIC','COMEDERO MASCOTAS K PICA',10000,NULL,3.50,NULL,NULL,NULL,'K-PICA','1','98',0,0,0),(430,'COMAREDGR','COMEDERO MASCOTAS REDONDO GRANDE',10003,2.03,2.00,NULL,NULL,NULL,'TRUJILLO','1','98',0,0,0),(431,'COMAREDPEQ','COMEDERO MASCOTAS REDONDO PEQUEÑO',10003,1.32,1.50,NULL,NULL,NULL,'TRUJILLO','1','98',0,0,0),(432,'COMATIHUE','COMEDERO MASCOTAS TIPO HUESO',10000,NULL,5.25,NULL,NULL,NULL,'37','1','98',0,0,0),(433,'COPLAV3KLAG','COMEDERO PLÁSTICO PARA  AVES DE 3 KILOS AGRIPAC',10000,NULL,5.00,NULL,NULL,NULL,'5','7','60',0,0,0),(434,'COPLAV3KL','COMEDERO PLASTICO PARA AVES DE 3 KILOS',10000,3.00,3.75,NULL,NULL,NULL,'RAÚL MAZÓN','7','60',0,0,0),(435,'COPLB10','COMPLEJO B FRASCO DE 10 ML',10003,0.90,1.50,NULL,NULL,NULL,'FARBIOVET','7','99',0,0,0),(436,'COPLB100','COMPLEJO B FRASCO DE 100 ML',10000,2.92,6.75,NULL,NULL,NULL,'FARBIOVET','7','99',0,0,0),(437,'COPLB20','COMPLEJO B FRASCO DE 20 ML',10000,NULL,0.65,NULL,NULL,NULL,'FARBIOVET','7','99',0,0,0),(438,'COPLBFT10','COMPLEJO B FUERTE FRASCO DE 10 CC',10000,NULL,2.25,NULL,NULL,NULL,'SUFARMA','7','99',0,0,0),(439,'CORB375','CORBAT DE 375 GR',10000,5.72,7.15,NULL,NULL,NULL,'BIOPRODUCCION','6','48',0,0,0),(440,'CORB750','CORBAT DE 750 GR',10000,10.56,13.20,NULL,NULL,NULL,'BIOPRODUCCION','6','48',0,0,0),(441,NULL,'CORREA COELLO CON DISEÑO GRANDE',10000,NULL,1.00,NULL,NULL,NULL,'MARIANA ALBARRACIN','7','4',0,0,0),(442,NULL,'CORREA COELLO CON DISEÑO MEDIANO',10000,NULL,1.00,NULL,NULL,NULL,'MARIANA ALBARRACIN','7','4',0,0,0),(443,NULL,'CORREA COELLO CON DISEÑO PEQUEÑO',10000,NULL,0.50,NULL,NULL,NULL,'MARIANA ALBARRACIN','7','4',0,0,0),(444,NULL,'CORREA COELLO CUERO MEDIANO',10000,NULL,1.00,NULL,NULL,NULL,'MARIANA ALBARRACIN','7','4',0,0,0),(445,NULL,'CORREA COELLO CUERO PEQUEÑA',10000,NULL,0.50,NULL,NULL,NULL,'MARIANA ALBARRACIN','7','4',0,0,0),(446,NULL,'CORREA COELLO PECHO PEQUEÑO SIN DISEÑO',10000,NULL,2.00,NULL,NULL,NULL,'MARIANA ALBARRACIN','7','4',0,0,0),(447,NULL,'CORREA COMANDO TRENZA METAL',10000,NULL,NULL,NULL,NULL,NULL,'MARIANA ALBARRACIN','7','4',0,0,0),(448,NULL,'CORREA DE PECHO X COELLO REGULABLE GRANDE',10000,NULL,2.90,NULL,NULL,NULL,'MARIANA ALBARRACIN','1','31',0,0,0),(449,NULL,'CORREA MEDIANA CHAL CON DISEÑO',10000,NULL,3.50,NULL,NULL,NULL,'MARIANA ALBARRACIN','7','4',0,0,0),(450,NULL,'CORREA MEDIANA COELLO PLAST SINDIS',10000,NULL,2.70,NULL,NULL,NULL,'MARIANA ALBARRACIN','7','4',0,0,0),(451,NULL,'CORREA MEDIANA PLAST CHALECO',10000,NULL,3.30,NULL,NULL,NULL,'MARIANA ALBARRACIN','7','4',0,0,0),(452,NULL,'CORREA PARA PERROS GRANDES PLAST SINDIS',10000,NULL,8.00,NULL,NULL,NULL,'MARIANA ALBARRACIN','7','4',0,0,0),(453,NULL,'CORREA PEQUEÑA CON DISEÑO',10000,NULL,1.95,NULL,NULL,NULL,'MARIANA ALBARRACIN','7','4',0,0,0),(454,NULL,'CORREA PEQUEÑA CON DISEÑO',10000,NULL,2.45,NULL,NULL,NULL,'MARIANA ALBARRACIN','7','4',0,0,0),(455,NULL,'CORREA PEQUEÑA CON DISEÑO CHALECO',10000,NULL,2.90,NULL,NULL,NULL,'MARIANA ALBARRACIN','7','4',0,0,0),(456,NULL,'CORREA PEQUEÑA CON DISEÑO DELA',10000,NULL,1.75,NULL,NULL,NULL,'MARIANA ALBARRACIN','7','4',0,0,0),(457,NULL,'CORREA PEQUEÑA CON DISEÑO PLAST',10000,NULL,2.75,NULL,NULL,NULL,'MARIANA ALBARRACIN','7','4',0,0,0),(458,NULL,'CORREA PEQUEÑA GRUESA CON DISEÑO',10000,NULL,2.65,NULL,NULL,NULL,'MARIANA ALBARRACIN','7','4',0,0,0),(459,NULL,'CORREA PEQUEÑA SIN DISEÑO',10000,NULL,2.00,NULL,NULL,NULL,'MARIANA ALBARRACIN','7','4',0,0,0),(460,NULL,'CORREA PET IS FRIEND 12 KILOS',10000,NULL,2.80,NULL,NULL,NULL,'MARIANA ALBARRACIN','7','4',0,0,0),(461,NULL,'CORREA PET IS FRIEND 30 KILOS',10000,NULL,3.80,NULL,NULL,NULL,'MARIANA ALBARRACIN','7','4',0,0,0),(462,NULL,'CORREA PROM',10000,NULL,0.50,NULL,NULL,NULL,'MARIANA ALBARRACIN','7','4',0,0,0),(463,NULL,'CORREA TRENZA DE ACERO',10000,NULL,1.00,NULL,NULL,NULL,'MARIANA ALBARRACIN','7','4',0,0,0),(464,'CORPAJ','CORTAPAJUELAS',10000,8.95,NULL,NULL,NULL,NULL,'MARITZA ALBAN','7','60',0,0,0),(465,'COSSAC','COSEDORA DE SACOS',10000,NULL,NULL,'ACTIVO',NULL,NULL,'BROTHER','2','6',0,0,0),(466,'COUR250','COURAGE FRASCO DE 250 CC',9999,3.60,4.50,NULL,NULL,NULL,'BIOPRODUCCION','6','61',0,0,0),(467,'COUR50','COURAGE FRASCO DE 50 CC',10000,1.00,1.25,NULL,NULL,NULL,'BIOPRODUCCION','6','61',0,0,0),(468,'CREFRVIDLT','CRESO FRASCO DE VIDRIO DE 1 LITRO',10000,3.52,4.75,NULL,NULL,'AMBIENTE','6','7','34',0,0,0),(469,'CRDOCBSOB','CRISANTEMO CHRYSANTHEMUM DOBLE CRIBOSEEDS',10000,NULL,1.50,NULL,NULL,NULL,'13','6','93',0,0,0),(470,'CRDOSOB','CRISANTEMO DOBLE VARIADO (ASTRO UNICUM DOPPIO IN MISCUGLIO)',10000,1.20,1.50,NULL,NULL,NULL,'6','6','93',0,0,0),(471,'CRPRSOB','CRISANTEMO PRINCESA DOBLE VARIADO (ASTRO PRINCIPESSA DOPPIO IN MISCUGLIO)',10000,1.20,1.50,NULL,NULL,NULL,'6','6','93',0,0,0),(472,'CRSISOB','CRISANTEMO SIMPLE (ASTRO SEMPLICE IN MISCUGLIO)',10000,1.20,1.50,NULL,NULL,NULL,'6','6','93',0,0,0),(473,'CHIPAJ15','CUCHILLO PROFESIONAL LA PAJARITA 15 CM.',9999,5.74,6.75,'1','','','33','4','32',0,0,0),(474,'CHIPAJ20','CUCHILLO PROFESIONAL LA PAJARITA 20 CM.',10003,5.37,7.50,NULL,NULL,NULL,'IMPORTADORA LARTIZCO','4','32',0,0,0),(475,'CUSUNA6','CUERDA SUPERIOR NÁUTICA CALIBRE 6 x METROS',10000,NULL,0.30,NULL,NULL,NULL,'N-T ECUADOR','5','22',0,0,0),(476,'CUSUNA8','CUERDA SUPERIOR NÁUTICA CALIBRE 8 x METROS',10000,NULL,0.38,NULL,NULL,NULL,'N-T ECUADOR','5','22',0,0,0),(477,'CUSUTRI10','CUERDA SUPERIOR PERLÓN TRICOLOR CALIBRE 10 x METROS',10000,NULL,0.48,NULL,NULL,NULL,'N-T ECUADOR','5','22',0,0,0),(478,'CUSUTRI12','CUERDA SUPERIOR PERLÓN TRICOLOR CALIBRE 12 x METROS',10000,NULL,0.78,NULL,NULL,NULL,'N-T ECUADOR','5','22',0,0,0),(479,'CUPRF250','CUPROFIX FUNDA DE 250 GR.',10000,2.02,2.30,NULL,NULL,NULL,'ECUAQUIMICA','6','48',0,0,0),(480,'CUPRF500','CUPROFIX FUNDA DE 500 GR.',10000,3.69,4.20,NULL,NULL,NULL,'ECUAQUIMICA','6','48',0,0,0),(481,'CURC100','CURACRON FRASCO DE 100 CC',10000,3.43,3.90,NULL,NULL,NULL,'ECUAQUIMICA','6','61',0,0,0),(482,'CURC250','CURACRON FRASCO DE 250 CC',10000,6.86,7.80,NULL,NULL,NULL,'ECUAQUIMICA','6','61',0,0,0),(483,'CUR50','CURACRON FRASCO DE 50 CC',10000,1.93,2.20,NULL,NULL,NULL,'ECUAQUIMICA','6','61',0,0,0),(484,'CFB1LT','CURAGRO x 1 LITRO',10000,7.63,12.20,NULL,NULL,NULL,'3','6','78',0,0,0),(485,'CFB240','CURAGRO x 240 CC.',9999,2.19,3.50,NULL,NULL,NULL,'3','6','78',0,0,0),(486,'CFB500','CURAGRO x 500 CC.',9999,3.94,6.30,NULL,NULL,NULL,'3','6','78',0,0,0),(487,'CUR250','CURARE FRASCO DE 250 ML.',10018,5.38,7.30,NULL,NULL,NULL,'39','6','14',0,0,0),(488,'CUTOL120','CURETOL SPRAY FRASCO DE 120 CC',10000,1.58,1.98,NULL,NULL,'HERIDAS','ECUAQUIMICA','7','28',0,0,0),(489,'CYPER100','CYPERCOR 20 % E.C. FRASCO DE 100 CC',10000,1.14,1.43,NULL,NULL,NULL,'22','6','61',0,0,0),(490,'CYPER250','CYPERCOR 20 % E.C. FRASCO DE 250 CC',9998,2.87,2.92,NULL,NULL,NULL,'22','6','61',0,0,0),(491,'DAC4D500','DACOCIDA 4D FRASCO DE 500 CC',10000,3.47,3.95,NULL,NULL,NULL,'ECUAQUIMICA','6','53',0,0,0),(492,'DACFW400','DACONIL 720 FW FRASCO DE 400 CC',10000,5.72,6.50,NULL,NULL,NULL,'ECUAQUIMICA','6','48',0,0,0),(493,'DACULT225','DACONIL ULTREX LATA DE 225 GR.',10000,5.45,6.20,NULL,NULL,NULL,'ECUAQUIMICA','6','48',0,0,0),(494,'DACULT450','DACONIL ULTREX LATA DE 450 GR.',10000,10.47,11.90,NULL,NULL,NULL,'ECUAQUIMICA','6','48',0,0,0),(495,'DALSISOB','DALIA SIMPLE ENANA VARIADA (DALIA MIGNON SEMPLICE IN MISCUGLIO)',10000,1.20,1.50,NULL,NULL,NULL,'6','6','93',0,0,0),(496,'DEINDGR','DELANTAL INDUSTRIAL GRANDE',10000,NULL,3.85,NULL,NULL,NULL,'PROTEZIONA','3','33',0,0,0),(497,'DEINDMED','DELANTAL INDUSTRIAL MEDIANO',10000,NULL,3.55,NULL,NULL,NULL,'PROTEZIONA','3','33',0,0,0),(498,'DEPR100','DEPREDADOR FUNDA DE 100 GR',10000,1.81,2.60,NULL,NULL,NULL,'AGRO INSUMOS','6','61',0,0,0),(499,'DDEPET30','DERMO PET TUBO DE 30 GR ',10000,NULL,3.08,NULL,NULL,'DERMATITIS','31','7','12',0,0,0),(500,'DERPOM','DERMOLAN POMADA TUBO DE 50 GR.',10005,4.41,3.55,NULL,NULL,'TOPICO','5','7','36',0,0,0),(501,'DESTOP60','DESINFECTANTE TÓPICO FRASCO DE 60 ML',10000,0.00,1.15,NULL,NULL,'HERIDAS','VITALAGRO','7','34',0,0,0),(502,'DIAB50','DIABOLO FRASCO DE 50 CC',10000,0.68,0.85,NULL,NULL,NULL,'BIOPRODUCCION','6','61',0,0,0),(503,'DICL5010','DICLOFEN 50 FRASCO DE 10 ML',10000,NULL,3.60,NULL,NULL,'DOLOR-FIEBRE','VITALAGRO','7','36',0,0,0),(504,'DICL10','DICLOFENACO FRASCO DE 10 ML',10000,1.97,2.74,NULL,NULL,'DOLOR-FIEBRE','FARBIOVET','7','36',0,0,0),(505,'DIME100','DIMETOX  40% C.E. FRASCO DE 100 CC',9997,0.99,1.24,NULL,NULL,NULL,'22','6','61',0,0,0),(506,'DISPA','DISPENSADOR DE PAPEL',10000,12.00,15.00,'GRABA IVA',NULL,NULL,'AGSO','7','60',0,0,0),(507,'DHYFSK','DOHY FRASALES FUNDA DE 1KL.',10000,1.85,2.10,NULL,NULL,NULL,'ECUAQUIMICA','7','88',0,0,0),(508,'DOQET684','DORA QUEST L.A. JERINGUILLA DE 6,84 GR. ',10000,8.00,10.00,NULL,NULL,'ORAL INTERNO-EXTERNO','GRUPO GRANDES','7','13',0,0,0),(509,'DOSMULTLH30','DOSIFICADOR MULTI LHAURA DE 30 CC',10000,NULL,60.00,NULL,NULL,NULL,'VITALAGRO','7','63',0,0,0),(510,'EBROL10','EBROL-LA FRASCO DE 10 ML',10000,NULL,4.03,NULL,NULL,'AMPLIO ESPECTRO','FARBIOVET','7','9',0,0,0),(511,'EBROL20','EBROL-LA FRASCO DE 20 ML',10000,NULL,6.00,NULL,NULL,'AMPLIO ESPECTRO','FARBIOVET','7','9',0,0,0),(512,'ECT30','ECTONIL GOTERO DE 30 ML',10000,3.30,4.60,NULL,NULL,'TOPICO ECTOPARASITOS','GRUPO GRANDES','7','13',0,0,0),(513,'ELZOOA38.7','ELECTRO-ZOO A SOBRE DE 38,7 GR',10000,NULL,3.50,NULL,NULL,NULL,'20','7','56',0,0,0),(514,'ELZOOC19.5','ELECTRO-ZOO C SOBRE DE 19.5 GR',10000,NULL,1.75,NULL,NULL,NULL,'20','7','56',0,0,0),(515,'ENGYPLA20','ENERGYPLANT SOBRE DE 20 GR.',10000,15.80,19.75,NULL,NULL,NULL,'GUZMÁN & ASOCIADOS','6','19',0,0,0),(516,'ENFLOX10','ENFLOX GOTERO DE 10 ML',10056,1.17,1.60,NULL,NULL,'RESPIRATORIAS-DIGESTIVAS','FARBIOVET','7','9',0,0,0),(517,'ENG100','ENGEO FRASCO DE 100 CC',9999,8.71,9.90,NULL,NULL,NULL,'ECUAQUIMICA','6','61',0,0,0),(518,'EHVL1GL','ENRAIZADOR H-V LIQUIDO x 1 GALON',10000,31.25,50.00,NULL,NULL,NULL,'3','6','38',0,0,0),(519,'EHVL1LT','ENRAIZADOR H-V LIQUIDO x 1 LITRO',10000,8.63,13.80,NULL,NULL,NULL,'3','6','38',0,0,0),(520,'EHVL240','ENRAIZADOR H-V LIQUIDO x 240 CC.',9924,2.19,3.50,NULL,NULL,NULL,'3','6','38',0,0,0),(521,'EHVL500','ENRAIZADOR H-V LIQUIDO x 500 CC.',9995,4.19,6.70,NULL,NULL,NULL,'3','6','38',0,0,0),(522,'ESCREFMET2','ESCALERA REFORZADA METÁLICA 2 PELDAÑOS',10000,NULL,NULL,NULL,NULL,NULL,'IMPORTADORA LARTIZCO','2','6',0,0,0),(523,'ESCMETJAR','ESCOBA METÁLICA PARA JARDÍN',10000,NULL,3.00,NULL,NULL,NULL,'IMPORTADORA LARTIZCO','4','3',0,0,0),(524,'ESCPLASJAR','ESCOBA PLÁSTICA PARA JARDÍN',10000,NULL,6.00,NULL,NULL,NULL,'40','4','3',0,0,0),(525,'ESPRRCBSOB','ESPARRAGO ASPARAGUS CRIBOSEEDS',10000,NULL,1.50,NULL,NULL,NULL,'13','6','92',0,0,0),(526,'ESBOVLTL','ESPINACA BONANZA VIROFLAY LATA DE 1 LIBRA',10000,7.65,9.57,NULL,NULL,NULL,'6','6','92',0,0,0),(527,'ESBOVONZ','ESPINACA BONANZA VIROFLAY x ONZAS',10000,0.48,0.70,NULL,NULL,NULL,'6','6','92',0,0,0),(528,'ESTJRF','ESTILETE JRF VC S/2 AMARILLO',10000,NULL,1.75,NULL,NULL,NULL,'TRUJILLO','4','32',0,0,0),(529,'EAML1GL','ESTRACTO COMPLETO DE ALGAS MARINAS CONCENTRADO x 1 GALON',10000,14.38,23.00,NULL,NULL,NULL,'3','6','19',0,0,0),(530,'EAML1LT','ESTRACTO COMPLETO DE ALGAS MARINAS CONCENTRADO x 1 LITRO',10000,3.63,5.80,NULL,NULL,NULL,'3','6','19',0,0,0),(531,'EAML240','ESTRACTO COMPLETO DE ALGAS MARINAS CONCENTRADO x 240 CC.',10000,1.13,1.80,NULL,NULL,NULL,'3','6','19',0,0,0),(532,'EAML500','ESTRACTO COMPLETO DE ALGAS MARINAS CONCENTRADO x 500 CC.',10000,2.19,3.50,NULL,NULL,NULL,'3','6','19',0,0,0),(533,'EAMLCAN','ESTRACTO COMPLETO DE ALGAS MARINAS CONCENTRADO x CANECA',10000,62.50,100.00,NULL,NULL,NULL,'3','6','19',0,0,0),(534,'FACAJER2','FARBIO CAN JERINGUILLA DE 2 ML ',10000,NULL,1.53,NULL,NULL,'ORAL INTERNO-EXTERNO','FARBIOVET','7','13',0,0,0),(535,'FACAJER5','FARBIO CAN JERINGUILLA DE 5 ML',10000,NULL,2.49,NULL,NULL,'ORAL INTERNO-EXTERNO','FARBIOVET','7','13',0,0,0),(536,'FAMAG100','FARBIO MANGAN FRASCO DE 100 ML',10003,9.60,9.09,NULL,NULL,NULL,'FARBIOVET','7','82',0,0,0),(537,'FAMAG50','FARBIO MANGAN FRASCO DE 50 ML',10003,6.40,6.89,NULL,NULL,NULL,'FARBIOVET','7','82',0,0,0),(538,'FAMAG20','FARBIO MANGAN FRASCODE 20 ML',10000,NULL,4.59,NULL,NULL,NULL,'FARBIOVET','7','82',0,0,0),(539,'FAFOSB250','FARBIOFOS B12 FRASCO DE 250 ML',10000,NULL,16.14,NULL,NULL,NULL,'FARBIOVET','7','99',0,0,0),(540,'FAMEC10','FARBIOMEC 4% FRASCO DE 10 ML',10014,2.74,3.61,NULL,NULL,'INTERNO EXTERNO','FARBIOVET','7','13',0,0,0),(541,'FREB20','FEBRALGINA COMPUESTO FRASCO DE 20 ML',10000,3.29,4.11,NULL,NULL,'DOLOR-FIEBRE','GRUPO GRANDES','7','36',0,0,0),(542,'FENDEK500','FENDEK FRASCO DE 500 ML',10000,NULL,22.50,NULL,NULL,'ORAL INTERNO','FARBIOVET','7','13',0,0,0),(543,'FENDEKJER20','FENDEK JERINGUILLA DE 20 ML',10000,NULL,3.15,NULL,NULL,'ORAL INTERNO','FARBIOVET','7','13',0,0,0),(544,'FENDEKSOB10','FENDEK SOBRE DE 10 GR',10000,NULL,1.25,NULL,NULL,'ORAL INTERNO','FARBIOVET','7','13',0,0,0),(545,'FTL1GL','FERTI TIERRA LIQUIDO CULTIVOS x 1 GALON',10000,13.75,22.00,NULL,NULL,NULL,'3','6','41',0,0,0),(546,'FTL1LT','FERTI TIERRA LIQUIDO CULTIVOS x 1 LITRO',10000,4.13,6.60,NULL,NULL,NULL,'3','6','41',0,0,0),(547,'FTL500','FERTI TIERRA LIQUIDO CULTIVOS x 500 CC.',10000,3.13,5.00,NULL,NULL,NULL,'3','6','41',0,0,0),(548,'FTL120','FERTI TIERRA LIQUIDO MACETAS x 120 CC.',10000,1.25,2.00,NULL,NULL,NULL,'3','6','41',0,0,0),(549,'FERFL50','FERTIFLOR SACO DE 50 KG.',10000,30.00,35.00,NULL,NULL,NULL,'2','6','2',0,0,0),(550,'MUPO50','FERTILIZANTE 0-0-60 MURIATO DE POTASIO SACO DE 50 KG',10000,31.50,33.93,NULL,NULL,NULL,'39','6','40',0,0,0),(551,'MUPOL','FERTILIZANTE 0-0-60 MURIATO DE POTASIO x LIBRA',9945,0.27,0.34,NULL,NULL,NULL,'39','6','40',0,0,0),(552,'10-30-10 MQ50','FERTILIZANTE 10-30-10 MEZCLA QUÍMICA SACO DE 50 KG.',9989,35.00,34.50,NULL,NULL,NULL,'39','6','40',0,0,0),(553,'10-30-10 MQL','FERTILIZANTE 10-30-10 MEZCLA QUÍMICA x LIBRAS',10000,0.28,0.35,NULL,NULL,NULL,'39','6','40',0,0,0),(554,'12-12-17 MQ50','FERTILIZANTE 12-12-17-2  AZUL DE 50 KG.',10000,NULL,NULL,NULL,NULL,NULL,'3','6','40',0,0,0),(555,'12-12-17 MQL','FERTILIZANTE 12-12-17-2  AZUL POR LIBRA',10000,NULL,NULL,NULL,NULL,NULL,'3','6','40',0,0,0),(556,'12-52-0 MQ50','FERTILIZANTE 12-52-0 MEZCLA QUÍMICA SACO DE 50 KG.',9998,41.00,47.15,NULL,NULL,NULL,'39','6','40',0,0,0),(557,'12-52-0 MQL','FERTILIZANTE 12-52-0 MEZCLA QUÍMICA x LIBRA',9945,0.38,0.48,NULL,NULL,NULL,'39','6','40',0,0,0),(558,'15-05-20 MQ50','FERTILIZANTE 15-02-20-2 ROJO POR LIBRAS.',10000,NULL,NULL,NULL,NULL,NULL,'3','6','40',0,0,0),(559,'15-05-20 MQL','FERTILIZANTE 15-02-20-2 ROJO X 50 KG.',9998,NULL,NULL,NULL,NULL,NULL,'3','6','40',0,0,0),(560,'15-12-18 MQ50','FERTILIZANTE 15-12-18 MEZCLA QUÍMICA VERDE SACO DE 50 KG.',10000,40.00,46.00,NULL,NULL,NULL,'39','6','40',0,0,0),(561,'15-12-18 MQL','FERTILIZANTE 15-12-18 MEZCLA QUÍMICA VERDE x LIBRA',10000,0.37,0.47,NULL,NULL,NULL,'39','6','40',0,0,0),(562,'15-15-15 MFL','FERTILIZANTE 15-15-15 MEZCLA FÍSICA x LIBRAS',10000,33.00,0.30,NULL,NULL,NULL,'39','6','40',0,0,0),(563,'15-15-15 MQ50','FERTILIZANTE 15-15-15 MEZCLA QUÍMICA SACO DE 50 KG.',10000,37.00,42.50,'0','','','39','6','40',0,0,0),(564,'15-15-15 MQL','FERTILIZANTE 15-15-15 MEZCLA QUÍMICA x LIBRA',10000,0.29,0.39,NULL,NULL,NULL,'39','6','40',0,0,0),(565,'18-46-0 MQ50','FERTILIZANTE 18-46-0 MEZCLA QUÍMICA SACO DE 50 KG.',10000,39.50,45.43,NULL,NULL,NULL,'39','6','40',0,0,0),(566,'18-46-0 MQL','FERTILIZANTE 18-46-0 MEZCLA QUÍMICA x LIBRA',10000,0.36,0.45,NULL,NULL,NULL,'39','6','40',0,0,0),(567,'43-0-0 NIAM50','FERTILIZANTE 43-0-0 NITRATO DE AMONIO SACO DE 50 KG',10003,30.00,34.50,'0','','','39','6','40',0,0,0),(568,'43-0-0 NIAML','FERTILIZANTE 43-0-0 NITRATO DE AMONIO X LIBRAS',10000,0.30,0.35,'0','','','39','6','40',0,0,0),(569,'8-20-20 MQ50','FERTILIZANTE 8-20-20 MEZCLA QUÍMICA SACO DE 50 KG.',10000,34.00,NULL,NULL,NULL,NULL,'39','6','40',0,0,0),(570,'8-20-20 MQL','FERTILIZANTE 8-20-20 MEZCLA QUÍMICA x LIBRA',9999,0.79,NULL,NULL,NULL,NULL,'39','6','40',0,0,0),(571,'8-24-24 MQ50','FERTILIZANTE 8-24-24 MEZCLA QUÍMICA SACO DE 50 KG.',10000,38.50,44.28,NULL,NULL,NULL,'39','6','40',0,0,0),(572,'8-24-24 MQL','FERTILIZANTE 8-24-24 MEZCLA QUÍMICA x LIBRA',10000,0.35,0.44,NULL,NULL,NULL,'39','6','40',0,0,0),(573,'FIAG3N1UV','FILTRO DE AGUA SO-SAFE 3N1UV',10000,NULL,12.00,NULL,NULL,NULL,'IMPORTADORA LARTIZCO','5','44',0,0,0),(574,'FIMASRC2','FILTRO PARA MASCARILLA PINT LASER RC2 REPUESTO',10000,0.99,1.50,NULL,NULL,NULL,'IMPORTADORA LARTIZCO','3','70',0,0,0),(575,'FININY5','FINESTROL INYECTABLE FRASCO DE 5 CC',10000,NULL,6.50,NULL,NULL,NULL,'20','7','57',0,0,0),(576,'FLPSOB','FLOR DE PAPEL MEZCLADO (STATICE SINUATA IN MISCUGLIO)',10000,1.20,1.50,NULL,NULL,NULL,'6','6','93',0,0,0),(577,'FACL1GL','FLOR-AGRO LIQUIDO CLASICO 1-8-20 x 1 GALON',10000,23.00,36.80,NULL,NULL,NULL,'3','6','19',0,0,0),(578,'FACL1LT','FLOR-AGRO LIQUIDO CLASICO 1-8-20 x 1 LITRO',10000,5.75,9.20,NULL,NULL,NULL,'3','6','19',0,0,0),(579,'FACL100','FLOR-AGRO LIQUIDO CLASICO 1-8-20 x 100 CC.',9953,1.00,1.60,NULL,NULL,NULL,'3','6','19',0,0,0),(580,'FACL240','FLOR-AGRO LIQUIDO CLASICO 1-8-20 x 240 CC.',9999,1.69,2.70,NULL,NULL,NULL,'3','6','19',0,0,0),(581,'FACL500','FLOR-AGRO LIQUIDO CLASICO 1-8-20 x 500 CC.',10090,2.88,4.60,NULL,NULL,NULL,'3','6','19',0,0,0),(582,'FANL1GL','FLOR-AGRO LIQUIDO NARANJILLERO 1-8-20 x 1 GALON',10000,23.00,36.80,NULL,NULL,NULL,'3','6','19',0,0,0),(583,'FANL1LT','FLOR-AGRO LIQUIDO NARANJILLERO 1-8-20 x 1 LITRO',10000,5.75,9.20,NULL,NULL,NULL,'3','6','19',0,0,0),(584,'FANL500','FLOR-AGRO LIQUIDO NARANJILLERO 1-8-20 x 500 CC.',10000,2.88,4.60,NULL,NULL,NULL,'3','6','19',0,0,0),(585,'FATL1LT','FLOR-AGRO LIQUIDO TOMATERO 1-8-20 x 1 LITRO',10000,5.75,9.20,NULL,NULL,NULL,'3','6','19',0,0,0),(586,'FATL500','FLOR-AGRO LIQUIDO TOMATERO 1-8-20 x 500 CC.',10000,2.88,4.60,NULL,NULL,NULL,'3','6','19',0,0,0),(587,'FLMEGINY10','FLUNIX MEGLUNINE FRASCO DE 10 ML',10000,NULL,7.75,NULL,NULL,'DOLOR-FIEBRE','FARBIOVET','7','36',0,0,0),(588,'FLGE4T','FLY-GEN CAJA DE 4 TIRAS',10000,2.24,2.80,NULL,NULL,NULL,'AGROBIOTEC','6','61',0,0,0),(589,'FLGE1T','FLY-GEN x TIRAS',10000,0.56,0.70,NULL,NULL,NULL,'AGROBIOTEC','6','61',0,0,0),(590,'FOSLECBAL4','FOSCASAL LECHE BALDE DE 4 KILOS',10000,NULL,6.50,NULL,NULL,NULL,'SOCIEDAD SANTA ANA','7','88',0,0,0),(591,'FOSLECFUN1','FOSCASAL LECHE FUNDA DE 1 KILO',10000,NULL,1.60,NULL,NULL,NULL,'SOCIEDAD SANTA ANA','7','88',0,0,0),(592,'FOMOPO25','FOSFATO MONO-POTASICO SACO DE 25 KG',10000,40.00,50.00,NULL,NULL,NULL,'ENEX','6','41',0,0,0),(593,'FOMOPOLIB','FOSFATO MONO-POTASICO x LIBRAS',9998,0.73,1.00,NULL,NULL,NULL,'ENEX','6','41',0,0,0),(594,'FOCACOJ30','FOSFO CALCIO VITAMIN COJIN DE 30 ML',10000,0.32,0.40,NULL,NULL,NULL,'DISVETEL','7','99',0,0,0),(595,'FRCL1GL','FRUIT CLEAN x 1 GALON',10000,16.25,26.00,NULL,NULL,NULL,'3','6','37',0,0,0),(596,NULL,'FRUTALES',10000,NULL,3.00,NULL,NULL,NULL,'NAYON','9','76',0,0,0),(597,'FT15','FT-15 SOBRE DE 20 GR. ',10000,0.80,1.01,NULL,NULL,'DIGESTIVAS','AGROBIOTEC','7','9',0,0,0),(598,'FUZORFR1','FUGOZOL ORAL FRASCO DE 1 LITRO',10000,NULL,36.25,NULL,NULL,'ORAL INTERNO','FARBIOVET','7','13',0,0,0),(599,'FUZORFR250','FUGOZOL ORAL FRASCO DE 250 ML',10000,NULL,10.13,NULL,NULL,'ORAL INTERNO','FARBIOVET','7','13',0,0,0),(600,'FUZORFR500','FUGOZOL ORAL FRASCO DE 500 ML',10000,NULL,17.90,NULL,NULL,'ORAL INTERNO','FARBIOVET','7','13',0,0,0),(601,'FJ10','FUGOZOL ORAL JERINGA DE 10 ML',9969,0.00,1.63,'0','','ORAL INTERNO','23','7','13',0,0,0),(602,'FUZORJER20','FUGOZOL ORAL JERINGA DE 20 ML',10018,1.39,2.55,NULL,NULL,'ORAL INTERNO','FARBIOVET','7','13',0,0,0),(603,'FULM50','FULMINANTE FUNDA DE 50 GR',10000,6.59,8.90,NULL,NULL,NULL,'AGRO INSUMOS','6','61',0,0,0),(604,'FMOESTFMC6.5','FUMIGADORA A MOTOR ESTACIONARIA FMC 6.5 HP.',10000,NULL,480.00,NULL,NULL,NULL,'MAURO COELLO','8','45',0,0,0),(605,'FMOC19/20','FUMIGADORA A MOTOR OLEOMAC C 19/20',10000,NULL,7.50,NULL,NULL,NULL,'40','8','45',0,0,0),(606,'FMOSOLO423','FUMIGADORA A MOTOR SOLO 423 DE 12 LITROS',10000,594.00,NULL,NULL,NULL,NULL,'SOLO DEL ECUADOR','8','45',0,0,0),(607,'FMOTF800','FUMIGADORA A MOTOR TF-800 DE 20 LITROS MARIAN',10000,140.00,170.00,NULL,NULL,NULL,'EL AGRO','8','45',0,0,0),(608,'FMOTF900','FUMIGADORA A MOTOR TF-900 DE 25 LITROS MARIAN',10000,145.00,175.00,NULL,NULL,NULL,'EL AGRO','8','45',0,0,0),(609,'FMAPIX350','FUMIGADORA MANUAL DE PIX 350 CC.',10000,91.00,1.50,NULL,NULL,NULL,'TRUJILLO','8','46',0,0,0),(610,'FMAFRTVE2','FUMIGADORA MANUAL FARMATE VERDE DE 2 LITROS',10000,NULL,5.50,NULL,NULL,NULL,'FERRIMSA','8','46',0,0,0),(611,'FMFOXPLU0.6','FUMIGADORA MANUAL FOXY PLUS DE 0,6 LITROS',10000,5.33,6.66,NULL,NULL,NULL,'ECUAQUIMICA','8','46',0,0,0),(612,'FMAKYSP16','FUMIGADORA MANUAL KEYCO SPRAY DE 16 LITROS',10000,NULL,30.00,NULL,NULL,NULL,'IMPORTADORA LARTIZCO','8','46',0,0,0),(613,'FMAKYSP20','FUMIGADORA MANUAL KEYCO SPRAY DE 20 LITROS',10000,NULL,35.00,NULL,NULL,NULL,'IMPORTADORA LARTIZCO','8','46',0,0,0),(614,'FMAMTTAM22','FUMIGADORA MANUAL MITTO TOUL AMARILLA DE 22 LITROS',10000,63.36,72.00,NULL,NULL,NULL,'ECUAQUIMICA','8','46',0,0,0),(615,'FMAMTTAZ22','FUMIGADORA MANUAL MITTO TOUL AZUL DE 22 LITROS',10000,63.36,72.00,NULL,NULL,NULL,'ECUAQUIMICA','8','46',0,0,0),(616,'FMARCAM20','FUMIGADORA MANUAL ROYAL CONDOR AMARILLA LA CHEVERE DE 20 LITROS',10000,83.60,95.00,NULL,NULL,NULL,'ECUAQUIMICA','8','46',0,0,0),(617,'FMARCAZ20','FUMIGADORA MANUAL ROYAL CONDOR AZUL LA CHEVERE DE 20 LITROS',10000,83.60,95.00,NULL,NULL,NULL,'ECUAQUIMICA','8','46',0,0,0),(618,'FMASOLO2','FUMIGADORA MANUAL SOLO DE 2 LITROS',10000,NULL,22.00,NULL,NULL,NULL,'SOLO DEL ECUADOR','8','46',0,0,0),(619,'FMASOLO7.5','FUMIGADORA MANUAL SOLO DE 7.5 LITROS',10000,NULL,46.00,NULL,NULL,NULL,'SOLO DEL ECUADOR','8','46',0,0,0),(620,'FMATEMC8','FUMIGADORA MANUAL TEMCO DE 8 LITROS',10000,NULL,15.00,NULL,NULL,NULL,'TEMCO','8','46',0,0,0),(621,'FUMATO0.90','FUMIGADORA MANUAL TOMATES DE 0.90 LITROS',10000,NULL,1.50,NULL,NULL,NULL,'FERRIMSA','8','46',0,0,0),(622,'FMATYGX1300','FUMIGADORA MANUAL TOYO GX-1300 DE 1.3 LITROS',10000,NULL,5.00,NULL,NULL,NULL,'FERRIMSA','8','46',0,0,0),(623,'FUNEVI3X5X1.5','FUNDA NEGRA VIVERO 3x5x1.5 PERFORADA',15000,0.00,0.40,'GRABA IVA',NULL,NULL,'REPCOMPLAST','5','47',0,0,0),(624,'FUNEVI3X6X1.5','FUNDA NEGRA VIVERO 3x6x1.5 PERFORADA',10000,NULL,0.50,'GRABA IVA',NULL,NULL,'REPCOMPLAST','5','47',0,0,0),(625,'F4X6X1.5','FUNDA NEGRA VIVERO 4X6X1.5 PERFORADA',32500,0.00,0.60,'1','','','40','5','47',0,0,0),(626,'FUNEVI5X8X1.5','FUNDA NEGRA VIVERO 5x8x1.5 PERFORADA',10000,NULL,0.80,'GRABA IVA',NULL,NULL,'REPCOMPLAST','5','47',0,0,0),(627,'FUNEVI7X11X1.5','FUNDA NEGRA VIVERO 7x10x1.5 PERFORADA',10000,NULL,1.75,'GRABA IVA',NULL,NULL,'REPCOMPLAST','5','47',0,0,0),(628,'FURZ250','FURAZOL 5,5 % FUNDA DE 250 GR.',10000,2.55,2.90,NULL,NULL,'RESPIRATORIAS-DIGESTIVAS','ECUAQUIMICA','7','9',0,0,0),(629,'GPEAMA','GAFAS PROTECTORAS EJECUTIVA SPORT AMARILLA',9995,1.22,2.00,'0','','','33','3','49',0,0,0),(630,'GAPROESNEGR','GAFAS PROTECTORAS EJECUTIVA SPORT NEGRA',10000,0.80,2.00,NULL,NULL,NULL,'IMPORTADORA LARTIZCO','3','49',0,0,0),(631,'GAPROESTRAN','GAFAS PROTECTORAS EJECUTIVA SPORT TRANSPARENTES',10000,0.80,1.50,NULL,NULL,NULL,'IMPORTADORA LARTIZCO','3','49',0,0,0),(632,'GMMSOB30','GAMMA INSECTICIDA SOBRE DE 30 GR.',10000,NULL,0.50,NULL,NULL,NULL,'SEÑOR','7','13',0,0,0),(633,'GMMTAQ120','GAMMA INSECTICIDA TALQUERA DE 120 GR.',10000,NULL,1.90,NULL,NULL,NULL,'SEÑOR','7','13',0,0,0),(634,'GMMTAQ60','GAMMA INSECTICIDA TALQUERA DE 60 GR.',10000,NULL,1.30,NULL,NULL,NULL,'SEÑOR','7','13',0,0,0),(635,'GATULB','GATUCO FUNDA DE 1 LIBRA',10000,NULL,1.10,NULL,NULL,'ALIMENTO GATOS','37','7','17',0,0,0),(636,'GATU18','GATUCO FUNDA DE 18 KG.',10003,30.40,36.48,'1','','ALIMENTO GATOS','37','7','17',0,0,0),(637,'MGL240','GEL AGRICOLA H-V (MOCO DE GORILA) x 240 CC.',9763,2.19,3.50,NULL,NULL,NULL,'3','6','58',0,0,0),(638,'GEDOSOB','GERANIO DOBLE MEZCLADO (GERANIO ZONALE DOPPIO IN MISCUGLIO)',10000,1.20,1.50,NULL,NULL,NULL,'6','6','93',0,0,0),(639,'GERSOB','GERBERA GIG. DOBLE MEZCLADA (GERBERA GIGANTE IN MISCUGLIO)',10000,1.20,1.50,NULL,NULL,NULL,'6','6','93',0,0,0),(640,'GESP900','GESAPRIM FUNDA DE 900 GR.',10000,8.62,9.80,NULL,NULL,NULL,'ECUAQUIMICA','6','53',0,0,0),(641,'GRALSOB','GIRASOL ALTO MEZCLADO (GIRASOLE ALTO IN MISCUGLIO)',10000,1.20,1.50,NULL,NULL,NULL,'6','6','93',0,0,0),(642,'GRORSOB','GIRASOL SOL DE ORO (GIRASOLE NANO DOPPIO SOLE D\'ORO)',10000,1.20,1.50,NULL,NULL,NULL,'6','6','93',0,0,0),(643,'GLADI100','GLADIADOR FUNDA DE 100 GR.(ACEFATO)',10101,0.00,1.95,'0','','','22','6','61',0,0,0),(644,'GLIF48SLL','GLIFOSATO 48SL FRASCO DE 1 LITRO',10000,NULL,5.10,NULL,NULL,NULL,'FARMAGRO','6','53',0,0,0),(645,'GLADSOB','GLOBO DE ADAN (LUPINO RUSSEL IN MISCUGLIO)',10000,1.20,1.50,NULL,NULL,NULL,'6','6','93',0,0,0),(646,'GLDZFL100','GOLDAZIM 500 FL FRASCO DE 100 CC',10000,1.62,2.03,NULL,NULL,NULL,'22','6','48',0,0,0),(647,'GML1GL','GREEN MAGIG LIQUIDO 10-10-10 x 1 GALON',10000,23.75,38.00,NULL,NULL,NULL,'3','6','19',0,0,0),(648,'GML1LT','GREEN MAGIG LIQUIDO 10-10-10 x 1 LITRO',10000,6.25,10.00,NULL,NULL,NULL,'3','6','19',0,0,0),(649,'GML240','GREEN MAGIG LIQUIDO 10-10-10 x 240 CC.',10000,1.69,2.70,NULL,NULL,NULL,'3','6','19',0,0,0),(650,'GML500','GREEN MAGIG LIQUIDO 10-10-10 x 500 CC.',9997,3.94,6.30,NULL,NULL,NULL,'3','6','19',0,0,0),(651,'GUINSCJ100','GUANTE DE INSEMINACIÓN SUPER SENSITIVOS CAJA 100 UNIDADES',10000,8.72,12.80,NULL,NULL,NULL,'18','7','63',0,0,0),(652,'GUINSUNID','GUANTE DE INSEMINACIÓN SUPER SENSITIVOS x UNIDAD',10000,0.11,0.15,NULL,NULL,NULL,'18','7','63',0,0,0),(653,'GLCJ1','GUANTE QUIRURG DE LATEX CAJA 100 UNIDADES ',9999,11.76,9.97,'0','','','18','7','63',0,0,0),(654,'GULATPAR','GUANTE DE LATEX x PARES SMALL',10000,0.16,0.25,NULL,NULL,NULL,'18','7','63',0,0,0),(655,'GVER','GUANTE JARDINERO VERDE',10030,2.13,3.15,'0','','','33','5','3',0,0,0),(656,'GUNITR10.5AZ','GUANTE NITRILO 10.5\" AZUL',10000,1.53,2.50,NULL,NULL,NULL,'IMPORTADORA LARTIZCO','3','50',0,0,0),(657,'GUCHCELL7','GUANTES DE CAUCHO CELLERI No. 7',10000,NULL,1.50,NULL,NULL,NULL,'TRUJILLO','3','51',0,0,0),(658,'GUCHCELL8','GUANTES DE CAUCHO CELLERI No. 8',10000,NULL,1.50,NULL,NULL,NULL,'TRUJILLO','3','51',0,0,0),(659,'GUCHCELL81/2','GUANTES DE CAUCHO CELLERI No. 8 1/2',10000,NULL,1.50,NULL,NULL,NULL,'TRUJILLO','3','51',0,0,0),(660,'GUCHCELL9','GUANTES DE CAUCHO CELLERI No. 9',10000,NULL,1.50,NULL,NULL,NULL,'TRUJILLO','3','51',0,0,0),(661,'GUSPFR250','GUSANERO SPRAY FRASCO DE 250 ML',9998,NULL,4.38,NULL,NULL,'HERIDAS','FARBIOVET','7','29',0,0,0),(662,'GUSPFR60','GUSANERO SPRAY FRASCO DE 60 ML',10000,NULL,2.34,NULL,NULL,'HERIDAS','FARBIOVET','7','29',0,0,0),(663,'GYPSOB','GYPSOHPILA ELEGANTE GIGANTE (GIPSOPHILA ELEGANS GIGANTE)',10000,1.20,1.50,NULL,NULL,NULL,'6','6','93',0,0,0),(664,'HAGUA100','HABA GUAGRA SACO DE 100 LIBRAS',9978,80.00,100.00,NULL,NULL,NULL,'ELSA SILVA','6','92',0,0,0),(665,'HAMACH100','HABA MACHETE SACO DE 100 LIBRAS',10000,110.00,135.00,NULL,NULL,NULL,'ELSA SILVA','6','92',0,0,0),(666,'HTFB12AM10','HEMATOFOS B12 AMPOLLA DE 10 CC  x UNIDAD',10000,1.59,2.07,NULL,NULL,NULL,'GRUPO GRANDES','7','99',0,0,0),(667,'HTFB12CJ5AM','HEMATOFOS B12 CAJA DE 5 AMPOLLAS DE 10 CC',10000,7.91,9.88,NULL,NULL,NULL,'GRUPO GRANDES','7','99',0,0,0),(668,'HTFB1220','HEMATOFOS B12 FRASCO DE 20 ML',10000,3.65,4.56,NULL,NULL,NULL,'GRUPO GRANDES','7','99',0,0,0),(669,'HTFB12500','HEMATOFOS B12 FRASCO DE 500 ML',10000,36.50,45.63,NULL,NULL,NULL,'GRUPO GRANDES','7','99',0,0,0),(670,'HIDRIT500','HIDROLITE FRASCO DE 500 CC',10000,NULL,7.50,NULL,NULL,NULL,'VITALAGRO','7','82',0,0,0),(671,'HIRRA10','HIERRO A FRASCO DE 10 ML',10000,NULL,1.63,NULL,NULL,NULL,'FARBIOVET','7','99',0,0,0),(672,'HIRRA100','HIERRO A FRASCO DE 100 ML',10000,NULL,7.13,NULL,NULL,NULL,'FARBIOVET','7','99',0,0,0),(673,'HIRRA20','HIERRO A FRASCO DE 20 ML',10000,NULL,2.31,NULL,NULL,NULL,'FARBIOVET','7','99',0,0,0),(674,'HIBUSOB','HINOJO BULBO (FINOCCHIO DI ROMAGNA)',10000,1.00,1.50,NULL,NULL,NULL,'6','6','93',0,0,0),(675,'HISILSOB','HINOJO SILVESTRE (FINOCCHIO SELVATICO)',10000,1.20,1.50,NULL,NULL,NULL,'6','6','93',0,0,0),(676,'HIST100','HISTAMINEX FRASCO 100 ML ',10000,8.70,9.67,NULL,NULL,'SHOCK ANAFILATICO','5','7','11',0,0,0),(677,'HIST20','HISTAMINEX FRASCO 20 ML ',10000,2.81,3.12,NULL,NULL,'SHOCK ANAFILATICO','5','7','11',0,0,0),(678,'HOBISTCAJ100','HOJAS DE BISTURIES CAJA DE 100 UNIDADES',10000,NULL,0.20,NULL,NULL,NULL,'18','7','63',0,0,0),(679,'HOBISTUNID','HOJAS DE BISTURIES x UNIDAD',10000,NULL,0.20,NULL,NULL,NULL,'18','7','63',0,0,0),(680,'HOZCHI8','HOZ CHINA 8\"',10000,0.68,1.00,NULL,NULL,NULL,'IMPORTADORA LARTIZCO','4','54',0,0,0),(681,'HOZPAJESPE/4','HOZ E/4 LA PAJARITA ESPAÑOLA',10000,3.34,3.80,NULL,NULL,NULL,'IMPORTADORA LARTIZCO','4','54',0,0,0),(682,'HUPRR15-16','HUESO PERRO TALLA 15-16',10000,NULL,5.25,NULL,NULL,NULL,'37','1','59',0,0,0),(683,'HUPRR2-3','HUESO PERRO TALLA 2-3',10000,NULL,1.00,NULL,NULL,NULL,'37','1','59',0,0,0),(684,'HUPRR2-5','HUESO PERRO TALLA 2-5 PEQUEÑO',10000,NULL,0.50,NULL,NULL,NULL,'37','1','59',0,0,0),(685,'HUPRR7-8','HUESO PERRO TALLA 7-8',10000,NULL,1.80,NULL,NULL,NULL,'37','1','59',0,0,0),(686,'HUPRR9-10','HUESO PERRO TALLA 9-10',10000,NULL,2.50,NULL,NULL,NULL,'37','1','59',0,0,0),(687,'HULOMLB','HUMUS DE LOMBRIS x LIBRAS',10000,NULL,0.15,NULL,NULL,NULL,'JUAN TACURI','6','2',0,0,0),(688,'HLSAC','HUMUS DE LOMBRIS X SACOS',9850,3.50,6.50,'0','','','9','6','2',0,0,0),(689,'IVPOCJ25','IVERFULL POLVO SOBRE DE 10 GR. x CAJA DE 25 UNIDADES',10000,25.80,32.25,NULL,NULL,'ORAL INTERNO-EXTERNO','EDGAR ESPIN','7','13',0,0,0),(690,'IVPOSOB10','IVERFULL POLVO SOBRE DE 10 GR. x SOBRES',10000,1.04,1.30,NULL,NULL,'ORAL INTERNO-EXTERNO','EDGAR ESPIN','7','13',0,0,0),(691,'JAAS','JABÓN ASUNTOL',10000,2.64,3.00,NULL,NULL,'TOPICO ECTOPARASITOS','ECUAQUIMICA','7','13',0,0,0),(692,'JACIPER70','JABÓN CIPER JABÓN 1%',10000,NULL,2.20,NULL,NULL,'TOPICO ECTOPARASITOS','FARBIOVET','7','13',0,0,0),(693,'JAGAMM','JABÓN GAMMA',10000,NULL,2.00,NULL,NULL,'TOPICO ECTOPARASITOS','SEÑOR','7','13',0,0,0),(694,'JAIVER70','JABÓN IVER JABÓN 70 GR.',10000,NULL,2.40,NULL,NULL,'TOPICO ECTOPARASITOS','FARBIOVET','7','13',0,0,0),(695,'PAJACO','JACOBO 0.25 (PALUGO JETWAY) PAJUELA BROWN SWIS',10000,2.37,3.17,NULL,NULL,NULL,'AGSO','7','64',0,0,0),(696,'PAJJAIR','JAIRUS MASCOT LUCK PAJUELA HOLTEIN FREINSAN',10000,5.57,7.43,NULL,NULL,NULL,'AGSO','7','64',0,0,0),(697,'JEAUTPISTLH50','JERINGA AUTOMATICA TIPO PISTOLA METALICA LHAURA DE 50 CC',10000,NULL,75.00,NULL,NULL,NULL,'VITALAGRO','7','63',0,0,0),(698,'JELAFL20C/DRE','JERINGA LHAURA FLEX DE 20 CC CON DOSIFICADOR REUSABLE',10002,13.60,15.00,NULL,NULL,NULL,'VITALAGRO','7','63',0,0,0),(699,'JERDES10CAJ100','JERINGUILLA DESECHABLE DE 10 ML CAJA DE 100 UNIDADES',10000,NULL,NULL,NULL,NULL,NULL,'VITALAGRO','7','63',0,0,0),(700,'JERDES10UND','JERINGUILLA DESECHABLE DE 10 ML x UNIDAD',10000,0.07,0.25,NULL,NULL,NULL,'VITALAGRO','7','63',0,0,0),(701,'JERDES12CAJ50','JERINGUILLA DESECHABLE DE 12 ML CAJA DE 50 UNIDAES',10000,NULL,26.52,NULL,NULL,NULL,'VITALAGRO','7','63',0,0,0),(702,'JERDES12UNID','JERINGUILLA DESECHABLE DE 12 ML x UNIDADES',10000,NULL,0.25,NULL,NULL,NULL,'VITALAGRO','7','63',0,0,0),(703,'JERDES20CAJ50','JERINGUILLA DESECHABLE DE 20 ML CAJA DE 50 UNIDADES',10000,NULL,20.00,NULL,NULL,NULL,'VITALAGRO','7','63',0,0,0),(704,'JERDES20UND','JERINGUILLA DESECHABLE DE 20 ML x UNIDAD',10000,NULL,0.30,NULL,NULL,NULL,'VITALAGRO','7','63',0,0,0),(705,'JERDES3CAJ100','JERINGUILLA DESECHABLE DE 3 ML CAJA DE 100 UNIDADES',10000,NULL,16.00,NULL,NULL,NULL,'VITALAGRO','7','63',0,0,0),(706,'JERDES3UNID','JERINGUILLA DESECHABLE DE 3 ML x UNIDAD',10000,NULL,0.25,NULL,NULL,NULL,'VITALAGRO','7','63',0,0,0),(707,'JD5','JERINGUILLA DESECHABLE DE 5 ML CAJA DE 100 UNIDADES',10000,0.00,18.00,'0','','','47','7','63',0,0,0),(708,'JDS5UND','JERINGUILLA DESECHABLE DE 5 ML X UNIDAD',10000,0.00,0.25,'0','','','47','7','63',0,0,0),(709,'JERDES50CAJ25','JERINGUILLA DESECHABLE DE 50 ML CAJA DE 25 UNIDADES',10000,NULL,NULL,NULL,NULL,NULL,'VITALAGRO','7','63',0,0,0),(710,'JERDES50UNID','JERINGUILLA DESECHABLE DE 50 ML x UNIDAD',10000,NULL,1.00,NULL,NULL,NULL,'VITALAGRO','7','63',0,0,0),(711,'JERDESINS1CAJ100','JERINGUILLA DESECHABLE INSULINA DE 1 ML CAJA DE 100 UNIDADES',9998,NULL,17.00,NULL,NULL,NULL,'VITALAGRO','7','63',0,0,0),(712,'JERDESINS1UNID','JERINGUILLA DESECHABLE INSULINA DE 1 ML x UNIDAD',10000,NULL,0.25,NULL,NULL,NULL,'VITALAGRO','7','63',0,0,0),(713,'JEPLTPX10CD','JERINGUILLA PLASTICA TPX DE 10 ML C/D',10000,6.51,8.14,NULL,NULL,NULL,'18','7','63',0,0,0),(714,'JEPLTPX10SD','JERINGUILLA PLASTICA TPX DE 10 ML S/D',10000,5.00,6.25,NULL,NULL,NULL,'18','7','63',0,0,0),(715,'JEPLTPX20CD','JERINGUILLA PLASTICA TPX DE 20 ML C/D',10000,6.84,8.55,NULL,NULL,NULL,'18','7','63',0,0,0),(716,'JEPLTPX30CD','JERINGUILLA PLASTICA TPX DE 30 ML C/D',10000,7.17,9.00,NULL,NULL,NULL,'18','7','63',0,0,0),(717,'JUJARTRUP4','JUEGO DE JARDINERÍA 4 PIEZAS TRUPER',10000,NULL,10.00,NULL,NULL,NULL,'KYWI','4','3',0,0,0),(718,'LUJARPRET3','JUEGO DE JARDINERÍA DE 3 PIEZAS MARCA PRETUL',10000,NULL,4.50,NULL,NULL,NULL,'KYWI','4','3',0,0,0),(719,'JUJARTAITO3','JUEGO DE JARDINERÍA DE 3 PIEZAS MARCA TAIFENG TOOL',10125,4.37,3.25,NULL,NULL,NULL,'IMPORTADORA LARTIZCO','4','3',0,0,0),(720,'JUGTIPHUE','JUGUETE MASCOTA 8H TIPO HUESO',10000,NULL,1.80,NULL,NULL,NULL,'37','1','65',0,0,0),(721,'JUGTIPFTCA','JUGUETE MASCOTA TIPO FILETE DE CARNE',10000,NULL,1.30,NULL,NULL,NULL,'37','1','65',0,0,0),(722,'KAOPEG10','KAO-PEG SOBRE DE 10 GR ',9995,NULL,0.88,NULL,NULL,'RESPIRATORIAS-DIGESTIVAS','FARBIOVET','7','9',0,0,0),(723,'KESL120','KEOSUL FRASCO DE 120 CC',10000,3.20,4.00,NULL,NULL,'DIGESTIVAS','EDGAR ESPIN','7','9',0,0,0),(724,'KILL500','KILLER PREMIUM FRASCO DE 500 CC',10000,2.74,3.42,NULL,NULL,NULL,'22','6','53',0,0,0),(725,'KLEP50','KLERAT PELLETS CAJA DE 50 GR.',10000,0.79,0.99,NULL,NULL,NULL,'5','7','81',0,0,0),(726,'LANCF250','LANCHAFIN FUNDA DE 250 GR.',9997,2.55,2.90,NULL,NULL,NULL,'ECUAQUIMICA','6','48',0,0,0),(727,'LANCF500','LANCHAFIN FUNDA DE 500 GR.',10000,4.57,5.20,NULL,NULL,NULL,'ECUAQUIMICA','6','48',0,0,0),(728,'LAZFUMCORREC','LANZA DE FUMIGACIÓN CORTA RECTA',10000,NULL,16.00,NULL,NULL,NULL,'MAURO COELLO','8','66',0,0,0),(729,'LAZFUM3BOQ','LANZA DE FUMIGACION DE 3 BOQUILLAS',10000,NULL,25.00,NULL,NULL,NULL,'MAURO COELLO','8','66',0,0,0),(730,'LAZFUM4BOQ','LANZA DE FUMIGACION DE 4 BOQUILLAS',10000,NULL,30.00,NULL,NULL,NULL,'MAURO COELLO','8','66',0,0,0),(731,'LAZFUMLARCAM','LANZA DE FUMIGACIÓN LARGA PUNTA CON CAMPANA',10000,NULL,25.00,NULL,NULL,NULL,'MAURO COELLO','8','66',0,0,0),(732,'LAZFUMLARCUR','LANZA DE FUMIGACIÓN LARGA PUNTA CURVA',10000,NULL,25.00,NULL,NULL,NULL,'MAURO COELLO','8','66',0,0,0),(733,'LAZFUMLARREC','LANZA DE FUMIGACIÓN LARGA RECTA',10000,NULL,20.00,NULL,NULL,NULL,'MAURO COELLO','8','66',0,0,0),(734,'LEAGGLFL','LECHUGA AGROSAD 118 GREAT LAKES FUNDA DE 1 LIBRA',10001,20.90,25.00,NULL,NULL,NULL,'6','6','92',0,0,0),(735,'LAGLONZ','LECHUGA AGROSAD 118 GREAT LAKES X ONZAS',9998,1.25,1.65,'0','','','6','6','92',0,0,0),(736,'LEAGWH4','LECHUGA HIBRIDA WINTERHAVEN SOBRE DE 4 OZ.',9992,31.00,38.75,'0','','','6','6','92',0,0,0),(737,'LAGWHLTL','LECHUGA AGROSAD HIBRIDA WINTERHAVEN LATA DE 1 LIBRA',10000,120.00,150.00,'0','','','6','6','92',0,0,0),(738,'LECCRESMEZSOB','LECHUGA CRESPA MEZCLADA (MISTICANZA DA TAGLIO)',10000,1.12,1.50,NULL,NULL,NULL,'13','6','92',0,0,0),(739,'LECCRESVERSOB','LECHUGA CRESPA VERDE (LATTUGA SALAD BOWL)',10000,1.12,1.50,NULL,NULL,NULL,'13','6','92',0,0,0),(740,'LEFOSELTL','LECHUGA FOUR SEASONS EMERALD DE 1 LIBRA',10000,12.32,14.00,NULL,NULL,NULL,'ECUAQUIMICA','6','92',0,0,0),(741,'LECMORSOB','LECHUGA MORADA (LATTUGA MERAVIGLIA DELLE 4 STAGIONI)',10000,1.12,1.50,NULL,NULL,NULL,'13','6','92',0,0,0),(742,'LECRIZSOB','LECHUGA RIZADA (INDIVIA RICCIA PANCALIERI A COSTA)',10000,1.12,1.50,NULL,NULL,NULL,'13','6','92',0,0,0),(743,'LET100','LETAL FRASCO DE 100 CC',10000,2.59,3.49,NULL,NULL,NULL,'AGRO INSUMOS','6','48',0,0,0),(744,'LET250','LETAL FRASCO DE 250 CC',10000,5.62,7.59,NULL,NULL,NULL,'AGRO INSUMOS','6','48',0,0,0),(745,'LEXBOL30','LEXUS 4% BOLO DE 30 ML ',10000,NULL,0.49,NULL,NULL,'ORAL INTERNO','FARBIOVET','7','13',0,0,0),(746,'LEXLEV100','LEXUS LEVAMISOL 15% FRASCO DE 100 ML',10000,NULL,5.75,NULL,NULL,'INTERNO','FARBIOVET','7','13',0,0,0),(747,'LEXLEV20','LEXUS LEVAMISOL 15% FRASCO DE 20 ML',10000,NULL,2.50,NULL,NULL,'INTERNO','FARBIOVET','7','13',0,0,0),(748,'LICV500','LICVITE FRASCO DE 500 ML',10000,7.18,9.95,NULL,NULL,NULL,'AGSO','7','82',0,0,0),(749,'LIMO1000','LIMO FRASCO DE 1 LITRO',9999,NULL,3.90,NULL,NULL,NULL,'35','6','61',0,0,0),(750,'LIMO500','LIMO FRASCO DE 500 CC',10000,NULL,2.40,NULL,NULL,NULL,'35','6','61',0,0,0),(751,'LIMUB600','LIMPION DE UBRES DE 600 METROS',10000,12.51,16.45,'GRABA IVA',NULL,NULL,'AGSO','7','60',0,0,0),(752,'LINCH2PL','LINTERNA CAUCHO NEGRO 2 PILAS',10000,1.30,2.75,NULL,NULL,NULL,'IMPORTADORA LARTIZCO','3','67',0,0,0),(753,'LINCH4PL','LINTERNA CAUCHO NEGRO 4 PILAS',10000,5.10,6.95,NULL,NULL,NULL,'IMPORTADORA LARTIZCO','3','67',0,0,0),(754,'LIRN250','LINURON FUNDA DE 250 GR.',10000,4.58,5.72,NULL,NULL,NULL,'6','6','53',0,0,0),(755,'LIRN500','LINURON FUNDA DE 500 GR.',10000,7.25,9.10,NULL,NULL,NULL,'6','6','53',0,0,0),(756,'AZULISOB','LOBELIA AZULINA (LOBELIA NANA BLU)',10000,1.12,1.50,NULL,NULL,NULL,'13','6','93',0,0,0),(757,'LUTP2AMP','LUTAPROST 250 AMPOLLA DE 2 ML ',10000,2.80,3.50,NULL,NULL,NULL,'GRUPO GRANDES','7','57',0,0,0),(758,'LUTP30','LUTAPROST 250 FRASCO DE 30 ML',10000,28.59,35.74,NULL,NULL,NULL,'GRUPO GRANDES','7','57',0,0,0),(759,'MACUADTER4','MACETA CUADRADA COLOR TERRACOTA DE 4.',10000,0.36,0.75,NULL,NULL,NULL,'ALASKA S.A.','5','3',0,0,0),(760,'MACAZAVER4','MACETA TIPO AZALEA VERDE DE 4\"',10000,0.44,0.60,NULL,NULL,NULL,'ALASKA S.A.','5','3',0,0,0),(761,'MACAZVE6.5','MACETA TIPO AZALEA VERDE DE 6,5\"',10000,0.60,1.00,NULL,NULL,NULL,'ALASKA S.A.','5','3',0,0,0),(762,'MACHGAVIL2Y','MACHETE GAVILÁN C ROJO COLORADO 2Y',10000,2.82,3.50,NULL,NULL,NULL,'IMPORTADORA LARTIZCO','4','54',0,0,0),(763,'MAIN45','MAIZ INIAP 101 SEMILLA X QQ',9998,183.03,228.79,'0','','','5','6','92',0,0,0),(764,'MAINLI','MAIZ INIAP 101 SEMILLA BASICA x LIBRAS',9990,1.85,2.20,NULL,NULL,NULL,'5','6','92',0,0,0),(765,'MALLSAR50NEGR','MALLA SARAN NEGRA AL 50% x METRO',10000,NULL,NULL,'GRABA IVA',NULL,NULL,'REPCOMPLAST','5','89',0,0,0),(766,'MAPVCDOM','MANDIL PVC DOMÉSTICO',10000,NULL,2.15,NULL,NULL,NULL,'PROTEZIONA','3','69',0,0,0),(767,'MAB500','MANEB 80PM DE 500 GR.',10000,3.43,3.90,NULL,NULL,NULL,'ECUAQUIMICA','6','48',0,0,0),(768,'MAGJARAC15','MANGUERA DE JARDÍN CON ACOPLE ROLLO DE 15 MTS.',10000,NULL,8.50,NULL,NULL,NULL,'IMPORTADORA LARTIZCO','5','3',0,0,0),(769,'MAGJAR100','MANGUERA DE JARDÍN X METROS',9640,22.50,25.50,'1','','','63','5','3',0,0,0),(770,'MAZANISOB','MANZANILLA (CAMOMILLA COMUNE)',10000,1.12,1.50,NULL,NULL,NULL,'13','6','90',0,0,0),(771,'MARTEPF','MARCADOR DE ARETE PUNTA FINA',10000,3.54,4.82,'GRAVA IVA',NULL,NULL,'18','7','60',0,0,0),(772,'MARGSOB','MARGARITA (MARGHERITONA REGINA DI MAGGIO)',10000,1.12,1.50,NULL,NULL,NULL,'13','6','93',0,0,0),(773,'MARGOLCBSOB','MARIGOL MARIGOLD CRIBOSEEDS',10000,NULL,1.50,NULL,NULL,NULL,'13','6','93',0,0,0),(774,'MDL1L T','MAS ABONO FOLIAR LIQUIDO DESARROLLO 10-4-5 x 1 LITRO',10000,3.44,5.50,NULL,NULL,NULL,'3','6','1',0,0,0),(775,'MDL500','MAS ABONO FOLIAR LIQUIDO DESARROLLO 10-4-5 x 500 CC.',10000,2.00,3.20,NULL,NULL,NULL,'3','6','1',0,0,0),(776,'MEL1LT','MAS ABONO FOLIAR LIQUIDO ENGROSE 5-4-10 x 1 LITRO',10000,3.44,5.50,NULL,NULL,NULL,'3','6','1',0,0,0),(777,'MEL500','MAS ABONO FOLIAR LIQUIDO ENGROSE 5-4-10 x 500 CC.',10000,2.00,3.20,NULL,NULL,NULL,'3','6','1',0,0,0),(778,'MFL1LT','MAS ABONO FOLIAR LIQUIDO FLORACION 5-10-5 x 1 LITRO',10000,3.44,5.50,NULL,NULL,NULL,'3','6','1',0,0,0),(779,'MFL500','MAS ABONO FOLIAR LIQUIDO FLORACION 5-10-5 x 500 CC.',10000,2.00,3.20,NULL,NULL,NULL,'3','6','1',0,0,0),(780,'MDP1KG','MAS ABONO FOLIAR POLVO DESARROLLO 30-10-10 x 1 KG',10000,2.19,3.50,NULL,NULL,NULL,'3','6','1',0,0,0),(781,'MDP500','MAS ABONO FOLIAR POLVO DESARROLLO 30-10-10 x 500 GR.',10000,1.22,1.95,NULL,NULL,NULL,'3','6','1',0,0,0),(782,'MEP1KG','MAS ABONO FOLIAR POLVO ENGROSE 10-10-30 x 1 KG',10000,2.19,3.50,NULL,NULL,NULL,'3','6','1',0,0,0),(783,'MEP500','MAS ABONO FOLIAR POLVO ENGROSE 10-10-30 x 500 GR.',10000,1.22,1.95,NULL,NULL,NULL,'3','6','1',0,0,0),(784,'MFP1KG','MAS ABONO FOLIAR POLVO FLORACION 10-30-10 x 1 KG',10000,2.19,3.50,NULL,NULL,NULL,'3','6','1',0,0,0),(785,'MFP500','MAS ABONO FOLIAR POLVO FLORACION 10-30-10 x 500 GR.',10000,1.22,1.95,NULL,NULL,NULL,'3','6','1',0,0,0),(786,'MASESMTRASN','MASCARA P/ESMR TRANS. TW C/NRM',9999,0.00,12.00,'1','','','46','3','51',0,0,0),(787,'MSC1FIL','MASCARILLA C1 FILTROS DE CARTUCHO ',10000,3.17,5.90,'0','','','33','3','70',0,0,0),(788,'MC2FLI','MASCARILLA C2 FILTROS DE CARTUCHO',10000,5.38,9.50,'0','','','33','3','70',0,0,0),(789,'MASTWDR305','MASCARILLA DESCARTABLE TW DR 305',9999,0.10,0.15,NULL,NULL,NULL,'IMPORTADORA LARTIZCO','3','70',0,0,0),(790,'MN9550','MASCARILLA RESPIRATORIA DESCARTABLE N9550',9980,0.54,0.80,'0','','','33','3','70',0,0,0),(791,'MASSOPRORJ','MASCARILLA RESPIRATORIA SOPORTE OREJ',10000,0.11,0.20,NULL,NULL,NULL,'IMPORTADORA LARTIZCO','3','70',0,0,0),(792,'MASTRIBLA','MASCARILLA TRIANGULAR TW BLANCAS',10000,0.56,1.50,NULL,NULL,NULL,'IMPORTADORA LARTIZCO','3','70',0,0,0),(793,'MSBKLACJER5','MASTI BROKE LACTANCIA JERINGUILLA DE 5 ML',10000,NULL,2.06,NULL,NULL,'ANTIMASTITICO','FARBIOVET','7','9',0,0,0),(794,'MSBKSECJER5','MASTI BROKE SECADO JERINGUILLA DE 5 ML',10000,NULL,2.06,NULL,NULL,'ANTIMASTITICO','FARBIOVET','7','9',0,0,0),(795,'MATB500','MATABABOSA FUNDA DE 500 GR.',10000,2.24,2.55,NULL,NULL,NULL,'ECUAQUIMICA','6','73',0,0,0),(796,'MECALINY500','MEGA CALCIO INYECTABLE FRASCO DE 500 CC',10000,NULL,10.00,NULL,NULL,NULL,'FARBIOVET','7','82',0,0,0),(797,'MEJSOB','MEJORANA (MAGGIORANA GENTILE FIORAL)',10000,1.20,1.50,NULL,NULL,NULL,'6','6','90',0,0,0),(798,'MEL30','MELAZA FUNDA DE 30 KL.',10000,9.30,10.00,NULL,NULL,NULL,'5','7','94',0,0,0),(799,'MENUBPO100','MENTOL UBRE POMO DE 100 GR',10007,1.41,1.91,NULL,NULL,'TOPICO','FARBIOVET','7','36',0,0,0),(800,'MBPO200','MENTOL UBRE POMO DE 200 GR.',9998,0.00,3.77,'0','','TOPICO','23','7','36',0,0,0),(801,'MERTC50','MERTECT 500 SC FRASCO DE 50 CC',10000,4.80,NULL,NULL,NULL,NULL,'ECUAQUIMICA','6','48',0,0,0),(802,'METARRCH250','METARRANCH MZ58WP FUNDA DE 250 GR.',10000,NULL,6.00,NULL,NULL,NULL,'FARMAGRO','6','48',0,0,0),(803,'MAL240','MICRO AGRO LIQUIDO x 240 CC.',10000,1.88,3.00,NULL,NULL,NULL,'3','6','71',0,0,0),(804,'MAP200','MICRO AGRO POLVO PASTA x 200 GR.',10000,1.88,3.00,NULL,NULL,NULL,'3','6','71',0,0,0),(805,'MICROAGQ25','MICROELEMENTOS AGRO Q 5865 DE 25 KG.',10000,22.75,26.17,NULL,NULL,NULL,'39','6','40',0,0,0),(806,'MICROAGQL','MICROELEMENTOS AGRO Q 5865 x LIBRA',10000,0.42,0.53,NULL,NULL,NULL,'39','6','40',0,0,0),(807,'MKACV2','MIMASKOT ADULTO CARNE Y VEGETALES FUNDA DE 2 KG',10000,2.68,3.35,'GRAVA IVA',NULL,'ALIMENTO PERROS','EDGAR ESPIN','7','17',0,0,0),(808,'MKACV450','MIMASKOT ADULTO CARNE Y VEGETALES FUNDA DE 450 GR',10000,0.60,0.75,'GRAVA IVA',NULL,'ALIMENTO PERROS','EDGAR ESPIN','7','17',0,0,0),(809,'MKACVLIB','MIMASKOT ADULTO CARNE Y VEGETALES x LIBRAS ',10000,0.53,0.67,'GRAVA IVA',NULL,'ALIMENTO PERROS','EDGAR ESPIN','7','17',0,0,0),(810,'MKAPC2','MIMASKOT ADULTO POLLO Y CEREALES FUNDA DE 2 KG',10000,2.68,3.35,'GRAVA IVA',NULL,'ALIMENTO PERROS','EDGAR ESPIN','7','17',0,0,0),(811,'MKAPC450','MIMASKOT ADULTO POLLO Y CEREALES FUNDA DE 450 GR',10000,0.60,0.75,'GRAVA IVA',NULL,'ALIMENTO PERROS','EDGAR ESPIN','7','17',0,0,0),(812,'MKARPLIB','MIMASKOT ADULTO RAZA PEQUEÑA x LIBRAS ',10000,0.64,0.81,'GRAVA IVA',NULL,'ALIMENTO PERROS','EDGAR ESPIN','7','17',0,0,0),(813,'MKARP2','MIMASKOT ADULTO RAZAS PEQUEÑAS FUNDA DE 2 KG.',10000,3.00,3.75,'GRAVA IVA',NULL,'ALIMENTO PERROS','EDGAR ESPIN','7','17',0,0,0),(814,'MKARP450','MIMASKOT ADULTO RAZAS PEQUEÑAS FUNDA DE 450 GR.',10000,0.60,0.75,'GRAVA IVA',NULL,'ALIMENTO PERROS','EDGAR ESPIN','7','17',0,0,0),(815,'MKCHL15','MIMASKOT CACHORROS CON LECHE FUNDA DE 15 KG.',10000,21.86,27.33,'GRAVA IVA',NULL,'ALIMENTO PERROS','EDGAR ESPIN','7','17',0,0,0),(816,'MKCHL2','MIMASKOT CACHORROS CON LECHE FUNDA DE 2 KG.',10000,3.35,4.19,'GRAVA IVA',NULL,'ALIMENTO PERROS','EDGAR ESPIN','7','17',0,0,0),(817,'MKCHL450','MIMASKOT CACHORROS CON LECHE FUNDA DE 450 GR.',10000,0.75,0.94,'GRAVA IVA',NULL,'ALIMENTO PERROS','EDGAR ESPIN','7','17',0,0,0),(818,'MKCHLLIB','MIMASKOT CACHORROS CON LECHE x LIBRAS',10000,0.68,0.85,'GRAVA IVA',NULL,'ALIMENTO PERROS','EDGAR ESPIN','7','17',0,0,0),(819,'MOCHENTLB','MOROCHO ENTERO x LIBRA',9978,17.50,0.25,NULL,NULL,'ALIMENTO AVES','ING. LAMIÑA','7','15',0,0,0),(820,'MOCHPARTLB','MOROCHO PARTIDO x LIBRA',10014,17.50,0.25,NULL,NULL,'ALIMENTO AVES','ING. LAMIÑA','7','15',0,0,0),(821,'MRBOBKL','MR. BOB CONCENTRADO DE 1 KG',10000,NULL,3.90,NULL,NULL,NULL,'VITALAGRO','7','88',0,0,0),(822,'MULTX10','MULTIMIX DE 10 KG.',10000,8.36,9.50,NULL,NULL,NULL,'ECUAQUIMICA','6','2',0,0,0),(823,'MULTXL','MULTIMIX x LIBRA',9993,0.39,0.50,NULL,NULL,NULL,'ECUAQUIMICA','6','2',0,0,0),(824,'NAGMFL','NABO REPOLLO AGROSAD CHINESE MICHIHILI FUNDA DE 1 LIBRA',10002,8.50,10.63,NULL,NULL,NULL,'6','6','92',0,0,0),(825,'NBOMLTL','NABO REPOLLO BONANZA CHINESE MICHIHILLI LATA DE 1 LIBRA',10000,8.25,10.31,NULL,NULL,NULL,'6','6','92',0,0,0),(826,'NBOMONZ','NABO REPOLLO BONANZA CHINESE MICHIHILLI x ONZAS',10000,0.52,0.80,NULL,NULL,NULL,'6','6','92',0,0,0),(827,'NARSNCD','NARINGUERA SIN CADENA',10000,11.54,14.42,NULL,NULL,NULL,'18','7','60',0,0,0),(828,'NASSOB','NASTURCIO MEZCLA (NASTURZIO RAMPICANTE SEMPLICE IN MISCUGLIO)',10000,1.20,1.50,NULL,NULL,NULL,'6','6','93',0,0,0),(829,'NAVINJ39020','NAVAJA INJERTAR ROJO REF. 3.9020',10000,15.84,18.00,NULL,NULL,NULL,'ECUAQUIMICA','4','55',0,0,0),(830,'NEEX250','NEEM-X FRASCO DE 250 CC',10000,6.86,7.80,NULL,NULL,NULL,'ECUAQUIMICA','6','61',0,0,0),(831,'NEGSOB15','NEGUVON POLVO SOBRE DE 15 GR',9996,1.13,1.14,NULL,NULL,'TOPICO ECTOPARASITOS','ECUAQUIMICA','7','13',0,0,0),(832,'NETEC1LR','NEMATEC 100 FRASCO DE 1 LITRO',10002,11.84,14.80,'0','','','2','6','74',0,0,0),(833,'NETEC1KG','NEMATEC 100 FUNDA DE 1 KILO',10003,4.75,5.80,'0','','','2','6','74',0,0,0),(834,'NEMX100','NEUMOXOL FRASCO DE 100 ML',10000,19.20,24.00,NULL,NULL,'RESPIRATORIAS','EDGAR ESPIN','7','9',0,0,0),(835,'NIPAJ','NIDO DE PAJAROS',10000,2.00,2.50,'GRAVA IVA',NULL,NULL,'EDGAR ESPIN','1','24',0,0,0),(836,'NTCAMO25','NITRATO DE CALCIO AMONIO DE 25 KG.',10000,15.75,18.12,NULL,NULL,NULL,'39','6','41',0,0,0),(837,'NTCACRSL','NITRATO DE CALCIO CRISTALIZADO x LIBRAS',10495,0.25,0.37,NULL,NULL,NULL,'39','6','41',0,0,0),(838,'NTPOL','NITRATO DE POTASIO x LIBRAS',10000,0.59,0.74,NULL,NULL,NULL,'39','6','41',0,0,0),(839,'NITLIQ','NITRÓGENO LÍQUIDO DE 1 KL',9995,1.69,3.25,'1','','','34','7','64',0,0,0),(840,'NIT7','NITROSUL SOBRE DE 7 GR.',10000,0.39,0.43,NULL,NULL,'DIGESTIVAS','5','7','9',0,0,0),(841,'NOVACLPSOB20','NOVACYCLIN PS SOBRE DE 20 GR',10000,NULL,1.10,NULL,NULL,'AMPLIO ESPECTRO','VITALAGRO','7','9',0,0,0),(842,'NUTSALKL','NUTRISAL SAL MINERAL FUNDA DE 1 KG',10000,NULL,1.10,NULL,NULL,NULL,'PROAGRIN','7','88',0,0,0),(843,'OBIMBLA','OBEROL IMPERMEABLE BLANCO',10000,NULL,15.00,NULL,NULL,NULL,'KYWI','3','75',0,0,0),(844,'ORGSOB','OREGANO (ORIGANO FIORAL)',10000,1.20,1.50,NULL,NULL,NULL,'6','6','90',0,0,0),(845,'OXICOJ30','OXITETRACICLINA 2% COJIN DE 30 ML',10000,0.40,0.50,NULL,NULL,'AMPLIO ESPECTRO','DISVETEL','7','9',0,0,0),(846,'OXTNA20UI10','OXITOCINA 20UI FRASCO DE 10 ML',10006,1.36,1.70,NULL,NULL,NULL,'FARBIOVET','7','57',0,0,0),(847,'OXTNA20UI50','OXITOCINA 20UI FRASCO DE 50 ML',10000,NULL,5.63,NULL,NULL,NULL,'FARBIOVET','7','57',0,0,0),(848,'OXI200LA100','OXITRAX 200 LA FRASCO DE 100 ML',10000,NULL,9.78,NULL,NULL,'AMPLIO ESPECTRO','FARBIOVET','7','9',0,0,0),(849,'OXI200LA250','OXITRAX 200 LA FRASCO DE 250 ML',10000,NULL,24.46,NULL,NULL,'AMPLIO ESPECTRO','FARBIOVET','7','9',0,0,0),(850,'OXI200LA500','OXITRAX 200 LA FRASCO DE 50 ML',10000,NULL,6.48,NULL,NULL,'AMPLIO ESPECTRO','FARBIOVET','7','9',0,0,0),(851,'OXI200LA500','OXITRAX 200 LA FRASCO DE 500 ML',10000,NULL,38.11,NULL,NULL,'AMPLIO ESPECTRO','FARBIOVET','7','9',0,0,0),(852,'OXIFLU100','OXITRAX FLUNIX FRASCO DE 100 ML',10000,NULL,NULL,NULL,NULL,'AMPLIO ESPECTRO','FARBIOVET','7','9',0,0,0),(853,'OXI10','OXITRAX FRASCO DE 10 ML',10000,NULL,0.85,NULL,NULL,'AMPLIO ESPECTRO','FARBIOVET','7','9',0,0,0),(854,'OXI100','OXITRAX FRASCO DE 100 ML',10000,NULL,5.00,NULL,NULL,'AMPLIO ESPECTRO','FARBIOVET','7','9',0,0,0),(855,'OXI20','OXITRAX FRASCO DE 20 ML',10000,NULL,1.71,NULL,NULL,'AMPLIO ESPECTRO','FARBIOVET','7','9',0,0,0),(856,'OXI50','OXITRAX FRASCO DE 50 ML',10000,NULL,2.60,NULL,NULL,'AMPLIO ESPECTRO','FARBIOVET','7','9',0,0,0),(857,'OXI500','OXITRAX FRASCO DE 500 ML',10000,NULL,12.36,NULL,NULL,'AMPLIO ESPECTRO','FARBIOVET','7','9',0,0,0),(858,'OXISOB20','OXITRAX SOBRE DE 20 GR',10000,NULL,0.61,NULL,NULL,'AMPLIO ESPECTRO','FARBIOVET','7','9',0,0,0),(859,'PAJAR2312A','PALAS DE JARDINERÍA NEGRA MANGO AZUL 2312 A',10000,NULL,3.00,NULL,NULL,NULL,'KYWI','4','3',0,0,0),(860,'PATETMAST','PALETA TEST MASTITIS',10000,NULL,NULL,NULL,NULL,NULL,'MARITZA ALBAN','7','63',0,0,0),(861,'PABOPLTL','PAPANABO BONANZA PURPLE TOP WHITE GLOBE LATA DE 1 LIBRA',9999,5.60,7.00,NULL,NULL,NULL,'6','6','92',0,0,0),(862,'PABOPONZ','PAPANABO BONANZA PURPLE TOP WHITE GLOBE x ONZAS',10000,0.35,0.50,NULL,NULL,NULL,'6','6','92',0,0,0),(863,'PARG500','PARAGUAS FUNDA DE 500 GR',10000,5.84,8.50,NULL,NULL,NULL,'AGRO INSUMOS','6','48',0,0,0),(864,'PALABL250','PARALANCHA BLUE FUNDA DE 250 GR',10000,3.70,4.99,NULL,NULL,NULL,'AGRO INSUMOS','6','48',0,0,0),(865,'PALABL500','PARALANCHA BLUE FUNDA DE 500 GR',10000,7.10,9.59,NULL,NULL,NULL,'AGRO INSUMOS','6','48',0,0,0),(866,'PALA250','PARALANCHA FUNDA DE 250 GR',10000,3.62,4.89,NULL,NULL,NULL,'AGRO INSUMOS','6','48',0,0,0),(867,'PALA500','PARALANCHA FUNDA DE 500 GR',10000,6.66,8.99,NULL,NULL,NULL,'AGRO INSUMOS','6','48',0,0,0),(868,'PAREX20','PAREX FRASCO DE 20 CC',10000,NULL,1.50,NULL,NULL,'BAÑO ECTOPARASITOS','31','7','13',0,0,0),(869,'PAAZP50','PASTO AZUL POTOMAC WESTAR SACO DE 50 LIBRAS',10009,99.90,124.88,NULL,NULL,NULL,'6','6','91',0,0,0),(870,'PAAZPL','PASTO AZUL POTOMAC WESTAR x LIBRA',9992,2.00,3.80,NULL,NULL,NULL,'6','6','91',0,0,0),(871,'PECUTK','PECUTRIM FUNDA DE 1 KL',10000,5.04,5.73,NULL,NULL,NULL,'ECUAQUIMICA','7','99',0,0,0),(872,'PENOLE100','PENICILINA OLEOSA DE 30 MVI FRASCO DE 100 ML',10000,11.20,14.00,NULL,NULL,'AMPLIO ESPECTRO','EDGAR ESPIN','7','9',0,0,0),(873,'PENSOB','PENSAMIENTO ENANO (VIOLA CORNUTA IN MISCUGLIO)',10000,1.20,1.50,NULL,NULL,NULL,'6','6','93',0,0,0),(874,'PEGARSOB','PENSAMIENTO GIG. AMARILLO ROJO (VIOLA DEL PENSIERO GIGANTE GIALLO-ROSSA)',10000,1.20,1.50,NULL,NULL,NULL,'6','6','93',0,0,0),(875,'PEGAZSOB','PENSAMIENTO GIGANTE AZUL (VIOLA DEL PENSIERO GIGANTE SVIZZERA BLUE)',10000,1.20,1.50,NULL,NULL,NULL,'6','6','93',0,0,0),(876,'PEGAMSOB','PENSAMIENTO GIGANTE MEZCLADO (VIOLA DEL PENSIERO GIGANTE IN MISCUGLIO)',10000,1.20,1.50,NULL,NULL,NULL,'6','6','93',0,0,0),(877,'PRBOLTL','PEREJIL BONANZA DARK GREEN ITALIAN LATA DE 1 LIBRA',9999,11.50,14.38,NULL,NULL,NULL,'6','6','90',0,0,0),(878,'PRBOONZ','PEREJIL BONANZA DARK GREEN ITALIAN x ONZAS',10000,0.72,1.00,NULL,NULL,NULL,'6','6','90',0,0,0),(879,'PERJCRESSOB','PEREJIL CRESPO (PREZZEMOLO RICCIUTO)',10000,1.12,1.50,NULL,NULL,NULL,'13','6','90',0,0,0),(880,'PRENSOB','PEREJIL CRESPO ENANO (PREZZEMOLO NANO RICCIUTO 2)',10000,1.00,1.50,NULL,NULL,NULL,'6','6','90',0,0,0),(881,'PERJPACBSOB','PEREJIL PARSLEY PEREJIL LISO CRIBOSEEDS',10000,NULL,1.50,NULL,NULL,NULL,'13','6','90',0,0,0),(882,'PRRSOB','PERRITO (BOCCA DI LEONE)',10000,1.20,1.50,NULL,NULL,NULL,'6','6','93',0,0,0),(883,NULL,'PERROS Y GATOS',10000,NULL,2.40,'VERIFICAR',NULL,NULL,NULL,NULL,NULL,0,0,0),(884,'PTENSOB','PETUNIA ENANA VARADA (PETUNIA NANA COMPATTA IN MISCUGLIO)',10000,1.20,1.50,NULL,NULL,NULL,'6','6','93',0,0,0),(885,'PTHISOB','PETUNIA HIBRIDA ',10000,1.20,1.50,NULL,NULL,NULL,'6','6','93',0,0,0),(886,'PHYT100','PHYTON FRASCO DE 100 CC',10000,4.84,5.50,NULL,NULL,NULL,'ECUAQUIMICA','6','14',0,0,0),(887,'PHYT250','PHYTON FRASCO DE 250 CC',9996,10.12,11.50,NULL,NULL,NULL,'ECUAQUIMICA','6','14',0,0,0),(888,'PIEAMMAC3025','PIE DE AMIGO DECORATIVO PORTA MACETA 30x25',10000,NULL,1.25,NULL,NULL,NULL,'IMPORTADORA LARTIZCO','5','3',0,0,0),(889,'PISANPO100','PIEL SANA POMO DE 100 GR',10000,NULL,2.68,NULL,NULL,'TOPICO','FARBIOVET','7','36',0,0,0),(890,'PILENRD2','PILA ENERGIZER MAX D2',10000,NULL,3.75,NULL,NULL,NULL,'TRUJILLO','3','51',0,0,0),(891,'PILHWB2','PILA HW-WATT ALKALINE (B2) DE 2 UNIDADES',10000,NULL,2.75,NULL,NULL,NULL,'IMPORTADORA LARTIZCO','3','86',0,0,0),(892,'PILHWLR6X','PILA HW-WATT ALKALINE LR 6X (B4) DE 4 UNIDADES',10000,1.27,2.50,NULL,NULL,NULL,'IMPORTADORA LARTIZCO','3','86',0,0,0),(893,'PIOLAZ4H','PIOLA 4H COLOR AZUL DE 5.3 KILOS',10000,NULL,NULL,NULL,NULL,NULL,'IMPORTADORA LARTIZCO','5','22',0,0,0),(894,'PITO6H','PIOLA TOMATE 6 HILOS DE 200 MTS',10000,15.98,19.98,'GRABA IVA',NULL,NULL,'MISTERGENES S.A.','7','60',0,0,0),(895,'PITOMKL','PIOLA TOMATERA ROLLO DE 1 KILO',10000,NULL,4.60,'GRABA IVA',NULL,NULL,'REPCOMPLAST','5','22',0,0,0),(896,'PITOM500','PIOLA TOMATERA ROLLO DE 500 GR',10000,NULL,2.30,'GRABA IVA',NULL,NULL,'REPCOMPLAST','5','22',0,0,0),(897,'PZSOB10','PIPERAZINA SOBRE DE 10 GR',10000,0.00,0.50,'0','','ORAL INTERNO','7','7','13',0,0,0),(898,'PIRT100','PIRETRIN FRASCO DE 100 CC',10013,1.92,2.90,NULL,NULL,NULL,'2','6','61',0,0,0),(899,'PIRT250','PIRETRIN FRASCO DE 250 CC',9995,3.64,5.15,NULL,NULL,NULL,'2','6','61',0,0,0),(900,'PIRT50','PIRETRIN FRASCO DE 50 CC',10000,1.12,1.70,NULL,NULL,NULL,'2','6','61',0,0,0),(901,'PIS312-1040','PISTOLA DE 6 FUNCIONES CON TUBO EXTENSION DE ALUMINIO BEST GARDEN 312-1040',10000,NULL,13.50,NULL,NULL,NULL,'40','5','3',0,0,0),(902,'PIS309-1034','PISTOLA DE METAL PARA MANGUERA BEST GARDEN 309-1034',10000,2.53,3.25,NULL,NULL,NULL,'40','5','3',0,0,0),(903,'PIS309-1039','PISTOLA PLASTICA PARA MANGUERA BEST GARDEN 309-1039 VERDE',10000,1.32,1.75,NULL,NULL,NULL,'40','5','3',0,0,0),(904,'PIS312-1209','PISTOLA PLASTICA PARA MANGUERA BEST GARDEN 312-1209 AMARILLA',10000,2.10,2.75,NULL,NULL,NULL,'40','5','3',0,0,0),(905,'PISMINITUB','PISTOLA UNIVERSAL CLASSIC MINITUB AUTOMATICA PARA INSEMINACION ARTIFICIAL',10000,40.63,NULL,NULL,NULL,NULL,'MARITZA ALBAN','7','63',0,0,0),(906,'PLINSOB','PLUMA DE INDIO (CELOSIA PLUMOSA NANA IN MISCUGLIO)',10000,1.20,1.50,NULL,NULL,NULL,'6','6','93',0,0,0),(907,'PMBIPOR500','PM BICALFOS PORCINO FUNDA DE 500 GR',10000,NULL,1.63,NULL,NULL,NULL,NULL,'7','88',0,0,0),(908,'POALTNEG','PODON DE ALTURA TREE PRUNER NEGRO',10000,NULL,15.00,NULL,NULL,NULL,'IMPORTADORA LARTIZCO','4','55',0,0,0),(909,'PCAG125','PONCHO DE AGUAS PM FUNDA DE 125 GR.',10000,1.40,1.80,NULL,NULL,NULL,'6','6','48',0,0,0),(910,'POCHIMPPVC','PONCHO IMPERMEABLE PVC ADULTO',10000,NULL,5.30,NULL,NULL,NULL,'PROTEZIONA','3','77',0,0,0),(911,'PORMEGJAR25','PORTA MANGUERA DE JARDIN CON 25 MTS',10000,NULL,25.00,NULL,NULL,NULL,'IMPORTADORA LARTIZCO','5','3',0,0,0),(912,'PORTMASC','PORTA MASCOTAS',10000,20.00,25.00,'GRAVA IVA',NULL,NULL,'EDGAR ESPIN','1','24',0,0,0),(913,'POSPLA','POSTE PLASTICO ALMA DE ACERO',10000,4.40,5.49,'GRABA IVA',NULL,NULL,'MISTERGENES S.A.','7','60',0,0,0),(914,'POL100','POTENCIALIZADOR LIQUIDO x 100 CC.',10196,1.65,2.80,NULL,NULL,NULL,'3','6','58',0,0,0),(915,'POP250','POTENCIALIZADOR POLVO PASTA x 250 GR.',9998,1.75,2.80,NULL,NULL,NULL,'3','6','58',0,0,0),(916,'PRAPLUSTABL','PRASIVET PLUS TABLETA',10000,NULL,1.00,NULL,NULL,'ORAL INTERNO',NULL,'7','13',0,0,0),(917,'PREL50','PRELUDE FUNDA DE 50 GR.',10000,4.40,5.50,NULL,NULL,NULL,'BIOPRODUCCION','6','48',0,0,0),(918,'PROCY500','PROCYMOX FUNDA DE 500 GR.',10000,5.00,6.25,NULL,NULL,NULL,'BIOPRODUCCION','6','48',0,0,0),(919,'PROCHOPVC2','PROTECTOR PARA COLCHÓN PVC 2 PLAZAS',10000,NULL,6.00,NULL,NULL,NULL,'PROTEZIONA','3','79',0,0,0),(920,'PULOUTJER3','PULGA OUT JERINGUILLA DE 3 CC',10007,2.74,3.80,NULL,NULL,'TOPICO ECTOPARASITOS','FARBIOVET','7','13',0,0,0),(921,'PULOUT100','PULGA OUT TALQUERA DE 100 GR ',10000,NULL,3.94,NULL,NULL,'TOPICO ECTOPARASITOS','FARBIOVET','7','13',0,0,0),(922,'PULOUT60','PULGA OUT TALQUERA DE 6O GR',10000,NULL,2.13,NULL,NULL,'TOPICO ECTOPARASITOS','FARBIOVET','7','13',0,0,0),(923,'PURBOV400','PURGANTE BOVINO CAJA DE 400 GR',10007,1.09,1.50,NULL,NULL,NULL,'FARBIOVET','7','80',0,0,0),(924,'RABEJO500','RÁBANO BEJO SCARLET CHAMPION REGGAE 500 GR.',10000,15.72,17.00,NULL,NULL,NULL,'INSUSEMILLAS','6','92',0,0,0),(925,'RABOLTL','RÁBANO BONANZA CRIMSON GIANT LATA DE 1 LIBRA',9989,7.20,7.63,NULL,NULL,NULL,'6','6','92',0,0,0),(926,'RABOONZ','RÁBANO BONANZA CRIMSON GIANT x ONZAS',10000,0.39,0.60,NULL,NULL,NULL,'6','6','92',0,0,0),(927,'RACUM50','RACUMÍN SOBRE DE 50 GR',10000,NULL,1.95,NULL,NULL,NULL,'ECUAQUIMICA','7','81',0,0,0),(928,'RANGLT','RANGER 480 FRASCO DE 1 LITRO',10000,4.58,4.95,NULL,NULL,NULL,'ECUAQUIMICA','6','53',0,0,0),(929,'RANG125','RANGER 480 FRASCO DE 125 CC',10000,0.83,0.95,NULL,NULL,NULL,'ECUAQUIMICA','6','53',0,0,0),(930,'RANG500','RANGER 480 FRASCO DE 500 CC',10000,2.46,2.80,NULL,NULL,NULL,'ECUAQUIMICA','6','53',0,0,0),(931,'RANGGL','RANGER DE 1 GALÓN',10003,17.25,18.60,NULL,NULL,NULL,'ECUAQUIMICA','6','53',0,0,0),(932,'RAQATRMOS','RAQUETA ATRAPA MOSCOS',10000,NULL,3.50,NULL,NULL,NULL,'IMPORTADORA LARTIZCO','4','3',0,0,0),(933,'RASTR10DIEN','RASTRILLO DE 10 DIENTES TAIWAN',10000,1.41,2.00,NULL,NULL,NULL,'TRUJILLO','4','54',0,0,0),(934,'RASTR12DIEN','RASTRILLO DE 12 DIENTES CON CABO',9982,1.86,2.25,'1','','','63','4','54',0,0,0),(935,'RASTR14DIEN','RASTRILLO DE 14 DIENTES',10120,1.66,2.50,NULL,NULL,NULL,'TRUJILLO','4','54',0,0,0),(936,'RASTR14DIENBG','RASTRILLO DE 14 DIENTES BEST GARDEN',10000,NULL,4.50,NULL,NULL,NULL,'40','4','54',0,0,0),(937,'RATEX20','RATEX SOBRE DE 20 GR.',10000,NULL,0.79,NULL,NULL,NULL,'FARBIOVET','7','81',0,0,0),(938,'RATULTPLSO20','RATICIDA ULTRA PLUS SOBRE DE 50 GR.',10030,0.75,0.86,NULL,NULL,NULL,'ECUAQUIMICA','7','81',0,0,0),(939,'RAT100','RATOLÍ DE 100 GR.',10000,0.00,1.80,NULL,NULL,NULL,'AGROBIOTEC','7','81',0,0,0),(940,'RYABTE50','RAYGRASS ABUNDANT SACO DE 50 LIBRAS',10000,45.02,60.02,NULL,NULL,NULL,'AGSO','6','91',0,0,0),(941,'RYABTELI','RAYGRASS ABUNDANT x LIBRAS',10000,0.90,1.35,NULL,NULL,NULL,'AGSO','6','91',0,0,0),(942,'RYANAS50','RAYGRASS ANUAL AUSTRAL SACO DE 50 LIBRAS',10000,51.00,68.00,NULL,NULL,NULL,'ALASKA S.A.','6','91',0,0,0),(943,'RYANASLI','RAYGRASS ANUAL AUSTRAL x LIBRAS',10000,1.02,1.25,NULL,NULL,NULL,'ALASKA S.A.','6','91',0,0,0),(944,'RYANTR50','RAYGRASS ANUAL TETRASTAR SACO DE 50 LIBRAS',10002,45.50,52.50,NULL,NULL,NULL,'6','6','91',0,0,0),(945,'RYANTRL','RAYGRASS ANUAL TETRASTAR x LIBRAS',9995,0.84,1.25,NULL,NULL,NULL,'6','6','91',0,0,0),(946,'RYPEBA50','RAYGRASS BANDITO 2 TETRALITE PEREMNE WESTAR DE 50 LIBRAS',10009,73.00,88.63,NULL,NULL,NULL,'6','6','91',0,0,0),(947,'RYPEBAL','RAYGRASS BANDITO 2 TETRALITE PEREMNE WESTAR x LIBRAS',9990,1.42,1.80,NULL,NULL,NULL,'6','6','91',0,0,0),(948,'RYPICHL','RAYGRASS PICHINCHA x LIBRAS',10000,NULL,1.50,NULL,NULL,NULL,'JOSE GUAMAN','6','91',0,0,0),(949,'RAYX1GL','RAYOX DE 1 GALÓN',10000,14.00,18.00,NULL,NULL,NULL,'2','6','62',0,0,0),(950,'RAYX1LR','RAYOX FRASCO DE 1 LITRO',10000,3.92,5.15,'CADUCADO',NULL,NULL,'2','6','62',0,0,0),(951,'RAYX1/2','RAYOX FRASCO DE 1/2 LITRO',10016,2.55,2.90,NULL,NULL,NULL,'2','6','62',0,0,0),(952,'RAYX1/2S','RAYOX FRASCO DE 1/2 LITRO CON SPRAY',9999,2.72,3.90,NULL,NULL,NULL,'2','6','62',0,0,0),(953,'REGPLAS8','REGADERA PLASTICA IMUSA VERDE',10082,3.42,4.91,'1','','','66','5','39',0,0,0),(954,'REMET3BRZ','REGADOR DE 3 BRAZOS METÁLICOS BEST GARDEN',10000,NULL,10.00,NULL,NULL,NULL,'40','5','39',0,0,0),(955,'REPLASFLOR','REGADOR FLOR PLÁSTICO PUNTA DE ACERO',10000,NULL,3.75,NULL,NULL,NULL,'TRUJILLO','5','39',0,0,0),(956,'REMETCOR','REGADOR SPRINKLER CORAZÓN T/CLAVO 3/4\"',10000,2.77,3.50,NULL,NULL,NULL,'TRUJILLO','5','39',0,0,0),(957,'REPLASH2704','REGADOR SPRINKLER PLASTICO H 2704',10000,NULL,2.00,NULL,NULL,NULL,'TRUJILLO','5','39',0,0,0),(958,'REMEDNITR','REGLA PARA MEDIR NITRÓGENO',10000,NULL,35.00,NULL,NULL,NULL,'MARITZA ALBAN','7','60',0,0,0),(959,'REMERWOCBSOB','REMOLACHA BEET EARLY WONDER CRIBOSEEDS',10000,NULL,1.50,NULL,NULL,NULL,'13','6','92',0,0,0),(960,'REB','REMOLACHA BONANZA EARLY WONDER LATA DE 1 LIBRA',10000,7.20,9.00,'0','','','6','6','92',0,0,0),(961,'RBEWONZ','REMOLACHA BONANZA EARLY WONDER X ONZAS',9998,0.45,0.65,'0','','','6','6','92',0,0,0),(962,'RWTL','REMOLACHA EARLY WONDER EMERALD DE 1 LIBRA',9999,8.36,9.50,'0','','','6','6','92',0,0,0),(963,'REFIAG3N1UV','REPUESTO FILTRO DE AGUA SO-SAFE 3N1UV',10000,NULL,6.00,NULL,NULL,NULL,'IMPORTADORA LARTIZCO','5','84',0,0,0),(964,'REBOJA','REPUESTO LANZA BOMBA JACTO',10000,13.20,15.00,NULL,NULL,NULL,'ECUAQUIMICA','8','85',0,0,0),(965,'REV125','REVUS FRASCO DE 125 CC',9993,7.21,8.20,NULL,NULL,NULL,'ECUAQUIMICA','6','48',0,0,0),(966,'RIDMZ250','RIDOMIL GOLD MZ FUNDA DE 250 GR.',10000,7.21,8.20,NULL,NULL,NULL,'ECUAQUIMICA','6','48',0,0,0),(967,'RIDMZ500','RIDOMIL GOLD MZ FUNDA DE 500 GR.',9999,13.64,15.50,NULL,NULL,NULL,'ECUAQUIMICA','6','48',0,0,0),(968,'ROFOSF50','ROCA FOSFÓRICA SACO DE 50 KG',10010,12.50,16.25,NULL,NULL,NULL,'ENEX','6','2',0,0,0),(969,'ROFOSFLIB','ROCA FOSFÓRICA x LIBRA',10000,0.12,0.20,NULL,NULL,NULL,'ENEX','6','2',0,0,0),(970,'ROSSJERG30','ROSSO JERINGA DE 30 ML',10000,6.48,8.10,NULL,NULL,'ORAL INTERNO-EXTERNO','FARBIOVET','7','13',0,0,0),(971,'RODUPLT','ROUNDUP FRASCO DE 1 LITRO',9998,4.35,4.95,NULL,NULL,NULL,'ECUAQUIMICA','6','53',0,0,0),(972,'RODUPKG','ROUNDUP FUNDA DE 1 KILO',9999,12.14,13.80,NULL,NULL,NULL,'ECUAQUIMICA','6','53',0,0,0),(973,'RODUP500','ROUNDUP FUNDA DE 500 GR.',10000,6.33,7.20,NULL,NULL,NULL,'ECUAQUIMICA','6','53',0,0,0),(974,'RYVESPRA60','RYVERI-D SPRAY FRASCO DE 60 ML',10007,2.61,3.12,NULL,NULL,'HERIDAS','FARBIOVET','7','26',0,0,0),(975,NULL,'SAFTI JERINGUILLA',10000,NULL,NULL,NULL,NULL,NULL,NULL,NULL,NULL,0,0,0),(976,'SLMESOB','SALVIA MENTA (SALVIA)',10000,1.20,1.50,NULL,NULL,NULL,'6','6','90',0,0,0),(977,'SANFOR120','SANITOR FORTE FRASCO DE 120 CC',10000,NULL,3.70,NULL,NULL,'HERIDAS','EDGAR ESPIN','7','27',0,0,0),(978,'SCOB100','SCOBA FRASCO DE 100 CC',10000,3.77,5.43,NULL,NULL,NULL,'AGRO INSUMOS','6','48',0,0,0),(979,'SCOB50','SCOBA FRASCO DE 50 CC',10000,2.33,3.15,NULL,NULL,NULL,'AGRO INSUMOS','6','48',0,0,0),(980,'SCOR100','SCORE FRASCO DE 100 CC',9999,9.06,10.30,NULL,NULL,NULL,'ECUAQUIMICA','6','48',0,0,0),(981,'SCOR50','SCORE FRASCO DE 50 CC',10000,4.84,5.50,NULL,NULL,NULL,'ECUAQUIMICA','6','48',0,0,0),(982,'SECULTLB','SEMILLA DE CULANTRO x LIBRAS',9982,NULL,1.25,NULL,NULL,NULL,'ELSA SILVA','6','90',0,0,0),(983,'SEPOD330PAJ','SERRUCHO DE PODAR PROFESIONAL 330 MM LA PAJARITA',10000,12.14,18.00,NULL,NULL,NULL,'IMPORTADORA LARTIZCO','4','55',0,0,0),(984,'SHACACOJ30','SHAMPOO CANINO COJIN DE  30 CC',10000,0.48,0.60,NULL,NULL,'TOPICO ECTOPARASITOS','DISVETEL','7','13',0,0,0),(985,'SHAPET120','SHAMPOO PET FRASCO DE 120 CC',10000,NULL,2.60,NULL,NULL,'TOPICO ECTOPARASITOS','37','7','13',0,0,0),(986,'SHAZOODE30','SHAMPOO Z00 DERMIN NF SOBRE DE 30 CC',10000,NULL,0.75,NULL,NULL,'TOPICO ECTOPARASITOS','20','7','13',0,0,0),(987,'SHUR1L','SHURIGAN FRASCO DE 1 LITRO',10000,6.80,8.50,NULL,NULL,NULL,'BIOPRODUCCION','6','61',0,0,0),(988,'SHUR100','SHURIGAN FRASCO DE 100 CC',9997,1.08,1.35,NULL,NULL,NULL,'BIOPRODUCCION','6','61',0,0,0),(989,'SHUR500','SHURIGAN FRASCO DE 500 CC',10000,3.60,4.50,NULL,NULL,NULL,'BIOPRODUCCION','6','61',0,0,0),(990,'SIRRARC24','SIERRA DE ARCO 24\"',10001,3.43,6.70,NULL,NULL,NULL,'KYWI','4','55',0,0,0),(991,'SIPLEFEL600','SIERRA PLEGABLE FELLO 600',10000,27.00,28.00,NULL,NULL,NULL,'ECUAQUIMICA','4','55',0,0,0),(992,'SINP100','SINOPRID FUNDA DE 100 GR',10000,5.65,8.69,NULL,NULL,NULL,'AGRO INSUMOS','6','61',0,0,0),(993,'SINP50','SINOPRID FUNDA DE 50 GR',10000,3.90,4.89,NULL,NULL,NULL,'AGRO INSUMOS','6','61',0,0,0),(994,'SINT100','SINOTYL DE 100 GR.',10000,NULL,2.29,NULL,NULL,NULL,'AGRO INSUMOS','6','48',0,0,0),(995,'SINZ100','SINOZOX FRASCO DE 100 CC',10000,4.67,6.30,NULL,NULL,NULL,'AGRO INSUMOS','6','61',0,0,0),(996,'SKKR250','SKEKURA FRASCO DE 250 CC',10000,3.60,4.80,NULL,NULL,NULL,'AGRO INSUMOS','6','48',0,0,0),(997,'SKKR500','SKEKURA FRASCO DE 500 CC',10000,6.65,8.86,NULL,NULL,NULL,'AGRO INSUMOS','6','48',0,0,0),(998,'SKWP100','SKEKURA WP FUNDA DE 100 GR',10100,1.52,1.86,'0','','','80','6','48',0,0,0),(999,'SKWP200','SKEKURA WP FUNDA DE 200 GR',10000,2.18,3.14,NULL,NULL,NULL,'AGRO INSUMOS','6','48',0,0,0),(1000,'SKMT100','SKEMATA FRASCO DE 100 CC',10000,1.46,1.59,NULL,NULL,NULL,'AGRO INSUMOS','6','61',0,0,0),(1001,'SOLINY100','SOLVIT INYECTABLE FRASCO DE 100 CC',10000,NULL,15.63,NULL,NULL,NULL,'FARBIOVET','7','99',0,0,0),(1002,'SOLINY20','SOLVIT INYECTABLE FRASCO DE 20 CC',10000,NULL,4.66,NULL,NULL,NULL,'FARBIOVET','7','99',0,0,0),(1003,'SOLINY500','SOLVIT INYECTABLE FRASCO DE 500 CC',10000,NULL,68.75,NULL,NULL,NULL,'FARBIOVET','7','99',0,0,0),(1004,'SOLORLSOB20','SOLVIT ORAL SOBRE DE 20 GR',10000,0.42,0.57,NULL,NULL,NULL,'FARBIOVET','7','99',0,0,0),(1005,'SOROL120','SOROL FRASCO DE 120 ML',10000,NULL,6.60,NULL,NULL,NULL,'20','7','87',0,0,0),(1006,'SFALE1GL','STICKER FIJADOR AGRICOLA ESPESO x 1 GALON',10000,9.25,14.80,NULL,NULL,NULL,'3','6','42',0,0,0),(1007,'SFALE1LT','STICKER FIJADOR AGRICOLA ESPESO x 1 LITRO',10000,2.49,3.98,NULL,NULL,NULL,'3','6','42',0,0,0),(1008,'SFALE100','STICKER FIJADOR AGRICOLA ESPESO x 100 CC.',10174,0.69,1.10,NULL,NULL,NULL,'3','6','42',0,0,0),(1009,'SFALE240','STICKER FIJADOR AGRICOLA ESPESO x 240 CC.',10000,1.25,2.00,NULL,NULL,NULL,'3','6','42',0,0,0),(1010,'SFALE500','STICKER FIJADOR AGRICOLA ESPESO x 500 CC.',10000,1.69,2.70,NULL,NULL,NULL,'3','6','42',0,0,0),(1011,'SFAL1GL','STICKER FIJADOR AGRICOLA x 1 GALON',10000,8.44,13.50,NULL,NULL,NULL,'3','6','42',0,0,0),(1012,'SFAL1LT','STICKER FIJADOR AGRICOLA x 1 LITRO',9967,2.31,3.70,NULL,NULL,NULL,'3','6','42',0,0,0),(1013,'SFAL100','STICKER FIJADOR AGRICOLA x 100 CC.',10262,0.61,0.98,NULL,NULL,NULL,'3','6','42',0,0,0),(1014,'SFAL240','STICKER FIJADOR AGRICOLA x 240 CC.',10000,1.19,1.90,NULL,NULL,NULL,'3','6','42',0,0,0),(1015,'SFAL500','STICKER FIJADOR AGRICOLA x 500 CC.',9975,1.56,2.50,NULL,NULL,NULL,'3','6','42',0,0,0),(1016,'SRL1GL','STICKER REGULA pH x 1 GALON',10000,15.00,24.00,NULL,NULL,NULL,'3','6','83',0,0,0),(1017,'SRL1LT','STICKER REGULA pH x 1 LITRO',10000,4.31,6.90,NULL,NULL,NULL,'3','6','83',0,0,0),(1018,'SRL100','STICKER REGULA pH x 100 CC.',9999,0.78,1.25,NULL,NULL,NULL,'3','6','83',0,0,0),(1019,'SRL240','STICKER REGULA pH x 240 CC.',10000,1.47,2.35,NULL,NULL,NULL,'3','6','83',0,0,0),(1020,'SRL500','STICKER REGULA pH x 500 CC.',10000,2.63,4.20,NULL,NULL,NULL,'3','6','83',0,0,0),(1021,'SFARL1GL','STICKET FIJADORA AGRICOLA Y REGULA pH x 1 GALON',10000,14.38,23.00,NULL,NULL,NULL,'3','6','43',0,0,0),(1022,'SFARL1LT','STICKET FIJADORA AGRICOLA Y REGULA pH x 1 LITRO',9976,4.19,6.70,NULL,NULL,NULL,'3','6','43',0,0,0),(1023,'SFARL100','STICKET FIJADORA AGRICOLA Y REGULA PH X 100 CC.',9502,0.72,1.23,'0','','','3','6','43',0,0,0),(1024,'SFARL240','STICKET FIJADORA AGRICOLA Y REGULA pH x 240 CC.',9824,1.44,2.30,NULL,NULL,NULL,'3','6','43',0,0,0),(1025,'SFARL500','STICKET FIJADORA AGRICOLA Y REGULA pH x 500 CC.',10017,2.35,4.00,NULL,NULL,NULL,'3','6','43',0,0,0),(1026,'STRFORT15','STRESS FORTE COJIN DE 15 CC',10000,NULL,0.65,NULL,NULL,NULL,'VITALAGRO','7','99',0,0,0),(1027,'SUCO25','SULFATO DE COBRE SACO DE 25 KG',9957,75.00,85.97,'0','','','39','6','48',0,0,0),(1028,'SUCOL','SULFATO DE COBRE x LIBRAS',10000,1.36,1.80,NULL,NULL,NULL,'39','6','48',0,1,0),(1029,'SUHI25','SULFATO DE HIERRO SACO DE 25 KG',10003,9.50,10.93,NULL,NULL,NULL,'39','6','41',0,0,0),(1030,'SUHIL','SULFATO DE HIERRO x LIBRAS',10000,0.18,0.23,NULL,NULL,NULL,'39','6','41',0,0,0),(1031,'SUMGGR50','SULFATO DE MAGNESIO GRANULADO SACO DE 50 KG.',10002,16.50,19.55,NULL,NULL,NULL,'39','6','40',0,0,0),(1032,'SUMGGRL','SULFATO DE MAGNESIO GRANULADO x LIBRAS',10000,0.16,0.20,NULL,NULL,NULL,'39','6','40',0,0,0),(1033,'SUMGTE50','SULFATO DE MAGNESIO TÉCNICO SACO DE 50 KG.',10000,13.00,14.95,NULL,NULL,NULL,'39','6','41',0,0,0),(1034,'SUMGTEL','SULFATO DE MAGNESIO TÉCNICO x LIBRAS',9998,0.12,0.15,NULL,NULL,NULL,'39','6','41',0,0,0),(1035,'SUPOCR25','SULFATO DE POTASIO CRISTALIZADO SACO DE 25 KG',10000,22.00,25.30,NULL,NULL,NULL,'39','6','41',0,0,0),(1036,'SUPOCRL','SULFATO DE POTASIO CRISTALIZADO x LIBRAS',10000,0.40,0.50,NULL,NULL,NULL,'39','6','41',0,0,0),(1037,'SUZN25','SULFATO DE ZINC SACO DE 25 KG',10000,23.75,27.32,NULL,NULL,NULL,'39','6','41',0,0,0),(1038,'SUZNL','SULFATO DE ZINC x LIBRAS',10000,0.44,0.55,NULL,NULL,NULL,'39','6','41',0,0,0),(1039,'SULT10','SULTRAX FRASCO DE 10 ML',10000,NULL,1.80,NULL,NULL,'DIGESTIVAS','31','7','9',0,0,0),(1040,'SULT50','SULTRAX FRASCO DE 50 ML',10000,NULL,5.85,NULL,NULL,'DIGESTIVAS','31','7','9',0,0,0),(1041,'SULTVETINY20','SULTRI-VET FRASCO DE 20 CC',10000,NULL,4.20,NULL,NULL,'DIGESTIVAS','20','7','9',0,0,0),(1042,'TERCSOB','TERCIOPELINA (COLEUS ARCOBALENO IN MISCUGLIO)',10000,1.20,1.50,NULL,NULL,NULL,'6','6','93',0,0,0),(1043,'TRDECSOL','TERMO DESCONGELADOR SOLO',10000,13.59,150.00,NULL,NULL,NULL,'MARITZA ALBAN','7','60',0,0,0),(1044,'TRPA20/20','TERMO PAJUELAS 20/20 IMPOT.',10000,848.75,875.00,NULL,NULL,NULL,'AGSO','7','60',0,0,0),(1045,'TRMTAR','TERMÓMETRO DE TARJETA',10000,11.78,14.75,'GRABA IVA',NULL,NULL,'AGSO','7','63',0,0,0),(1046,'TEDIGAL','TERMÓMETRO DIGITAL CON ALARMA',10000,5.64,7.05,NULL,NULL,NULL,'18','7','63',0,0,0),(1047,'TERHIDR','TERMÓMETRO HYGROMETER SYRVET DIGITAL',10000,20.60,25.75,NULL,NULL,NULL,'18','7','63',0,0,0),(1048,'TERMAXMIN','TERMÓMETRO MAX Y MIN PLÁSTICO',10000,7.09,8.87,NULL,NULL,NULL,'18','7','63',0,0,0),(1049,'TERVET','TERMÓMETRO VETERINARIO 5\"',10000,2.80,3.50,NULL,NULL,NULL,'18','7','63',0,0,0),(1050,'TETIBOT','TETINA PARA BOTELLA TERNEROS',10000,3.71,4.64,NULL,NULL,NULL,'18','7','63',0,0,0),(1051,'TETICHA','TETINA PARA CAHORROS ',10000,1.30,1.80,NULL,NULL,NULL,'18','7','63',0,0,0),(1052,'TIPOBEGA8','TIJERA PODADORA BEST GARDEN 8\"',10000,NULL,12.00,NULL,NULL,NULL,'40','4','55',0,0,0),(1053,'TIPOALT30BAH','TIJERA PODADORA DE ALTURA 30 MM P34-27A BAHCO',10000,23.85,NULL,NULL,NULL,NULL,'24','4','55',0,0,0),(1054,'TIPOFEL160L','TIJERA PODADORA FELCO ESSENTIEL 160L',10000,22.96,NULL,NULL,NULL,NULL,'ECUAQUIMICA','4','55',0,0,0),(1055,'TIPOFEL2','TIJERA PODADORA FELCO No. 2',10000,46.00,49.00,NULL,NULL,NULL,'ECUAQUIMICA','4','55',0,0,0),(1056,'TIPOGACO9','TIJERA PODADORA GAVILAN COLORADO INCOLMA 9\"',10000,6.93,8.00,NULL,NULL,NULL,'IMPORTADORA LARTIZCO','4','55',0,0,0),(1057,'TIPOHIQU8','TIJERA PODADORA HIGH QUALITY 8\"',10000,NULL,4.50,NULL,NULL,NULL,'TRUJILLO','4','55',0,0,0),(1058,'TIPOINC9','TIJERA PODADORA INCOLMA 9\"',10000,6.19,7.25,NULL,NULL,NULL,'IMPORTADORA LARTIZCO','4','55',0,0,0),(1059,'TIPOPAJ21','TIJERA PODADORA LA PAJARITA REF: 1025 21 CM',10000,NULL,8.50,NULL,NULL,NULL,'IMPORTADORA LARTIZCO','4','55',0,0,0),(1060,'TIPOPAJ23','TIJERA PODADORA LA PAJARITA REF: 1025 23 CM',10000,NULL,9.15,NULL,NULL,NULL,'IMPORTADORA LARTIZCO','4','55',0,0,0),(1061,'TIPOPAJ19','TIJERA PODADORA LA PAJARITA REF: 1027 19 CM',10000,NULL,5.75,NULL,NULL,NULL,'IMPORTADORA LARTIZCO','4','55',0,0,0),(1062,'TLT100','TILT FRASCO DE 100 CC',10000,3.16,3.60,NULL,NULL,NULL,'ECUAQUIMICA','6','48',0,0,0),(1063,'TLT250','TILT FRASCO DE 250 CC',9997,6.73,7.65,NULL,NULL,NULL,'ECUAQUIMICA','6','48',0,0,0),(1064,'TLT50','TILT FRASCO DE 50 CC',10000,1.98,2.25,NULL,NULL,NULL,'ECUAQUIMICA','6','48',0,0,0),(1065,'TOMSOB','TOMILLO (TIMO)',10000,1.20,1.50,NULL,NULL,NULL,'6','6','90',0,0,0),(1066,'TPS100','TOPAS FRASCO DE 100 CC',10000,6.11,6.95,NULL,NULL,NULL,'ECUAQUIMICA','6','48',0,0,0),(1067,'TPS50','TOPAS FRASCO DE 50 CC',10000,3.25,3.70,NULL,NULL,NULL,'ECUAQUIMICA','6','48',0,0,0),(1068,'TOP150','TOPSIN FRASCO DE 150 CC',10000,5.90,6.00,NULL,NULL,NULL,'GRUPO GRANDES','6','48',0,0,0),(1069,'TRANQINY10','TRANQUILAN INYECTABLE FRASCO DE 10 CC',10000,NULL,NULL,'VERIFICAR',NULL,NULL,'20','7','96',0,0,0),(1070,'TRBLLGFU','TRÉBOL BLANCO LADINO GIGANTE FUNDA DE 1 LIBRA',10053,178.00,5.00,NULL,NULL,NULL,'6','6','91',0,0,0),(1071,'TRROKEFU','TRÉBOL ROJO KEENLAND FUNDA DE 1 LIBRA',10000,3.85,4.81,NULL,NULL,NULL,'6','6','91',0,0,0),(1072,'TRPM100','TRICO PM FRASCO DE 100 GR.',10000,9.20,12.00,NULL,NULL,NULL,'AGROBIOTEC','6','72',0,0,0),(1073,'TRPM200','TRICO PM FRASCO DE 200 GR.',9997,15.60,22.00,NULL,NULL,NULL,'AGROBIOTEC','6','72',0,0,0),(1074,'TRPLTA100','TRIFEN PLUS 2 TABLETAS FRASCO DE 100 UNIDADES',10000,21.60,27.00,NULL,NULL,'ORAL INTERNO','EDGAR ESPIN','7','13',0,0,0),(1075,'TRPLTAUNID','TRIFEN PLUS 2 TABLETAS x UNIDAD',10000,0.22,0.30,NULL,NULL,'ORAL INTERNO','EDGAR ESPIN','7','13',0,0,0),(1076,'TRTAD20','TRIMETO TAD SOBRE DE 20 GR.',10000,0.76,0.95,NULL,NULL,'RESPIRATORIAS-DIGESTIVAS','AGROBIOTEC','7','9',0,0,0),(1077,'TRZMD500','TRIZIMAND FUNDA DE 500 GR.',10000,3.25,3.70,NULL,NULL,NULL,'ECUAQUIMICA','6','48',0,0,0),(1078,'TRZMD900','TRIZIMAND FUNDA DE 900 GR.',10000,5.98,6.80,NULL,NULL,NULL,'ECUAQUIMICA','6','48',0,0,0),(1079,'TROVITCOJ30','TROLVIT COJIN DE 30 CC',10000,NULL,1.03,NULL,NULL,NULL,'FARBIOVET','7','82',0,0,0),(1080,'TROVIT500','TROLVIT FRASCO DE 500 CC',10000,NULL,7.75,NULL,NULL,NULL,'FARBIOVET','7','82',0,0,0),(1081,'TURPGX107','TURBA PRO MIX PGX X 107 LITROS',9996,39.60,49.50,NULL,NULL,NULL,'ALASKA S.A.','5','95',0,0,0),(1082,'TYCOB100','TYLO-COMBISONE FRASCO DE 100 ML',10000,15.32,19.15,NULL,NULL,'RESPIRATORIAS-DIGESTIVAS','GRUPO GRANDES','7','9',0,0,0),(1083,'TYCOB20','TYLO-COMBISONE FRASCO DE 20 ML',10000,4.87,6.09,NULL,NULL,'RESPIRATORIAS-DIGESTIVAS','GRUPO GRANDES','7','9',0,0,0),(1084,'TYCOB50','TYLO-COMBISONE FRASCO DE 50 ML',10000,8.55,10.69,NULL,NULL,'RESPIRATORIAS-DIGESTIVAS','GRUPO GRANDES','7','9',0,0,0),(1085,'UREA50','UREA SACO DE 50 KG.',10010,31.60,29.90,NULL,NULL,NULL,'39','6','40',0,0,0),(1086,'UREAL','UREA x LIBRAS',10000,0.24,0.30,NULL,NULL,NULL,'39','6','40',0,0,0),(1087,'UVILLSOB','UVILLA (UCHUVA) X 5G.',10000,2.24,3.50,NULL,NULL,NULL,'ALASKA S.A.','6','92',0,0,0),(1088,'VABOLI','VAINITA HARVESTER BONANZA x LIBRAS',10000,1.70,2.50,NULL,NULL,NULL,'6','6','92',0,0,0),(1089,'VASINRET','VASO SIN RETORNO',10000,NULL,12.00,NULL,NULL,NULL,'MARITZA ALBAN','7','60',0,0,0),(1090,'VERRU20','VERRUGAL FRASCO DE 20 CC',10000,NULL,5.90,NULL,NULL,NULL,'20','7','8',0,0,0),(1091,'VICF100','VICIA FORRAJERA SACO DE 100 LIBRAS',10000,32.00,48.00,'0','','','43','6','91',0,0,0),(1092,'VICFORRL','VICIA FORRAJERA x LIBRAS',10000,NULL,0.45,NULL,NULL,NULL,'JOSE GUAMAN','6','91',0,0,0),(1093,'VFL1GL','VIGOR FLOR LIQUIDO x 1 GALON',10000,17.50,28.00,NULL,NULL,NULL,'3','6','19',0,0,0),(1094,'VFL1LT','VIGOR FLOR LIQUIDO x 1 LITRO',10000,4.69,7.50,NULL,NULL,NULL,'3','6','19',0,0,0),(1095,'VFL240','VIGOR FLOR LIQUIDO x 240 CC.',10000,1.56,2.50,NULL,NULL,NULL,'3','6','19',0,0,0),(1096,'VFL500','VIGOR FLOR LIQUIDO x 500 CC.',10000,2.56,4.10,NULL,NULL,NULL,'3','6','19',0,0,0),(1097,'VPL1GL','VIGOR PLANT CLASICO x 1 GALON',10000,9.31,14.90,NULL,NULL,NULL,'3','6','19',0,0,0),(1098,'VPL1LT','VIGOR PLANT CLASICO x 1 LITRO',10120,3.25,5.40,NULL,NULL,NULL,'3','6','19',0,0,0),(1099,'VPL500','VIGOR PLANT CLASICO x 500 CC.',10075,2.06,3.50,NULL,NULL,NULL,'3','6','19',0,0,0),(1100,'VPCL1GL','VIGOR PLANT CONCENTRADO x 1 GALON',10000,13.75,22.00,NULL,NULL,NULL,'3','6','19',0,0,0),(1101,'VPCL1LT','VIGOR PLANT CONCENTRADO x 1 LITRO',10000,3.75,6.00,NULL,NULL,NULL,'3','6','19',0,0,0),(1102,'VPCL240','VIGOR PLANT CONCENTRADO x 240 CC.',9998,1.56,2.50,NULL,NULL,NULL,'3','6','19',0,0,0),(1103,'VPCL500','VIGOR PLANT CONCENTRADO x 500 CC.',9874,2.19,3.50,NULL,NULL,NULL,'3',NULL,NULL,0,0,0),(1104,'VITPET10TAB','VITA PET FRASCO DE 10 TABLETAS',10000,NULL,1.50,NULL,NULL,NULL,'37','7','99',0,0,0),(1105,'VITMUL100','VITAMULT ORAL FRASCO 100 CC',10000,NULL,4.20,NULL,NULL,NULL,'31','7','99',0,0,0),(1106,'VIRZ46','VITARAIZ DE 46 KG.',10000,40.00,46.00,NULL,NULL,NULL,'2','6','2',0,0,0),(1107,'VIRZLB','VITARAIZ x LIBRA',10000,0.40,0.55,NULL,NULL,NULL,'2','6','2',0,0,0),(1108,'VOND250','VONDOZEB RF 80WP FUNDA DE 250 GR.',10000,1.71,1.95,NULL,NULL,NULL,'ECUAQUIMICA','6','48',0,0,0),(1109,'YODTREX10','YODATREX FRASCO DE 10 CC',10000,NULL,2.34,NULL,NULL,NULL,'FARBIOVET','7','82',0,0,0),(1110,'YODTREX100','YODATREX FRASCO DE 100 CC',10000,NULL,7.61,NULL,NULL,NULL,'FARBIOVET','7','82',0,0,0),(1111,'YODTREX50','YODATREX FRASCO DE 50 CC',10000,NULL,4.99,NULL,NULL,NULL,'FARBIOVET','7','82',0,0,0),(1112,'YODGEL100','YODO GEL POMO DE 100 GR',10000,NULL,3.25,NULL,NULL,'TOPICO','FARBIOVET','7','36',0,0,0),(1113,'YODSIL200','YODO SIL POMO DE 200 GR',10000,NULL,5.51,NULL,NULL,'TOPICO','FARBIOVET','7','36',0,0,0),(1114,'YODTIL1000','YODOTIN SOLUCIÓN FRASCO DE 1000 CC',10002,9.50,8.90,'SEPTIEMBRE-2011',NULL,'HERIDAS','20','7','34',0,0,0),(1115,'YOG100','YOGA FRASCO DE 100 CC',10000,4.30,6.19,NULL,NULL,NULL,'AGRO INSUMOS','6','61',0,0,0),(1116,'ZAGCRCFU','ZANAHORIA AGROSAD CHANTENAY RED CORE FUNDA DE 1 LIBRA',10000,8.70,10.88,NULL,NULL,NULL,'6','6','92',0,0,0),(1117,'ZASUL','ZANAHORIA AGROSAD CHANTENAY SUPREME LATA DE 1 LIBRA',9991,14.54,16.25,'0','','','6','6','92',0,0,0),(1118,'ZAGCHSUONZ','ZANAHORIA AGROSAD CHANTENAY SUPREME x ONZAS',10000,0.82,1.10,NULL,NULL,NULL,'6','6','92',0,0,0),(1119,'ZBOCRCFU','ZANAHORIA BONANZA CHANTENAY RED CORE FUNDA DE 1 LIBRA',10000,9.35,11.69,NULL,NULL,NULL,'6','6','92',0,0,0),(1120,'ZBOCRCLTL','ZANAHORIA BONANZA CHANTENAY RED CORE LATA DE 1 LIBRA',10000,9.80,12.25,NULL,NULL,NULL,'6','6','92',0,0,0),(1121,'ZBOCRCONZ','ZANAHORIA BONANZA CHANTENAY RED CORE x ONZAS',10000,0.59,0.80,NULL,NULL,NULL,'6','6','92',0,0,0),(1122,'ZABOHI4','ZANAHORIA BONANZA HIBRIDA ESPECIAL DE 4 OZ.',10000,10.10,12.63,NULL,NULL,NULL,'6','6','92',0,0,0),(1123,'ZIDAMESOB','ZINNIA DALIA DOBLE MEZCLADA (ZINNIA DOPPIA FIOR DI DHALIA IN MISCUGLIO)',10000,1.20,1.50,NULL,NULL,NULL,'6','6','93',0,0,0),(1124,'ZIDACASOB','ZINNIA DALIA GIG. DOBLE CALIFORNIA MIX',10000,1.20,1.50,NULL,NULL,NULL,'6','6','93',0,0,0),(1125,'ZIDAGISOB','ZINNIA DALIA GIG. FLOR DE CACTUS (ZINNIA FIOR DI CACTUS DOPPIA IN MISCUGLIO)',10000,1.20,1.50,NULL,NULL,NULL,'6','6','93',0,0,0),(1126,'ZOHEMINY50','ZOO-HEMOSTAT N.F. INYECTABLE FRASCO DE 50 CC',10000,NULL,8.00,NULL,NULL,NULL,'20','7','52',0,0,0),(1127,'ZPEN50','Z-PEN FRASCO DE 50 CC',10000,9.24,NULL,NULL,NULL,'AMPLIO ESPECTRO','FARBIOVET','7','9',0,0,0),(1128,'ZUQSOB','ZUQUINY (ZUCCHINO STRIATO D\'ITALIA) EN SOBRES',10000,1.00,1.50,NULL,NULL,NULL,'6','6','92',0,0,0),(1129,'ZUQBOLTL','ZUQUINY BONANZA BLACK BEUTY LATA DE 1 LIBRA',10000,11.40,14.25,NULL,NULL,NULL,'6','6','92',0,0,0),(1130,'ZUQBOONZ','ZUQUINY BONANZA BLACK BEUTY x ONZAS',10000,0.72,0.95,NULL,NULL,NULL,'6','6','92',0,0,0),(1131,'ZUQVEOBSOB','ZUQUINY VERDE OSCURO (ZUCCHINO VERDE SCURO)',10000,1.12,1.50,NULL,NULL,NULL,'13','6','92',0,0,0),(1132,'AGROH100','AGROHUMUS HV X 100 CC',10000,1.00,1.60,'0','','','3','6','1',0,0,0),(1133,'ABONFLOR250','ABONAGRO FLORACION X 250 GR',10002,1222.72,1.20,'0','','','3','6','1',0,0,0),(1134,'8-20-30 FERTQ','FERTIQUIM 8-20-30',10000,35.50,39.00,'0','','','39','6','40',0,0,0),(1135,'11-52-0MAPGR','FERTILIZANTE 11-52-00',10033,42.50,49.00,'0','','','39','6','40',0,0,0),(1136,'ERPE','CU',10000,106.07,106.07,'1','','','48','2','6',0,0,0),(1137,'GLYF48%1LT','GLYFOCOR 48% (FCO 1 LITRO)',9999,4.32,5.94,'0','','HERBICIDA NO SELECTIVO','22','6','53',0,0,0),(1138,'GLYF48%GL','GLYFOCOR 48% (ENV 1 GALON)',10000,15.00,20.51,'0','','HERBICIDA NO SELECTIVO','22','6','53',0,0,0),(1139,'ROCIS1/2!','ROCIADOR ISRAELI DE 1/2!',10000,0.95,2.15,'0','','','40','4','54',0,0,0),(1140,'ROCPLAS3/4N/A','ROCIADOR PLASTICO 3/4 N/A ',10000,3.40,7.25,'0','','','40','5','39',0,0,0),(1141,'ROCPLASN*1!','ROCEADOR PLASTICO 1\" N TW',10000,5.70,10.25,'0','','','40','5','39',0,0,0),(1142,'ROCPLASN*1!','ROCEADOR PLASTICO 1\" N TW',10000,5.70,10.25,'0','','','40','5','39',0,0,0),(1143,'POFINQBB X 40','POLLITOS FINQUEROS BB X 40',10000,0.70,0.77,'0','','','57','7','60',0,0,0),(1144,'PRPBB*50','POLLITOS ROJOS PARRILERO BB X 50',10000,0.62,0.68,'0','','','57','7','60',0,0,0),(1145,'FUMGM20LT','FUMIGADORA MANUAL DE 20 LITROS SUPERELI',10010,15.00,25.00,'0','','','58','8','46',0,0,0),(1146,'KITREPFM01','KIT LANZA REPUESTOS FUMIGADORA MANUAL SUPERIL',10000,7.00,12.00,'0','','','58','8','85',0,0,0),(1147,'ROCFGM','ROCIADOR DE FUMIGADORA MANUAL SUPERELI',10000,2.50,4.00,'0','','','58','8','85',0,0,0),(1148,'GRAFI007','GRAMA FIESTA 3000 SACO X 50 LIBRAS',10000,120.00,180.00,'0','','','8','6','91',0,0,0),(1149,'TOMARBA4GR','TOMATE DE ARBOL AMARILLO X 4 GRS (SOBRE)',10000,2.24,3.50,'0','','','8','6','100',0,0,0),(1150,'VAVIC01','VELO PARA AVICULTURA',10000,16.07,17.67,'1','','','5','7','4',0,0,0),(1151,'OVAPI01','OVEROL PARA APICULTURA',10000,40.18,44.20,'1','','','5','7','4',0,0,0),(1152,'BOTASBL','BOTAS DE CAUCHO COLOR BLACA TODA TALLA',10000,8.04,12.20,'1','','','5','3','21',0,0,0),(1153,'ROC2V','ROCIADOR 2 V DE 1/2',10000,1.30,1.85,'0','','','56','5','39',0,0,0),(1154,'ROC2SC/L','ROCIADOR DE 1/2 CON 2 V Y LIMPIADOR ',10000,1.30,1.95,'0','','','56','5','39',0,0,0),(1155,'ROCNE3/4','ROCIADOR DE 3/4 NEGRO REFORZADO',10000,7.00,9.25,'0','','','56','5','39',0,0,0),(1156,'ZUCHO','ZUNCHO DE PLASTICO',10000,11.20,18.90,'1','','','33','5','22',0,0,0),(1157,'LMBC','LOMBRIZ CALIFORNIANA X KILOS',9890,2.00,6.50,'0','','','59','6','5',0,0,0),(1158,'FOLLT','FOLLETERIA',10000,33.00,9.00,'0','','','25','2','6',0,0,0),(1159,'N15-5-30','NIPOFOS 15-5-30',9893,68.00,81.60,'0','','','30','6','1',0,0,0),(1160,'N301010','NIPOFOS 30- 10-10',9965,76.00,91.20,'0','','','30','6','1',0,0,0),(1161,'AGRO-MC','AGRO Q - MICROS - 50 KILOS',10000,45.00,51.75,'0','','','39','6','2',0,0,0),(1162,'GAT2011','GASTOS',10024,975.00,62.80,'1','','','47','10','101',0,0,0),(1163,'EDU100','EDU-PET SOL. 100 ML',10000,5.20,6.50,'0','','','47','7','4',0,0,0),(1164,'TNAC','TENAZA NARINGUERA EN ACERO CON CADENA',10000,13.22,15.86,'0','','','47','7','4',0,0,0),(1165,'MNB004','MAMBO CACHORRO 18 KG',10000,0.00,26.88,'1','','','11','7','17',0,0,0),(1166,'MICU001','MICCCU CRISTALES 3.8L',10000,5.40,6.48,'1','','','11','1','59',0,0,0),(1167,'LACGIAT','LECHUGA AGR. KAGRAMER SOMMER',10000,11.80,14.16,'0','','','6','6','92',0,0,0),(1168,'RDET','REMOLACHA AGRDETROIT DARK RED',10002,7.65,9.18,'0','','','6','6','92',0,0,0),(1169,'FTC100','FOSTONIC -FOSETYL AL (FDAS 100 GR)',10000,1.72,2.15,'0','','','22','6','48',0,0,0),(1170,'CIMOX','CIMOX-M8 (FUNDAS 500 GR:)',10025,4.62,5.78,'0','','','22','6','48',0,0,0),(1171,'CL1/4','CLORCIRIN 550 EC (1/4 LT)',10024,3.78,4.72,'0','','','22','6','48',0,0,0),(1172,'RMF','REMOLACHA AGRSAD  EARLY WONDER FUNDA',10000,6.80,8.16,'0','','','6','6','92',0,0,0),(1173,'GI','GUANTE INDUSTRIAL NEGRO',9990,1.04,1.79,'1','','','33','3','50',0,0,0),(1174,'RP','ROPA PERRO M',10000,4.00,5.00,'1','','','1','1','24',0,0,0),(1175,'MC20LT','MELAZA CANECA 20 LITROS',10000,9.75,14.00,'0','','','3','7','82',0,0,0),(1176,'AAGKL','ABONO GRANULADO AZUL 50 KILOS',9986,47.91,65.00,'0','','','3','6','2',0,0,0),(1177,'OX12.5','OXITETRACICLINA 12.5% P.S',10000,0.52,0.65,'0','','','16','7','57',0,0,0),(1178,'OX12.5','OXITETRACICLINA 12.5% P.S',10000,0.00,0.65,'0','','','16','7','57',0,0,0),(1179,'FLXLT','FLOXANOVA X LITRO',10000,30.00,36.00,'0','','','16','7','57',0,0,0),(1180,'AB2S','ASPERSOR BRONCE 1/2\" 2 SALIDAS',10000,6.26,7.50,'0','','','63','5','39',0,0,0),(1181,'HCHP','HOZ CHINA PUNTONA',10000,0.70,0.84,'0','','','63','4','55',0,0,0),(1182,'ADP','ADAPTADOR FLEX HEMBRA 1/2\"',10000,0.25,0.30,'1','','','63','4','55',0,0,0),(1183,'ABG7/8','ABRAZADERA GRUESA 7/8\"',10000,0.15,0.18,'1','','','63','5','39',0,0,0),(1184,'CI','CABO IDEAL 3/8 VERD C/C 17 KG',10000,4.07,4.89,'1','','','63','5','22',0,0,0),(1185,'CI7/16','CABO IDEAL 3/8 AZULC/C 17 KG',10000,4.07,4.89,'1','','','63','5','22',0,0,0),(1186,'CPP','CORTAPICO PLATINUM',10000,4.39,5.27,'1','','','63','4','54',0,0,0),(1187,'D940','BIOSENTRY 904  DESINFECTANTE',10000,22.13,22.13,'0','','','64','7','34',0,0,0),(1188,'TVS','TARRO DE VITAMINA SUPRAFOS-F POLVO DE 1000 GR',10000,5.00,5.89,'0','','','1','7','94',0,0,0),(1189,'DET50','DECTOMAX X 50 CC',10000,15.00,15.39,'0','','','1','7','99',0,0,0),(1190,'ENR20','ENROFLOXACINA, 1 LT AL 20% ',10000,35.00,35.06,'0','','','16','7','9',0,0,0),(1191,'PP904','PIPERACINA SB 10 GR',9996,0.30,0.35,'0','','','7','7','13',0,0,0),(1197,'SFG','SUSTRATO FLORA GARD X 70 L',10000,26.62,33.27,'0','','','30','5','95',0,0,0),(1192,'LH','SEMILLA LECHUGA DE HOJA',10000,14.00,14.75,'0','','','6','6','92',0,0,0),(1193,'BSH','SEMILLA DE BROCOLI (HIBRIDAD 2500 VRDAD CORON',10000,12.00,12.37,'0','','','4','6','92',0,0,0),(1194,'FT6','FUNGICIDA ORGANICO TRICOBIO DE 600 GR',10000,18.00,20.00,'0','','','4','6','48',0,0,0),(1195,'IOR','INSECTICIDA ORGANICO REVERBERE B DE 600 GR',10000,18.00,20.00,'0','','','4','6','61',0,0,0),(1196,'BAB','BACTERICIDA GROVERDE BAXTER DE 1 LITRO',9995,2.60,2.60,'0','','','4','6','14',0,0,0),(1198,'NG','NEWGEL X  1 KG',10000,16.00,18.00,'0','','','9','6','19',0,0,0),(1199,'BR350','BRILLANTE X 250 GR',9997,0.00,7.70,'0','METALAXYL 80 G/KG - MANCOZEB 640G/KG - INERTES 280 G/KG','','1','6','48',0,0,0),(1200,'SQ','SUQUINI X ONZAS',10000,0.80,1.06,'0','','','6','6','92',0,0,0),(1201,'AB31/2LB','AZADON 3.5  LB BELLOTA CON CABO',9982,8.25,11.00,'1','','','63','4','54',0,0,0),(1202,'ZPB','ZACA PICOS BELLOTA CON CABO',9982,11.02,15.00,'1','','','63','4','54',0,0,0),(1203,'PPE6','PIOLA NYLON NO. 6',9991,1.35,1.62,'1','','','63','5','22',0,0,0),(1204,'GB','GUANTE BICOLOR',10024,1.21,1.50,'1','','','63','3','51',0,0,0),(1289,'JG','JUEGO DE HERRAMIENTAS DE JARDINERIA 2 PIEZAS',-9,2.20,3.40,'1','','','63','4','54',0,0,0),(1458,'ZDC','ZANAHORIA X LB',0,10.25,10.24,'0','','','6','6','92',0,0,0),(1205,'MS','MALLA SOLD 1\"X1/2 X76CM',9997,142.85,178.56,'1','','','46','5','3',0,0,0),(1206,'C25KG','CLAVO 25 KLS 11/2 X 14 C/C IDEAL',9999,51.31,64.14,'1','','','46','4','54',0,0,0),(1207,'CA','CASCO AMARILLO PI',10000,2.92,4.25,'1','','','33','3','79',0,0,0),(1208,'PC','PALA CUADRADA ESPAÑOLA',10222,4.83,7.19,'1','','','33','4','54',0,0,0),(1290,'GCN','GUANTES DE CAUCHO Y NITRILLO INDT NO. 6',0,1.25,1.63,'1','','','63','3','50',0,0,0),(1209,'CM1','COMBO MAICERO NO.1',9975,6.20,8.99,'0','','','3','6','1',0,0,2),(1210,'CP1/2LT','CYPERCOR 20% (FCO 1/2 LITRO)',10000,5.22,6.46,'0','','','22','6','61',0,0,0),(1211,'CP1LT','CYPERCOR 20% E.C. (1 LITRO)',10000,9.84,12.19,'0','','','22','6','61',0,0,0),(1287,'APCL','ASPERSORES PLASTICOS CABEZA LOCA',0,2.50,8.41,'1','','','63','5','3',0,0,0),(1293,'TM','TABLAS DE MONTE 24 X 2.40 MTS DE LARGO',0,2.50,3.85,'1','','','9','4','54',0,0,0),(1294,'AE','ALFAGIAS (MADERA DE EUCALIPTO 4*5 ANCHO LARGO',0,2.50,2.80,'1','','','9','5','22',0,0,0),(1444,'C1KL','CAPTAN X 1 KILO',9,9.00,9.20,'0','','','19','6','61',0,0,0),(1232,'BESP','BANDEJA DE ESPUMAFLEX DE 338 C',5,3.30,4.50,'0','','','30','5','89',0,0,0),(1226,'A128','ABONO DOUBLE WIN 12-8-10 * 20 KG',6,21.12,24.00,'0','','','16','6','2',0,0,0),(1501,'TP','TRASNPORTE ',6,0.84,0.00,'0','','','1','10','101',0,0,0),(1250,'ZM100','ZUMSIL X 100 CC',46,3.51,4.26,'0','','','67','6','19',0,0,0),(1509,'AC','ACRILAN X 50 GR',5,5.09,5.35,'0','','','5','7','36',0,0,0),(1212,'DH50','DIMETHOARO 480 EC',89,0.50,0.90,'0','','','6','6','61',0,0,0),(1213,'RAYTTV','RAYGRASS TETRAVERDE WESTAR',2,88.00,105.60,'0','','','6','6','91',0,0,0),(1214,'BL1/4','BEBEDERO LECHON ACERO 1/4',14,2.73,3.98,'0','','','47','7','63',0,0,0),(1215,'BAC','BEBEDERO AUTOMATICO PARA CONEJO',2,6.48,8.10,'0','','','47','7','63',0,0,0),(1216,'A20GR','AGITA 20GR',20,1.60,2.00,'0','','','16','6','62',0,0,0),(1217,'B5%INY100ML','BAYTRIL 5% INYEC 100 ML',1,15.73,19.66,'0','','','16','7','9',0,0,0),(1218,'CMKINY','CALCIO MK INY X 500 ML',18,8.00,10.00,'0','','','16','7','82',0,0,0),(1219,'2.4D','2,4 D SAL AMINA FRASCO DE 1 GALON ',5,16.74,19.69,'0','','','22','6','53',0,0,0),(1220,'G900GR','GESACOR 90 DG X 900 GRS',30,7.23,9.04,'0','','','22','6','53',0,0,0),(1221,'HOR','HORMONAGRO 1 X 100 GR',13,3.43,11.99,'0','','','16','6','58',0,0,0),(1222,'CAP500GR','CAPTAN 80 DF X 500 GR',12,7.22,8.20,'0','','','16','6','48',0,0,0),(1223,'G100GR','GARDEN X 100 GR.',28,1.76,2.35,'0','','','67','6','61',0,0,0),(1224,'EFX100CC','ECOFOLIAR X 100 CC',21,2.05,2.73,'0','','','67','6','1',0,0,0),(1225,'PM','PLANTA DE MORA CASTILLA',-33,0.85,1.52,'0','','','1','9','76',0,0,0),(1227,'AB51015','ABONO DOUBLE WIN 5-10-15 * 20 KG',-5,22.00,25.00,'0','','','16','6','2',0,0,0),(1228,'PVT','PIVOT  X 1 LITRO',1,29.04,33.00,'0','','','16','6','2',0,0,0),(1229,'NC','SEMILLA DE NABO CRIBOSEED TARRO X LIBRA',7,12.00,15.00,'0','','','13','6','92',0,0,0),(1230,'BA','BROCCOLI WALTHAM AGROSAD',2,13.10,16.38,'0','','','6','6','92',0,0,0),(1231,'PN','PLANTAS NATIVAS EN SOBRES',-9,2.80,3.50,'0','','','8','6','100',21,0,0),(1233,'AAAG','APLICADOR DE ARETES AGROSAD',4,26.00,35.00,'0','','','6','7','63',0,0,0),(1234,'A1100GRS','AZADON 1100 GRS',13,6.00,8.50,'0','','','6','4','54',0,0,0),(1235,'CAGS','COLIFLOR AGROSAD SNOWBAL',2,16.85,21.06,'0','','','6','6','92',0,0,0),(1236,'ESAGF','ESPINACA AGROSAD VIROFLAY FUNDA ALUMINIO',-3,10.57,13.21,'0','','','6','6','92',0,0,0),(1237,'PPAGRP','PAPANABO AGROSAD TOP WHITHE GLOBE FUNDA ALUMI',1,5.20,6.50,'0','','','6','6','92',0,0,0),(1238,'ZQGB','ZUQUINY AGR. BLACK BEAUTY ',2,11.85,14.81,'0','','','6','6','92',0,0,0),(1239,'CCAMP','CARDINOL CAJA X 3 AMPOLLAS X 5 ML.',2,4.40,5.50,'0','','','68','7','11',0,0,0),(1240,'SMMC','SONDA MAMARIA METALICA 2 1/2 CAJA X 3 UNI',2,6.35,8.25,'0','','','68','7','63',0,0,0),(1241,'CM2','COMBO MAICERO N',2,7.13,20.75,'0','','','3','6','1',0,0,2),(1242,'TT','TIJERA DE PODAR PROFESIONAL TRAMONTINA',6,11.84,15.40,'1','','','33','4','55',0,0,0),(1243,'TAT','TIJERA P/ARBUSTOS/CESPED TRAMONTINA',3,4.65,6.50,'1','','','33','4','55',0,0,0),(1244,'TT101','TIJERA TRAMONTINA CESPED 125',3,4.86,6.50,'1','','','33','4','55',0,0,0),(1245,'TPT','TIJERON PARA PODAR TRAMONTINA',2,10.18,15.00,'1','','','33','4','55',0,0,0),(1246,'GP','GUANTE DE PUPOS',15,1.65,1.80,'1','','','33','3','50',0,0,0),(1247,'MAD','MAMBO ADULTO X 30 KG',2,31.06,43.50,'1','','','11','7','17',0,0,0),(1248,'IMP','CONJUNTO IMPERMEABLES ',2,11.25,15.00,'1','','','1','3','75',0,0,0),(1249,'VA','VARIOS',-2,20.00,25.00,'0','','','60','6','1',0,0,0),(1251,'Z1LT','ZUMSIL X 1 LITRO ',1,26.56,33.20,'0','','','67','6','19',0,0,0),(1252,'ST1LT','STARLITE X 1 LITRO',10,4.51,5.12,'0','','','67','6','5',0,0,0),(1274,'FSX1KG','FOSSIL SHELL AGRO FUNDA X 1 KG',60,3.09,3.75,'0','','','67','6','19',0,0,0),(1253,'BC42','BOTA DE CAUCHO AMARILLAS NO. 42',3,5.81,8.49,'1','','','46','3','21',0,0,0),(1254,'MRT25MM','MARTILLO TR MASTER 25 MM',1,3.53,4.24,'1','','','46','4','54',0,0,0),(1255,'ACDB','ANTICORROCIBO DURABLE BLANCO BRILL GALONES',4,9.86,4.00,'1','','','46','3','79',0,0,0),(1256,'TIJF','TIJERA DE CORTAR FLORES TOOLS 8\"',3,1.72,3.53,'1','','','46','4','54',0,0,0),(1257,'T10\"','TIJERA DE CORTAR FLORES TOOLS10\"',3,2.41,5.36,'1','','','46','4','54',0,0,0),(1258,'CPM','COMEDERO DE PERRO EXTRA GRANDE',3,3.05,4.00,'1','','','46','1','98',0,0,0),(1259,'CCP','COLLAR CASTIGADOR PERRO',3,2.32,3.50,'1','','','46','1','31',0,0,0),(1260,'EMF20','EMPAQUE PISTON FLEX X 20 ML UNIDAD',6,0.93,1.34,'1','','','69','7','4',0,0,0),(1261,'SCL','SULFATO DE COBRE X LIBRAS',55,1.50,1.85,'0','','','39','6','48',0,0,1),(1262,'AL450GR','ALPISTE X 45 GR',6,0.82,1.03,'1','','','11','7','15',0,0,0),(1263,'CAM-8','CIMAZUL FUNDA 500 GRS',31,4.62,5.78,'0','','','22','6','48',0,0,0),(1264,'N500','NEDAZIM 500 P.M X 200 GR',5,2.68,3.35,'0','','','1','6','48',0,0,0),(1265,'F11','FERTILIZANTE 11-52-0 X 50 KILOS',-3,48.00,48.87,'0','','','39','6','2',0,0,0),(1266,'FS','FERTILIZANTE SULPOMAG X 50 KG',5,33.70,38.75,'0','','','39','6','40',0,0,0),(1267,'AL2100','ALVITROLITOS 2 X 100 GR',2,2.22,3.27,'0','','','70','7','99',0,0,0),(1268,'Z100 GR','ZINAPRIM X 100 GR',2,2.38,3.02,'0','','','70','7','9',0,0,0),(1269,'CBO100','COMPLEJO B ORAL 100 MIL',0,1.81,2.30,'0','','','15','7','99',0,0,0),(1270,'NCB100D','NEW CASTLE BRONQUITIS X 100 DOSIS',14,2.40,3.48,'0','','','23','7','64',0,0,0),(1271,'NC50D','VACUNA MIXTA NEW CASTLE BRONQUITIS X 50 DOSIS',11,1.84,2.60,'0','','','23','7','103',0,0,0),(1272,'CMBNZ','COL DE MACHACHI BONANZA',2,8.50,10.63,'0','','','6','6','92',0,0,0),(1273,'C100ML','CRESO FRASCO X 100 ML',0,0.85,0.99,'0','','','6','7','34',0,0,0),(1275,'ECF100GR','ECOFLORA TARRO X 100 GR',48,12.89,18.98,'0','','','67','6','72',0,0,0),(1276,'ECFG100GR','ECO FUNGI TARRO X 100 GR',50,14.24,17.19,'0','','','67','6','72',0,0,0),(1277,'CTRESP','CUCHILLA DE TRES PUNTAS 300 MM',1,22.67,31.25,'1','','','44','4','32',0,0,0),(1278,'FNV6F3','FUNDA NEGRA VIVERO 6FL-2-16-3',100,0.04,0.15,'1','','','71','5','47',0,0,0),(1279,'ABP5K','ABONAGRO POLVO K-PRODUCCION 5 KILOS',6,15.88,22.24,'0','','','3','6','1',0,0,0),(1280,'SP100GR','SUPER PLANT X 100  GR',5,11.88,14.85,'0','','','67','6','19',0,0,0),(1281,'NQ5000CC','NEMAQUILL X 500CC',5,17.00,19.00,'0','','','67','6','19',0,0,0),(1282,'XIL','XILOTROM X 1 LITRO',2,22.00,25.50,'0','','','30','6','5',0,0,0),(1283,'ACISOL','ACISOL COMPLEX X 1 LITRO',21,7.20,9.00,'0','','','30','6','2',0,0,0),(1284,'LIT 250 GR','LITHOVIT X 250 GR',11,6.78,7.71,'0','','','67','6','1',0,0,0),(1285,'AGA','AGAMIX X 500 GR',3,31.88,39.85,'0','','','67','6','38',0,0,0),(1286,'CUB','CUBIERTA',-8,7.00,7.95,'0','','','1','6','53',0,0,0),(1288,'TA60 LT','TANQUE DE AGUA DE 60 LITROS',0,7.59,11.00,'1','','','1','4','54',0,0,0),(1291,'KS','KIT DE SEGURIDAD PARA FUMIGACIONES',0,9.00,10.00,'1','','','63','3','49',0,0,0),(1296,'P1LITRO','PADIUM X 1 LITRO',10,38.40,46.08,'0','','','30','6','61',0,0,0),(1292,'TFCP','TRAJE DE CAUCHO FUMIG (CHAQUETA-PANTALON)',0,12.00,15.00,'1','','','36','3','25',0,0,0),(1295,'T2.40','TRANSLUCIDOS (HOJA COLOR AMARILLO 2,40 MT)',0,15.00,20.84,'1','','','9','5','3',0,0,0),(1297,'D400','DIMETHOATE 400 CE (FCO. 100 CC)',48,1.18,1.47,'0','','','22','6','48',0,0,0),(1298,'DIM250 CC','DIMETHOATE 400 CE (FCO 250 CC)',48,2.11,2.64,'0','','','22','6','48',0,0,0),(1299,'SN500','SANAMET - FDA 500 GRS',12,7.10,8.88,'0','','','22','6','48',0,0,0),(1300,'A100GR','AGAMIX X 100 GR',4,6.68,8.35,'0','','','67','6','2',0,0,0),(1301,'ECF250GR','ECOFLORA TARRO X 250 GR',1,32.88,41.11,'0','','','67','6','19',0,0,0),(1302,'BF','BOMBA DE FUMIGAR T MOCHILA DE 16 LT',2,14.91,25.00,'0','','','33','4','54',0,0,0),(1303,'BF','BOMBA DE FUMIGAR T MOCHILA DE 20 LITROS',-10,16.22,25.00,'0','','','33','4','54',0,0,0),(1304,'FPM','FILTRO DE PIEDRA MINERAL',6,2.01,3.00,'1','','','33','3','79',0,0,0),(1305,'EK250GR','EKUMATE X 250 GRAMOS',3,5.40,6.76,'0','','','67','6','19',0,0,0),(1306,'CEL 1 LITRO','CELEST X 1LITRO',1,28.72,30.00,'0','','','5','6','61',0,0,0),(1307,'CRUII 700 CC','CRUISER 700 CC',3,22.79,22.79,'0','','','5','6','61',0,0,0),(1308,'H120ML','HONGOZOOL 120 ML',0,0.96,1.49,'0','','','15','7','34',0,0,0),(1309,'CBGR','CEBOLLA BLANCA EN SOBRE ',-3,1.00,1.50,'0','','','6','6','92',0,0,0),(1310,'PAF','PEREJIL AGROSAD DARK GREEN ITALIAN',0,11.50,13.80,'0','','','6','6','92',0,0,0),(1511,'AJCY','AJI AGR. CAYENNE LONG SLIM X LIBRAS',0,22.40,7.00,'0','','','6','6','92',0,0,0),(1311,'RS250 ML','RYVERI-D SPRAY X 60 ML',3,8.00,9.60,'0','','','23','7','9',0,0,0),(1312,'KIMN','KIT IDENTIFICADOR TS MEDIO NARANJA',50,0.49,0.75,'0','','','18','5','22',0,0,0),(1313,'MPG','MARCADOR PARA ARETES PUNTA GRUESA',1,7.20,9.00,'0','','','18','7','4',0,0,0),(1314,'RAAF','REPUESTO AGUJA APLICADOR DE ARETES EXPORTEL',2,3.71,4.64,'0','','','18','7','4',0,0,0),(1315,'TA','TUERCAS PARA ARETEADORAS EXPORTEL',2,1.50,1.88,'0','','','18','7','4',0,0,0),(1316,'CMKG','CALDOMITA  KL',550,0.09,0.20,'0','','','39','6','40',0,0,0),(1317,'CC','CARBONATO DE CALCIO',920,0.09,0.20,'0','','','39','6','40',0,0,0),(1318,'FMF','FERTIQUIM 10-30-10 MEZCLA FISICA',15,36.50,42.00,'0','','','39','6','40',0,0,0),(1319,'NPS','NITRATO DE POTASIO GRANULADO X 25 KILOS',8,30.50,38.13,'0','','','39','6','41',0,0,0),(1320,'NPC','NITRATO DE POTASIO CRISTX 25 KILOS FERNITROK',2,34.75,38.13,'0','','','39','6','41',0,0,0),(1321,'MHP10','MOTOR 10 HP INTEK EJE RECTO GASOLINA',3,466.52,583.15,'1','','','72','8','85',0,0,0),(1322,'HPRA7','HIPRADOG 7 VACUNA MULTIPLE',10,3.10,4.03,'0','','','20','7','103',0,0,0),(1323,'HPRPV','HIPRADOG PV VACUNA PARVOVIRUS',10,2.00,2.60,'0','','','20','7','103',0,0,0),(1324,'H10+V','HUNTER 10 + VITAMINAS JGAS X 20 ML',6,2.96,3.85,'0','','','20','7','99',0,0,0),(1325,'AL100','ALTO 100 SL X 100 ML',2,8.18,9.30,'0','','','16','6','48',0,0,0),(1326,'V300','VITAVAX 300 X 500 GR',-2,11.44,13.00,'0','','','16','6','48',0,0,0),(1327,'BS','BIO SOLAR X 1 LTS',0,10.56,12.00,'0','','','16','6','19',0,0,0),(1328,'BE','BIO ENERGIA X 1 LITRO',0,6.75,7.50,'0','','','16','6','19',0,0,0),(1329,'CB1LT','CYTOKIN BIOREG X 1 LITRO',3,25.52,29.00,'0','','','16','6','58',0,0,0),(1380,'BL','BROCOLY LEGACY X SOBRES',-8,40.00,42.00,'0','','','5','6','92',0,0,0),(1330,'AP1LT','AFIPRON POUR-ON X 1 LITRO',1,35.20,42.24,'0','','','23','7','34',0,0,0),(1331,'MC1LB','MANZANILLA COMUNE X 1 LIBRA',0,60.00,75.00,'0','','','13','6','90',0,0,0),(1388,'RPF','RAYGRASS PEREMNE BESFOR X KILOS',0,4.00,4.03,'0','','','6','6','91',0,0,0),(1332,'RO','ROSA COMUN',-1,0.50,1.00,'0','','','1','9','76',0,0,0),(1333,'C100CC','CLORCIRIN 550 EC (100 CC)',47,1.88,2.34,'0','','','22','6','48',0,0,0),(1334,'SH100','SHARIMIDA 35% SC 100 CC (IMIDACLOPRID)',0,6.96,8.70,'0','','','22','6','48',0,0,0),(1335,'K1LT','KILLER (FCO 1 LITRO)',8,5.27,6.58,'0','','','22','6','48',0,0,0),(1336,'F250CC','FLOSIL FCO 250 CC',12,6.56,8.19,'0','','','22','6','48',0,0,0),(1337,'FN3.5','FUNDAS P/ENSILAJE 50 KL 0.60*1.20',190,0.60,0.80,'1','','','71','5','47',0,0,0),(1338,'MANC1KG','MANCOZEB 1 KG',0,6.36,7.31,'0','','','19','6','48',0,0,0),(1339,'A600','ALGA 600 X 250 GR-EXTRACTO DE ALGAS',0,5.34,6.14,'0','','','19','6','19',0,0,0),(1340,'R1KL','RAIZAL 1 KG',0,8.41,10.09,'0','','','19','6','38',0,0,0),(1341,'ECB','ECUABONAZA',-90,4.50,5.00,'0','','','19','6','2',0,0,0),(1342,'CT250CC','CITOKYN X 1 LITRO',-2,6.84,7.87,'0','','','19','6','58',0,0,0),(1423,'ET200ML','ETEROL FCO X 200 ML',2,4.00,4.59,'0','','','23','7','34',0,0,0),(1343,'TVR500CC','TECNO VERDE RADICULAR X 500 CC',0,8.41,9.72,'0','','','74','6','19',0,0,0),(1344,'BF','BIOFUNGI X 1 LITRO',0,10.62,12.21,'0','','','74','6','1',0,0,0),(1345,'BP','BIO PLUS X 1 LITRO',0,6.37,7.32,'0','','','74','6','19',0,0,0),(1346,'STM','SEMILLLA TOMATE MICAELA X 1000 SEMILLAS',0,74.80,86.02,'0','','','74','6','92',0,0,0),(1347,'STD','SOBRE TOMATE DOMINIQUE X 1000 SEMILLAS',1,69.70,80.15,'0','','','74','6','92',0,0,0),(1373,'CBQQQ','CARBON X QQ',0,12.00,15.00,'0','','','9','6','30',0,0,0),(1383,'RRG','REMOLACHA RED GURBUNDI X LIBRAS',-32,8.00,8.50,'0','','','6','6','92',0,0,0),(1348,'SSBX5KL','SUPER SAL BASICA X 5 KILOS',10,3.95,0.94,'0','','','39','7','88',0,0,0),(1349,'JLF10','JERINGA LHAURA FLEX X 10 DOSIFICADOR MARCADO',3,12.60,15.12,'0','','','47','7','63',0,0,0),(1350,'HDI100ML','HIDROVIT INY X 100 ML',2,15.84,19.00,'0','','','47','7','99',0,0,0),(1351,'BCOB100','B-COB12 INY X 100 ML',2,4.80,5.76,'0','','','47','7','99',0,0,0),(1352,'FKOR','FERTILIZANTE KORN KALI X 50 KG',0,32.80,37.00,'0','','','75','6','40',0,0,0),(1353,'SCHINIAP','SEMILLA DE CHOCHO INIAP X KILOS',140,3.00,4.50,'0','','','76','6','92',0,0,0),(1354,'LG','LECHUGA GRIZZLY 25 GRS',0,12.09,13.80,'0','','','5','6','92',0,0,0),(1355,'PHP','PICADORA DE FORRAJE JF 40 HP, CON MOTOR BRIG',0,1335.00,2450.00,'1','','','72','8','45',0,0,0),(1356,'CFC80QQ','CARRETON FORRAJERO, CON CPC 80QQ-3,5MT ANCHO ',-1,3200.00,3510.00,'1','','','72','8','45',0,0,0),(1357,'SULCKG','SULFATO DE COBRE X KILOS',-288,3.00,3.25,'0','','','39','6','40',0,0,0),(1358,'MLT','MELAZA X LITROS',-10,0.40,0.51,'0','','','5','6','2',0,0,0),(1359,'SULFZINC','SULFATO DE ZINC X KILOS',0,1.38,1.38,'0','','','39','6','40',0,0,0),(1360,'CALB','CAL AGRICOLA X LIBRAS',0,0.22,0.25,'0','','','39','6','2',0,0,0),(1361,'SMAGKI','SULFATO DE MAGNESIO X KILOS',-10,0.40,0.42,'0','','','39','6','2',0,0,0),(1362,'SMK','SAL MINERAL ANIMAL X KILOS',0,0.25,0.30,'0','','','7','7','88',0,0,0),(1363,'FC','FOSFATO DE CALCIO X KILOS',0,2.00,2.20,'0','','','7','7','82',0,0,0),(1364,'VIE','VITAMINA /POLLOS ENGORDE X LIBRAS',0,2.80,2.82,'0','','','9','7','99',0,0,0),(1365,'SPK','SULFATO DE POTASIO X KG',0,1.00,1.20,'0','','','39','6','40',0,0,0),(1366,'SHK','SULFATO DE HIERRO X KILOS',0,0.40,0.48,'0','','','39','6','40',0,0,0),(1367,'AZK','AZUFRE X KILOS',0,0.65,0.70,'0','','','39','6','40',0,0,0),(1368,'BKG','BORAX X KILOS',0,1.20,1.23,'0','','','39','6','40',0,0,0),(1369,'HS','HARINA DE SANGRE X KILOS',0,0.40,0.45,'0','','','9','7','88',0,0,0),(1370,'LX KG','LEVADURA X LB',-2,5.00,6.00,'0','','','9','6','2',0,0,0),(1371,'TL','TRICHODERMA X LITROS',11,20.82,18.00,'0','','','9','6','58',0,0,0),(1372,'AUX','AUXIN CA',0,7.00,8.00,'0','','','65','6','19',0,0,0),(1374,'RF','ROCA FOSFORICA X KG',0,0.25,0.29,'0','','','17','6','19',0,0,0),(1375,'PCOL','PLANTULAS DE COL ',0,0.02,0.02,'0','','','3','6','92',0,0,0),(1376,'PLECH','PLANTULAS DE LECHUGA',0,0.02,0.02,'0','','','3','6','92',0,0,0),(1377,'PC','PLANTULAS DE COLIFLOR',0,0.01,0.02,'0','','','3','6','92',0,0,0),(1378,'PB','PLANTULAS DE BROCOLI ',0,0.02,0.02,'0','','','3','6','92',0,0,0),(1379,'PR','PLANTULAS DE REMOLACH',0,0.02,0.02,'0','','','3','6','92',0,0,0),(1381,'SCS','SEMILLA DE COLIFLOR SKIWAKER HIBRIDA X SOBRES',-8,33.00,33.59,'0','','','30','6','92',0,0,0),(1382,'SN','SEMILLA DE NABO X SOBRES',0,13.00,15.00,'0','','','6','6','92',0,0,0),(1384,'SA','SEMILLA DE APIO X LIBRAS',6,23.85,32.50,'0','','','19','6','92',0,0,0),(1385,'SEZXLB','SEMILLA DE ZANAHORIA CERTIFICADA X KILOS',0,43.00,43.32,'0','','','30','6','92',0,0,0),(1386,'SACLB','SEMILLA DE ACELGA CERTIFICADA X KILOS',0,18.00,19.94,'0','','','6','6','92',0,0,0),(1387,'SRCK','SEMILLA DE RABANO CERTIFICADA X KILOS',0,39.00,39.60,'0','','','30','6','92',0,0,0),(1389,'RPPKILOS','RAYGRASS PEREMNE PASTORAL X KILOS',0,4.00,4.03,'0','','','6','6','91',0,0,0),(1390,'RAM','RAYGRASS ANUAL MAGNOLIA X KILOS',0,2.40,2.47,'0','','','6','6','91',0,0,0),(1391,'PARXKL','PASTO AZUL RIDER X KILOS',0,5.00,5.25,'0','','','6','6','91',0,0,0),(1392,'TRL','TREBOL BLANCO LADINO GIGANTE X KILOS',0,9.00,9.70,'0','','','6','6','91',0,0,0),(1393,'TRKKL','TREBOL ROJO KENLAND X KILOS',0,7.00,7.15,'0','','','6','6','91',0,0,0),(1394,'RPK','RAYGRASS PICHINCHA X KILOS',0,2.50,3.00,'0','','','7','6','91',0,0,0),(1395,'AMPK','ALFALFA MORADA X KILOS',0,12.00,12.49,'0','','','6','6','91',0,0,0),(1396,'SMF','SEMILLA DE MAIZ FORRAJERO X QQ',3,132.75,225.00,'0','','','76','6','91',0,0,0),(1397,'MVA','MATERIAL VEGETATIVO DE MAR ALFALFA X 20 KG',0,20.00,30.00,'0','','','9','6','91',0,0,0),(1398,'AFK','AVENA FORRAJERA X KILOS',0,0.60,0.66,'0','','','6','6','91',0,0,0),(1399,'VK','VICIA X KILOS',0,0.90,0.95,'0','','','9','6','91',0,0,0),(1400,'F151515','FERTILIZANTE 15-15-15 X 50 KG',-35,36.00,39.68,'0','','','39','6','40',0,0,0),(1401,'FF','FERTIFORRAJE 21-12-15-3-4 X QQ',0,36.63,38.00,'0','','','19','6','40',0,0,0),(1402,'UV','UREA VERDE X QQ',0,39.00,39.52,'0','','','39','6','40',0,0,0),(1403,'FPP','FERTIPAPRA SIEMBRA X 50 KG',0,39.15,43.83,'0','','','19','6','40',0,0,0),(1404,'FPA','FERTIPAPA APORQUE X 50 KG',0,35.00,40.77,'0','','','19','6','40',0,0,0),(1405,'PH1LT','PARACUAT X LITRO',0,6.00,6.58,'0','','','19','6','61',0,0,0),(1406,'FF250','FOMESAFEN X 250 CC',0,8.00,8.19,'0','','','19','6','48',0,0,0),(1407,'BZ','CARBENDAZIN X 200 GR',0,3.00,3.35,'0','','','1','6','48',0,0,0),(1408,'BN','BENOMIL X 200 GR.',0,4.00,4.95,'0','','','1','6','48',0,0,0),(1409,'SCP','SULFATO DE COBRE PENTAHIDRATADO X 250 GR.',0,7.00,7.39,'0','','','39','6','48',0,0,0),(1410,'CM500','CYMOXANIL+MANCOCEB + COBRE',0,5.00,5.78,'0','','','22','6','48',0,0,0),(1411,'AB','ABAMECTINAS X 100 CC',10,2.00,5.39,'0','','','9','6','61',0,0,0),(1412,'CP250','CLORPIRIFOS+CAPERMECTINA',0,4.00,4.72,'0','','','22','6','61',0,0,0),(1413,'L+C100','LAMBDA+CYMANOTRINA X 100 CC',0,4.00,4.00,'0','','','39','6','61',0,0,0),(1414,'KK50','KORN KALI X 50 KG',18,34.80,34.80,'0','','','75','6','40',0,1,0),(1415,'NC','NITRATO CALCIO SOLUBLE X 25 KG (FERNICAL)',0,17.00,17.19,'0','','','39','6','41',0,0,0),(1416,'FMZ','FERTILIZANTE MZ X 50 KG',10,45.20,50.03,'0','','','75','6','40',0,0,0),(1417,'NPS2KG','NITRATO DE POTASIO SOLUBLE X 2 KG -FERNITROK',0,3.00,3.22,'0','','','39','6','40',0,0,0),(1418,'NCX2KG','NITRATO DE CALCIO X 2 KG -FERNICAL',0,1.20,1.38,'0','','','39','6','40',0,0,0),(1419,'NP45KG','NITRATO DE POTASIO X 45 KG',0,38.00,38.13,'0','','','39','6','41',0,0,0),(1420,'KI1KG','KRISTALON INICIO X 1 KG',0,6.00,6.50,'0','','','5','6','1',0,0,0),(1421,'KD1KG','KRISTALON DESARROLLO X 1 KG',45,5.00,5.50,'0','','','5','6','1',0,0,0),(1422,'KE1KG','KRISTALON ENGROSE X 1 KG',0,5.00,5.50,'0','','','5','6','1',0,0,0),(1424,'VCCB','VACUNA C/YERSINIA,LINFANDENTIS,SALMONELYESCHE',0,7.00,7.77,'0','','','57','7','103',0,0,0),(1425,'YA','TINTURA DE YODO X 250 CC',0,3.00,3.05,'0','','','9','7','34',0,0,0),(1426,'SF100','SULFAVIT FRASCO X 100 GR',5,5.03,1.75,'0','','','7','7','9',0,0,0),(1427,'BMF5LT','BOMBA MANUAL PARA FUMIGAR 5 LTS',6,6.70,8.50,'1','','','33','8','46',0,0,0),(1428,'FC','FILTRO DE CERAMICA',6,2.23,2.89,'1','','','33','5','84',0,0,0),(1429,'CST','CUCHILLA CON SEGURO TAIWAN',6,2.41,3.20,'1','','','33','4','32',0,0,0),(1430,'DFI','DETERGENTE Q FLORAL INDUSTRIAL X 20 KILO',1,30.79,40.03,'1','','','33','3','20',0,0,0),(1431,'LPJ7C','LLAVE PISTOLA P/JARDIN 7 CHORROS /1/2',10,1.31,1.79,'1','','','33','4','54',0,0,0),(1432,'CPNO8','CABO PERLON NO. 8 AMARILLO AZUL',250,0.32,0.42,'1','','','78','4','54',0,0,0),(1433,'CPNO.10','CABO PERLON NO. 10',200,0.37,0.52,'1','','','78','5','22',0,0,0),(1434,'RTP','RAYGRASS TETRAP PEREENE X 50 LB',0,100.00,110.00,'0','','','6','6','91',0,0,0),(1435,'PAE','PASTO AZUL ENDURANCE X 50 LB',0,160.00,163.00,'0','','','7','6','91',0,0,0),(1436,'LLF','LLANTEN FORRAJERO X 25 KILO',0,400.00,424.93,'0','','','6','6','91',0,0,0),(1437,'RF','RAYGRASS FESTULOLIUM DUO X 50 LB',0,170.00,174.09,'0','','','7','6','91',0,0,0),(1438,'TB','TREBOL BLANCO LADINO X 50 LB',-5,178.00,222.50,'0','','','6','6','91',0,0,0),(1439,'NEE','NEEM X X 1 LT',0,20.00,28.50,'0','','','16','6','61',0,0,0),(1440,'P1LT','PIRETROIDE X 1 LITRO',0,19.00,19.50,'0','','','19','6','61',0,0,0),(1441,'BT600GR','BASILUS TURIGENSIS X 600 GR',0,18.00,22.00,'0','','','74','6','72',0,0,0),(1442,'BB','BAUVERI BASSIANA X 600GR',0,18.00,22.00,'0','','','74','6','72',0,0,0),(1443,'TF1/2','TOPAS X 1/2 LITRO',0,30.00,33.00,'0','','','16','6','48',0,0,0),(1445,'LA','LORSBAN X 1/2 LITRO (ASPERCION)',0,7.00,7.70,'0','','','19','6','61',0,0,0),(1446,'L600','LORSBAN (CEBO) X 600 GRS',0,17.00,19.50,'0','','','19','6','61',0,0,0),(1447,'ACV','ACEITE VEGETAL X 1 LT',-2,1.40,3.50,'0','','','19','6','19',0,0,0),(1448,'CX1LT','CARBENDAZIN X LITROS',0,13.94,14.58,'0','','','19','6','61',0,0,0),(1449,'AC75%','ACEFATO 75% X KL',0,17.00,18.63,'0','','','19','6','48',0,0,0),(1450,'MT0.5LT','METASYSTOX X 1/2 LT',0,14.00,14.00,'0','','','9','7','10',0,0,0),(1451,'PLT','PROFENOFOS X LT',0,22.00,22.50,'0','','','19','6','61',0,0,0),(1452,'M80','METALAXIL 80GR/KG+ MANCOZEB 640 GR/KG X KL',0,10.00,10.57,'0','','','19','6','61',0,0,0),(1453,'PA12','PIOLA ALGODON # 12 (200GR)',2,2.19,3.00,'1','','','46','5','22',0,0,0),(1454,'PC200GR','PIOLA COMETA GRANDE 200 GRS',2,1.94,3.00,'1','','','46','5','22',0,0,0),(1455,'LRI','LINTERNA RECARGA INDUSTRIAL 19 LED',6,13.01,16.52,'1','','','46','5','39',0,0,0),(1456,'LRI','LINTERNA RECARGA INDUSTRIAL F.LNT.',3,9.67,13.84,'1','','','46','3','67',0,0,0),(1457,'AMB','ACOPLE P/MANGUERA BRONCE 4PCS',4,4.97,6.50,'1','','','46','5','3',0,0,0),(1459,'CP','CEBOLLA PERLA X LB',0,22.16,22.16,'0','','','6','6','92',0,0,0),(1460,'LR','LECHUGA REPOLLO X LB',0,18.50,18.50,'0','','','6','6','92',0,0,0),(1461,'CC','COL CRESPA X LB',0,8.68,8.68,'0','','','6','6','92',0,0,0),(1462,'CRVM','COL REPOLLO VERDE VAR. MACHACHI X LB',0,7.85,7.85,'0','','','6','6','92',0,0,0),(1463,'R','RABANO X LB',0,5.80,5.80,'0','','','6','6','92',0,0,0),(1464,'ES','ESPINACA X LB',0,9.76,9.76,'0','','','6','6','92',0,0,0),(1469,'APXLB','APIO X LB',0,24.00,24.00,'0','','','6','6','92',0,0,0),(1465,'P','PIMIENTO MICAELA X SOBRE',-3,25.20,25.20,'0','','','6','6','92',0,0,0),(1466,'CXLB','COLIFLOR X LB',0,14.73,14.73,'0','','','6','6','92',0,0,0),(1467,'LC','LECHUGA CRESPA X LB',0,10.89,10.89,'0','','','6','6','92',0,0,0),(1468,'CXLB','CILANTRO X LB',0,5.36,5.36,'0','','','6','6','92',0,0,0),(1470,'PP','PAPANABO X LB',0,4.80,4.80,'0','','','6','6','92',0,0,0),(1471,'CMLB','COL MORADO X LB',0,9.70,9.70,'0','','','6','6','92',0,0,0),(1472,'NC','NABO CHINO X LB',0,7.95,7.95,'0','','','6','6','92',0,0,0),(1473,'ZQ','ZUQUINNY (VAR BLACK BEAUTY) X LB',-3,11.85,11.85,'0','','','6','6','92',0,0,0),(1474,'AC','ACELGA X LB',0,6.70,6.70,'0','','','6','6','92',0,0,0),(1475,'TRCH','PLANTA DE TOMATE RIñON (VARIEDAD CHERRY)',0,0.10,0.10,'0','','','74','9','76',0,0,0),(1476,'CD','PLANTA DE CEDRON ',0,0.12,0.12,'0','','','74','9','76',0,0,0),(1477,'PR','PLANTA DE ROMERO',0,0.12,0.12,'0','','','74','9','76',0,0,0),(1478,'PM','PLANTA DE MANZANILLA',0,0.10,0.10,'0','','','74','9','76',0,0,0),(1479,'PM','PLANTA DE MENTA ',0,0.10,0.10,'0','','','74','9','76',0,0,0),(1480,'PO','PLANTA DE OREGANO DE SAL',0,0.08,0.08,'0','','','74','9','76',0,0,0),(1481,'PHL','PLANTA DE HIERBA LUISA',0,0.33,0.33,'0','','','74','9','76',0,0,0),(1482,'PL','PLANTA DE LINAZA',0,0.10,0.10,'0','','','74','9','76',0,0,0),(1483,'OD','PLANTA DE OREGANO DE DULCE ',0,0.08,0.08,'0','','','74','9','76',0,0,0),(1484,'PNR','PLANTA NATIVA RETAMA ALISO (JARDIN)',8800,0.16,0.18,'0','','','74','9','76',0,0,0),(1485,'PNR','PLANTA NATIVA YAGUAL  RACIMOSA',0,0.16,0.18,'0','','','74','6','93',0,0,0),(1486,'PQI','PLANTA NATIVA QUISHUAR INCANA',0,0.16,0.18,'0','','','74','6','92',0,0,0),(1487,'AL','SEMILLA ARVEJA (LOJANITA)',0,125.00,130.00,'0','','','5','6','93',0,0,0),(1488,'SL','SEMILLA LENTEJA ',0,88.00,88.00,'0','','','74','6','92',0,0,0),(1489,'FC','SEMILLA DE FREJOL  (CANARIO)',0,95.00,95.00,'0','','','74','6','92',0,0,0),(1490,'SV','SEMILLA VAINITA (COMUN)',0,120.00,120.00,'0','','','74','6','92',0,0,0),(1491,'PT','PLANTA DE TAXO',0,0.10,0.10,'0','','','74','6','92',0,0,0),(1492,'PU','PLANTA DE UVILLA ',17680,0.10,0.10,'0','','','74','6','100',0,0,0),(1493,'PU','PLANTA DE UVILLA ',0,0.10,0.10,'0','','','74','6','100',0,0,0),(1494,'PT','PLANTA DE TOMATE DE ARBOL',0,0.10,0.10,'0','','','74','6','100',0,0,0),(1495,'PN','PLANTA DE NARANJILLA',0,0.10,0.10,'0','','','74','6','100',0,0,0),(1496,'PG','PLANTA DE GRANADILLA ',0,0.10,0.10,'0','','','74','9','76',0,0,0),(1497,'GP12A','GALLINA DE POSTURA DE 12 SEMANAS',0,4.10,4.90,'0','','','1','7','103',0,0,0),(1498,'PE15D','POLLOS DE ENGORDE (BROILER 15 DIAS)',0,1.40,1.50,'0','','','1','7','4',0,0,0),(1499,'PC','ROLLOS PLAST/CANLT/1,20M DE ANCHO X 75M LARG ',82,82.00,173.11,'0','','','71','5','47',0,0,0),(1500,'RP','ROLLO/PAST/1,2MAX75ML TRANSP CALIBRE 8',0,82.00,173.11,'1','','','71','5','47',0,0,0),(1502,'FMC','FILTRO MULTICAPA P DISPENSADOR',6,3.64,4.93,'1','','','33','3','86',0,0,0),(1503,'LER','LINTERNA DE EMERGENCIA RECARGABLE',6,4.26,6.50,'1','','','33','3','67',0,0,0),(1504,'F5.5','FURAZOL 5.5% 25 GR',100,0.64,0.80,'0','','','16','7','9',0,0,0),(1505,'R14','RASTRILLO 14 DIENTES C/MANGO DE MADERA',120,1.66,2.03,'1','','','46','4','54',0,0,0),(1506,'A250','AGITA 10% 250 GR AVIC',1,44.00,55.00,'0','','','16','7','81',0,0,0),(1507,'KJ3','KIT DE JARDINERIA 3 PIEZAS',250,4.37,4.18,'1','','','24','4','54',0,0,0),(1508,'MPR','MALLA PAJARERA ROLLOS 2*100',12,102.22,125.63,'1','','','66','5','89',0,0,0),(1510,'RPA','ROLLOS DE PLáSTICO ADHESIVO	PLáSTICO STRECH 3',0,2.30,5.00,'1','','','82','5','47',0,0,0),(1512,'RP','ROLLOS DE PL',0,2.30,5.60,'1','','','82','5','47',0,0,0),(1513,'CRP','CAJAS ROLLOS DE PLAS/ ADHESIV/100*30',456,2.30,5.60,'1','','','82','5','47',0,0,0),(1514,'AKIM','APLICADOR KIT IDENTIFICADOR MAXIS',13,26.78,35.00,'0','','','18','7','63',0,0,0),(1515,'MA','MATAANCHA',70,4.91,6.00,'0','','','5','6','53',0,0,0),(1516,'AP','AMINAPAC 6 1 LT',1,4.91,5.89,'0','','','5','6','53',0,0,0),(1517,'SFP','SEMILLA FRIPAPA CERTIFICADA',36,26.00,29.00,'0','','','83','6','92',0,0,0),(1518,'ST','SEGURO DE TRANSPORTE',1,13.00,13.00,'1','','','24','10','101',0,0,0),(1519,'ZP500','ZUMSIL PLUS X 500 CC',6,15.94,18.11,'0','','','67','6','19',0,0,0),(1520,'CMT ','TEST PARA MASTITIS FCO X 100 ML',2,7.84,10.20,'0','','','20','7','11',0,0,0),(1521,'PF4*6','PAQUETE DE FUNDA 4*6',330,0.27,2.50,'1','','','85','5','47',0,0,0),(1522,'CB','CEBOLLIN SEED EXPOT X 15 GR',6,1.00,1.50,'0','','','6','6','92',0,0,0),(1523,'CM','COL MORADA BONANZA RED ROCK',13,8.26,9.91,'0','','','6','6','92',0,0,0);
/*!40000 ALTER TABLE `producto` ENABLE KEYS */;
UNLOCK TABLES;

--
-- Table structure for table `producto_transformacion`
--

DROP TABLE IF EXISTS `producto_transformacion`;
/*!40101 SET @saved_cs_client     = @@character_set_client */;
/*!40101 SET character_set_client = utf8 */;
CREATE TABLE `producto_transformacion` (
  `id_transformacion` int(11) NOT NULL,
  `id_producto` int(11) NOT NULL,
  PRIMARY KEY (`id_transformacion`,`id_producto`)
) ENGINE=InnoDB DEFAULT CHARSET=utf8 COLLATE=utf8_unicode_ci;
/*!40101 SET character_set_client = @saved_cs_client */;

--
-- Dumping data for table `producto_transformacion`
--

LOCK TABLES `producto_transformacion` WRITE;
/*!40000 ALTER TABLE `producto_transformacion` DISABLE KEYS */;
INSERT INTO `producto_transformacion` VALUES (347,349),(1209,38),(1209,114),(1209,1008),(1241,53),(1241,114),(1241,1008),(1261,1027);
/*!40000 ALTER TABLE `producto_transformacion` ENABLE KEYS */;
UNLOCK TABLES;

--
-- Table structure for table `productolineatmp`
--

DROP TABLE IF EXISTS `productolineatmp`;
/*!40101 SET @saved_cs_client     = @@character_set_client */;
/*!40101 SET character_set_client = utf8 */;
CREATE TABLE `productolineatmp` (
  `codproductotmp` int(11) NOT NULL,
  `numlinea` int(11) NOT NULL AUTO_INCREMENT,
  `id_articulo` int(11) NOT NULL,
  PRIMARY KEY (`numlinea`,`codproductotmp`)
) ENGINE=InnoDB DEFAULT CHARSET=utf8 COLLATE=utf8_unicode_ci;
/*!40101 SET character_set_client = @saved_cs_client */;

--
-- Dumping data for table `productolineatmp`
--

LOCK TABLES `productolineatmp` WRITE;
/*!40000 ALTER TABLE `productolineatmp` DISABLE KEYS */;
/*!40000 ALTER TABLE `productolineatmp` ENABLE KEYS */;
UNLOCK TABLES;

--
-- Table structure for table `productotmp`
--

DROP TABLE IF EXISTS `productotmp`;
/*!40101 SET @saved_cs_client     = @@character_set_client */;
/*!40101 SET character_set_client = utf8 */;
CREATE TABLE `productotmp` (
  `codproducto` int(11) NOT NULL AUTO_INCREMENT,
  `fecha` date NOT NULL,
  PRIMARY KEY (`codproducto`),
  UNIQUE KEY `codproducto` (`codproducto`)
) ENGINE=InnoDB AUTO_INCREMENT=3 DEFAULT CHARSET=utf8 COLLATE=utf8_spanish_ci;
/*!40101 SET character_set_client = @saved_cs_client */;

--
-- Dumping data for table `productotmp`
--

LOCK TABLES `productotmp` WRITE;
/*!40000 ALTER TABLE `productotmp` DISABLE KEYS */;
INSERT INTO `productotmp` VALUES (1,'2012-01-09'),(2,'2012-01-31');
/*!40000 ALTER TABLE `productotmp` ENABLE KEYS */;
UNLOCK TABLES;

--
-- Table structure for table `proveedor`
--

DROP TABLE IF EXISTS `proveedor`;
/*!40101 SET @saved_cs_client     = @@character_set_client */;
/*!40101 SET character_set_client = utf8 */;
CREATE TABLE `proveedor` (
  `id_proveedor` int(11) NOT NULL AUTO_INCREMENT,
  `ci_ruc` varchar(13) COLLATE utf8_spanish_ci NOT NULL,
  `empresa` varchar(100) COLLATE utf8_spanish_ci NOT NULL,
  `representante` varchar(100) COLLATE utf8_spanish_ci NOT NULL,
  `email` varchar(50) COLLATE utf8_spanish_ci DEFAULT NULL,
  `web` varchar(50) COLLATE utf8_spanish_ci DEFAULT NULL,
  `direccion` varchar(100) COLLATE utf8_spanish_ci DEFAULT NULL,
  `lugar` varchar(100) COLLATE utf8_spanish_ci NOT NULL,
  `borrado` int(1) NOT NULL DEFAULT '0',
  PRIMARY KEY (`id_proveedor`),
  UNIQUE KEY `ci_ruc` (`ci_ruc`)
) ENGINE=InnoDB AUTO_INCREMENT=88 DEFAULT CHARSET=utf8 COLLATE=utf8_spanish_ci;
/*!40101 SET character_set_client = @saved_cs_client */;

--
-- Dumping data for table `proveedor`
--

LOCK TABLES `proveedor` WRITE;
/*!40000 ALTER TABLE `proveedor` DISABLE KEYS */;
INSERT INTO `proveedor` VALUES (1,'0603163676001','PUSAY ALVEAR VILMA CONSUELO','AGROANDESA','','','11 DE NOVIEMBRE CALLE JAIME ROLDOS AGUILERA # 6 Y VICENTE RAMON ROCA','',0),(2,'1803144235001','WILCAPI MONTESDEOCA DARWIN LUCIANO','AGROCENTER','','','ATOCHA FICOA CALLE TRAJANO MERA # 435 Y A LA COSTA','',0),(3,'1702811173001','CUSME MACIAS CLETO WALTER','AGRODEL','agrodelwc@hotmail.com','','LA DOLOROSA CALLE GARCIA MORENO S/N Y 24 DE MAYO ','',0),(4,'0190317056001','AGROINSUMOS CIA LTDA','AGROINSUMOS CIA LTDA','','','AV. DE LAS AMéRICAS S/N Y CARLOS ARIZAGA ','',0),(5,'0990006687001','AGRIPAC S.A','AGRIPAC S.A','','www.agripac.com.ec','PARQUE INDUSTRIAL RIOBAMBA','',0),(6,'0190155188001','AGROSAD PRODUCTOS AGROPECUARIOS C LTDA','AGROSAD','agrosad@etapanet.net','www.agrosad.com.ec','AV. 3 DE NOVIEMBRE 1-24 ','',0),(7,'1790359417001','ASOCIACION DE GANADEROS DE LA SIERRA Y ORIENT','ASOCIACION DE GANADEROS','','','PICHINCHA 25-28 Y ARGENTINOS','',0),(8,'1791315529001','ALASKA S.A','ALASKA S.A','','alaska@imporalaska.com','AV. DE LOS SHYRIS N44-345 Y AV. 6 DE DICIEMBRE','',0),(9,'0602448250001','BENAVIDES LARA JULIO CESAR','AGROPECUARIA CENTRO','jul16cesar@hotmail.com','','VILLARROEL Y FRANCIA','',0),(10,'0601969355001','CASTRO GOMEZ EDDA MARTHA','CASTRO GOMEZ','','','AV. LEOPOLDO FREIRE 20 ','',0),(11,'1891711219001','R&R CARVAJAL ASOCIADOS','R&R CARVAJAL ASOCIADOS','rcarvajal@canimentos.com','','DARQUEA NO. 19-44 Y VARGAS TORRES','',0),(12,'1707217848001','DR.CAZA LARCO MANUEL ENRIQUE','DR.CAZA LARCO','','','AMAGASI DEL INCA LAS NUECES E 17 - 251 Y CANELOS','',0),(13,'1709522831001','MELBA ROSSANA FACTOS FACTOS','AGRO SEMILLAS','agro.semillas@hotmail.com','','SOLANDA PASAJE 11-20 Y J. SECTOR 4. SPMZ. 2MZ - S - CASA OE456','',0),(14,'1802147148001','CHICAIZA CHIPANTIZA WILMO IVAN','CHICAIZA CHIPANTIZA','','','VIA A SAN JORGE S/N ','',0),(15,'1890139716001','DISTRIBUIDORA VETERINARIA TELLO CIA. LTDA.','DISTRIBUIDORA VETERINARIA ','','','HUACHI LA JOYA LA UNION CARLOTA JARAMILLO S/N JUNTO AL ESTADIO','',0),(16,'0990018707001','ECUATORIANA DE PRODUCTOS QUIMICOS C.A','ECUAQUIMICA','','','VIA A BAÑOS KM 21-2 AV. PRINCIPAL S.N','',0),(17,'0691710807001','ECUANUTRIONIMEX S.A','ECUANUTRIONIMEX S.A','fosfato@andinanet.net','','SANTA ANA DOS S/N - RIOBAMBA','',0),(18,'0992212225001','EXPORTEL S.A','EXPORTEL S.A','grupograndes@gye.satnet.net','','LA FAE. AV PLAZA DAñIN MZ.20, VILLA 10.','',0),(19,'0601242001001','ROMERO GARCIA MARIANA DE JESUS','ALMACEN EL AGRO','','','COLOMBIA 29-32 Y JUAN MONTALVO','',0),(20,'1803794500001','TELLO LANDETA ERICK RICARDO','GALMEDIC','','','CALLE MIGUEL ALBORNOZ NO. 38 Y PASAJE AUGUSTO VILLACRéS - URB ALTAMIRANO - AMBATO','',0),(21,'1791349512001','GRUPO GRANDES ROMAN S.A','GRUPO GRANDES ROMAN S.A','','','AV. 10 DE AGOSTO N 53-127 Y HUMBERTO MARIN','',0),(22,'0990023654001','FEBRES CORDERO COMPAÑIA DE COMERCIO S.A','AFECOR','','','K 31-2 AV. JUAN TANCA MARENGO S-N ','',0),(23,'1791773373001','FARBIOVET','FARBIOVET','','','CALLE VENUS LOTE NO. 40 Y AV. EL SOL SECTOR LOMAS DE LA CONCEPCION. VIA A PINTAG','',0),(24,'0992256230001','FERREMUNDO','FERREMUNDO','','','RIO DAULE MZ C3 SOLAR 28 Y P.I. PASCUALES','',0),(25,'0602662058001','CUAICAL MOYON JUAN CARLOS','IMPRENTA IMAGINAR','imprentaoffsetimaginar@yahoo.es','','GARCIA MORENO 25-44 Y OROZCO','',0),(26,'0591721682001','INSEMINACION Y M.A.S. PRODUCTOS VETERINARIOS ','INSEMINARYMAS CIALTDA','vyanez@gmail.com','malbal@gmail.com','SANCHEZ DE ORELLANA 16-14 Y PASAJE LUIS F VIVERO','',0),(30,'1791767489001','DISTRIBUIDORA DE INSUMOS Y SEMILLAS CIA LTDA','DISTRIBUIDORA DE INSUMOS Y SEMILLAS CIA LTDA','recepcion@insusemillas.com','','FéLIX VALDIVIESO N45-81 Y JOAQUIN PAREDES','',0),(31,'1803120524001','PROAÑO CASTILLO DIEGO XAVIER','PC PHARMACOMERCIO','pcpharmacomercio@yahoo.es','','ESPEJO 05-17 Y ROCAFUERTE','',0),(32,'0602932378001','LAMIÑA MAYGUA OLGUER HUMBERTO','GRANJA AVICOLA DEL CIELO','','','BARRIO SAN FRANCISCO DE PISCIN ','',0),(33,'0190117278001','IMPORTADORA COMERCIAL LARTIZCO CIA LTDA','IMPORTADORA COMERCIAL LARTIZCO','','','SEVILLA 1-34 Y AV. ESPAñA','',0),(34,'1791810406001','MISTERGENES S.A','MISTERGENES S.A','','','AV. PABLO GUARDERAS S/N Y PANAMERICANA SUR (MACHACHI - MEJIA)','',0),(35,'1792059461001','NEOQUIM CIA LTDA','NEOQUIM CIA LTDA','neoquim@andinanet.net','','LOS ARUPOS E1-145 Y AV. GALO PLAZA','',0),(36,'1715165120001','LECHON CHUROCHUMBI JOSE MIGUEL','PROTECZIONA','decor_protecziona@yahoo.com','','QUITO','',0),(37,'0501840409001','CAMPAÑA GUERRERO ZELMA SUSANA','PRODEPETS','prodepets@yahoo.es','','ALFREDO GERMAN CHACON BUCHELI S/N Y MISAEL ACOSTA SOLIS','',0),(38,'0501757785001','GUERA TARCO EDISON HERNAN','PRODEC','','','LA FLORESTA DOS BENAJMIN CARRION S/N Y OSCAR EFREN REYES','',0),(39,'1790580202001','QUIMICA INDUSTRIAL MONTALVO AGUILAR QUIMASA S','QUIMASA','','','REINA VICTORIA N 26-50 Y LA PINTA ','',0),(40,'1790112160001','REPRESENTACIONES Y COMISIONES INTERNACIONALES','REPCO','patoenriquez@repcointernacional.com','','AV. 10 DE AGOSTO N54-48 Y LOS PINOS','',0),(41,'0691725758001','CORPORACION DE PRODUCTORES CUYICOLAS SEÑOR CU','SEÑOR CUY','','','LA ESPERANZA II JUAN DE DIOS MARTINEZ 6 ','',0),(42,'1791771109001','SEMEX CIA LTDA','','','','CRISTOBAL COLON S/N Y ATAHUALPA','',0),(43,'0600368211001','SILVA PIRAY ELSA YOLANDA','COMERCIAL ANDRADE','','','URUGUAY 18-40 Y CHILE','',0),(44,'1790893065001','SOLO DEL ECUADOR SECIAL CIA LTDA','SOLO','info@solodel ecuador.com','www.solodelecuador.com','PANAMERICACANA NORTE KM 51/2 BODEGAS PARKENOR C110 Y C111','',0),(45,'1716535453001','CHINGA PONCE JENNIFFER ESTHELA','SUFARMA','','','CALLE B N71-110 Y CALLE C - QUITO','',0),(46,'1791932455001','IMPORTADOR FERRETERO TRUJILLO CIA LTDA','IMPORTADORA TRUJILLO','ventasgye@importadortrujillo.com.ec','','CIUDADELA MATILDE ALVAREZ CALLE S59 S/N SOLAR 23 ','',0),(47,'1802930998001','PARRA MENA JULIO CESAR','VITALAGRO ','jcparmen@hotmail.com','','CALDERON DE LA BARCA S/N Y ANTONIO CLAVIJO - AMBATO','',0),(48,'0690010135001','FUNDACION ESCUELAS RADIOFONICAS POPULARES','ERPE','','','VELASCO 20-60 Y GUAYAQUIL','',0),(49,'0601520125001','LEON ARROYO RICARDO CORAZON','SOCIEDAD AGRICOLA SANTA ANA','','','ESPEJO 2641 Y ARGENTINOS','',0),(50,'0602269839001','RAUL HOMERO MAZON POMA','BEBEDEROS MAZON','','','REINA DE QUITO S 18 - EL TRIUNFO OE 10-2 Y S 18D DANIEL PROAñO - QUITO','',0),(51,'1790010503001','PROVEEDORA AGRICOLA INDUSTRIAL CIA LTDA','PROAGRIN','proagrin@andinanet.net','','CALLE CHAMBO S 8-49 Y ANTISANA','',0),(52,'1791772962001','NATIONAL CARGO EXPRESS CIA LTDA','EMPRESA DE TRANSPORTE ','','','LA PRADERA INGLATERRA N31-69 Y VANCOUVER','',0),(53,'0190050858001','TRANSPORTES ORTIZ S.A','EMPRESA DE TRANSPORTE','trortiz@cablemodem.com.ec','','HUACAS 2-77 Y TURUHAYCO','',0),(54,'0400731527001','RUEDA LOPEZ MARCO TULIO','RUEDA CARGO EXPRESS','','','MARIANO PAREDES N70-88 Y MOISES LUNA ','',0),(55,'1002830071001','TUCANEZ TUCANEZ ANGEL GENARO','GELITRANS','','','ALBERTO BASTIDAS OE - 456 ENTRE AV. DE LA PRENSA Y DIEGO DE VASQUEZ','',0),(56,'0600431647001','MIRANDA ORTIZ FLAVIO','','','','COOP EL CERRO MZ 61 SL. 12 - GUAYAQUIL','',0),(57,'0990829101001','ESPECIALIDADES FARMACOS VETERINARIAS C. LTDA','','llaguno1@hotmail.com','','CDLA CANALES DEL PEñON DEL RIO. CALLE PRINCIPAL, MZ Z, SOLAR 38 ','',0),(58,'1801894435001','PADILLA SANCHEZ LUIS ANGEL','','','','AMBATO S/N Y OSCAR EFREN REYES -  BAñOS','',0),(59,'0603452772001','RIGCHA MOROCHO LUIS GONZALO','','','','COMUNIAD HUACONA GRANDE','',0),(60,'0600581326001','BENAVIDES CEVALLOS GERMAN GILBERTO','','','','JUAN MONTALVO 23-53 Y VELOZ','RIOBAMBA',0),(61,'0603040361001','TEANGA ZURITA MARIA SILVANA','','','','COLON 12-35 Y ONCE DE NOVIEMBRE','RIOBAMBA',0),(62,'1791282582001','G4S SECURE SOLUTIONS ECUADOR CIA LTDA','','','','AV. GOMZALO DAVALOS MZ L CASA 19 Y CIPRESES','RIOBAMBA',0),(63,'1801599141001','CONSTANTE MIRANDA GONZALO ENRIQUE','DISUR','','','PRINCIPAL S/N Y VIA A PILLARO ','AMBATO',0),(64,'1890153824001','AMBAVET AMBATO VETERINARIA CIA LTDA','','','','CDLA ALBORADA OSCAR EFREN REYES S/N','AMBATO',0),(65,'0691726525001','BIOTECNOLOGIA AGRICOLA PRODUCTIVA S.A','','','','JUAN MONTALVO 24-55 Y JOSE DE OROZCO','RIOBAMBA',0),(66,'1791247671001','TEXCOMERCIAL S.A ','','texcomercial@texcomercial.com.ec','','PANAMERICANA NORTE JOSE DE LA REA OE1-411 Y MARIANO CARDENAL ','QUITO',0),(67,'0992476117001','MUNDO VERDE MUV CIA LTDA','','','www.mundoverde.com.ec','COLINAS DEL HIPODROMO CALLE OCTAVA MZ. 1 SOLAR 2 Y AV. MARTHA BUCARAM','GUAYAQUIL',0),(68,'1709865206001','LANDETA VILLAMARIN FLERIDA CARMELA','GALMEDIC','','','OSCAR EFREN REES S/N Y PEDRO DONOSO - CIUDADELA MIñARCA DOS','AMBATO',0),(69,'1803144219001','SILVA VALENCIA HIRMA ELCIA','','','','CALDERON DE LA BARCA S/N Y ANTONIO CLAVIJO','AMBATO',0),(70,'1790787923001','DISTRIBUIDORA VETERINARIA ALVEAR S.C.C','','alvear@veterinariaalvear.com','','VíA QUININDé S/N Y MARGEN DERECHO A 200 MT DE CLINICA CUBA','SANTO DOMINGO',0),(71,'1791411498001','REPCOMPLAST','','repcompl@uio.satnet.net','www.repcomplast.com','QUITO NORTE: CRISTOBAL VACA DE CASTRO OE4-414 Y AV. DE LA PRENSA','QUITO',0),(72,'0990320810001','IVAN BOHMAN C.A','','compras@ivanbohman.com.ec','www.ivanbohman.com.ec','AV. GALO PLAZA N66-211 Y LOS CEREZOS','QUITO',0),(73,'0601409394001','SOLORZANO ALBERTO ROGELIO','PROVEEDORA DE RULIMANES','','','PRIMERA CONSTITUYENTE 34-25 Y AV. MIGUEL ANGEL LEON','RIOBAMBA',0),(74,'0691729923001','AGRICOLA RIVERA HEREDIA S.A AGRORIVHERSA','AGRO VERDE','','','FERNANDO DAQUILEMA Y AV. LEOPOLDO FREIRE 7','RIOBAMBA',0),(75,'0991352937001','FERTISA, FERTILIZANTE, TERMINALES Y SERVICIOS','','','','BOYACA 89-25 Y JUAN MONTALVO','RIOBAMBA',0),(76,'1791300866001','CORPORACION INIAP ','','','','E.E. SANTA CATALINA PANAMERICANA SUR. KM 14 Y SANTA CATALINA','QUITO',0),(77,'0602774879001','CASCO TAPIA FERNANDO RODRIGO','','','','SAN FRANCISCO DE MACAJI - PANAMERICANA SUR','RIOBAMBA',0),(78,'1791331826001','NT ECUADOR','','','www.ntecuador.com.ec','DE LAS AVELLANAS E2-25 Y JUNCAL ','QUITO',0),(79,'1790462854001','JAMES BROWN PHARMA C.A','','','','LA FLOREST, SAN JAVIER N26-135 Y AV. ORELLANA','QUITO',0),(80,'1803120318001','GUATO GUAMAN MARIO RAUL','INSFERMAQ','','','AV. BOLIVAR ECHEVERRIA S/N Y PABLO ECHEVERRIA','AMBATO',0),(81,'1791761251001','IDC INTERAMERICANA DE COMPUTACION CIA LTDA','','idc@andinanet.net','www.idc-computadoras.com','NUEVE DE OCTUBRE S/N Y PEDRO DE ALVARADO','RIOBAMBA',0),(82,'1791772121001','POLIPACK CIA LTDA','','','www.polipack.com','KM 151/2SAN JUAN LOMA PANAMERICANA NORTE S/N Y AV. REINALDO CRUZ ','',0),(83,'1891721559001','UNION DE ASOCIACIONES DE PRODUCTOS AGRICOLAS ','','','','ATENAS 408 Y GUAYAQUIL','RIOBAMBA',0),(84,'0201399417001','CHIMBORAZO CHIMBORAZO CARLOS ULPIANO','','','','VENEZUELA NO. 12-49 Y ANTONIO ANTE','QUITO',0),(85,'0602502668001','MUÑOZ JARAMILLO ANA MARIA','','','','GUAYAQUIL 23-05 Y COLON','RIOBAMBA',0),(86,'1891741681001','COMPUJOB COMPAÑIA LIMITADA','','','','AV. VICTOR HUGO S/N Y AV. ATAHUALPA','AMBATO',0),(87,'0990789061001','DISTRIBUIDORA IMPORTADORA DIPOR S.A','','','','PARQUE INDUSTRIAL LA HABANA S-N','RIOBAMBA',0);
/*!40000 ALTER TABLE `proveedor` ENABLE KEYS */;
UNLOCK TABLES;

--
-- Table structure for table `proveedorbanco`
--

DROP TABLE IF EXISTS `proveedorbanco`;
/*!40101 SET @saved_cs_client     = @@character_set_client */;
/*!40101 SET character_set_client = utf8 */;
CREATE TABLE `proveedorbanco` (
  `id_banco` int(11) NOT NULL AUTO_INCREMENT,
  `id_proveedor` int(11) NOT NULL,
  `banco` int(1) NOT NULL,
  `titular` varchar(75) COLLATE utf8_spanish_ci NOT NULL,
  `numero_cuenta` varchar(25) COLLATE utf8_spanish_ci NOT NULL,
  `tipo_cuenta` int(1) NOT NULL,
  PRIMARY KEY (`id_banco`)
) ENGINE=InnoDB AUTO_INCREMENT=13 DEFAULT CHARSET=utf8 COLLATE=utf8_spanish_ci;
/*!40101 SET character_set_client = @saved_cs_client */;

--
-- Dumping data for table `proveedorbanco`
--

LOCK TABLES `proveedorbanco` WRITE;
/*!40000 ALTER TABLE `proveedorbanco` DISABLE KEYS */;
INSERT INTO `proveedorbanco` VALUES (1,3,2,'CLETO WALTER CUSME MACIAS','4011165000',2),(2,4,2,'AGROTA','5625464700',1),(3,13,2,'FACTOS FACTOS MELBA ROSSANA','3038452004',1),(4,24,2,'COMPAÑIA FERREMUNDO','3137867704',1),(5,30,2,'ALBAN SANCHEZ MARITZA DE LAS MERCEDES','3265131504',1),(6,39,2,'QUIMICA INDUSTRIAL MONTALVO AGUILAR QUIMIASA ','3055210304',1),(7,3,2,'WALTER CUSME MACIAS','3453330604',1),(8,3,4,'WALTER CUSME MACIAS','1022960018',1),(9,44,2,'SOLO DEL ECUADOR','3002869704',1),(10,56,3,'FLAVIO MIRANDA ORTIZ','3666390',2),(11,66,2,'TEXCOMERCIAL S.A','3005706104',1),(12,82,5,'POLIPACK CIA LTDA','02005081153',1);
/*!40000 ALTER TABLE `proveedorbanco` ENABLE KEYS */;
UNLOCK TABLES;

--
-- Table structure for table `proveedorbancotmp`
--

DROP TABLE IF EXISTS `proveedorbancotmp`;
/*!40101 SET @saved_cs_client     = @@character_set_client */;
/*!40101 SET character_set_client = utf8 */;
CREATE TABLE `proveedorbancotmp` (
  `idproveedor` int(11) NOT NULL,
  `numbanco` int(11) NOT NULL AUTO_INCREMENT,
  `banco` int(1) NOT NULL,
  `titular` varchar(75) COLLATE utf8_spanish_ci NOT NULL,
  `numero_cuenta` varchar(25) COLLATE utf8_spanish_ci NOT NULL,
  `tipo_cuenta` int(1) NOT NULL,
  PRIMARY KEY (`numbanco`,`idproveedor`)
) ENGINE=InnoDB DEFAULT CHARSET=utf8 COLLATE=utf8_spanish_ci;
/*!40101 SET character_set_client = @saved_cs_client */;

--
-- Dumping data for table `proveedorbancotmp`
--

LOCK TABLES `proveedorbancotmp` WRITE;
/*!40000 ALTER TABLE `proveedorbancotmp` DISABLE KEYS */;
/*!40000 ALTER TABLE `proveedorbancotmp` ENABLE KEYS */;
UNLOCK TABLES;

--
-- Table structure for table `proveedorcontacto`
--

DROP TABLE IF EXISTS `proveedorcontacto`;
/*!40101 SET @saved_cs_client     = @@character_set_client */;
/*!40101 SET character_set_client = utf8 */;
CREATE TABLE `proveedorcontacto` (
  `id_contacto` int(11) NOT NULL AUTO_INCREMENT,
  `id_proveedor` int(11) NOT NULL,
  `cargo` varchar(50) COLLATE utf8_spanish_ci NOT NULL,
  `nombre` varchar(75) COLLATE utf8_spanish_ci NOT NULL,
  `linea` varchar(25) COLLATE utf8_spanish_ci NOT NULL,
  `email` varchar(25) COLLATE utf8_spanish_ci NOT NULL,
  `borrado` int(1) NOT NULL DEFAULT '0',
  PRIMARY KEY (`id_contacto`)
) ENGINE=InnoDB AUTO_INCREMENT=7 DEFAULT CHARSET=utf8 COLLATE=utf8_spanish_ci;
/*!40101 SET character_set_client = @saved_cs_client */;

--
-- Dumping data for table `proveedorcontacto`
--

LOCK TABLES `proveedorcontacto` WRITE;
/*!40000 ALTER TABLE `proveedorcontacto` DISABLE KEYS */;
INSERT INTO `proveedorcontacto` VALUES (1,2,'GERENTE','DARWIN WILCAPI','RAYOX','',0),(2,2,'DESARROLLISTA','ING. FABIOLA WILCAPI','AGRICOLA','',0),(3,3,'GERENTE','ING. WALTER CUSME','AGRRICOLA','agrodelwc@hotmail.com',0),(4,8,'VENDEDOR','ING. FRANCISCO LOBATO','AGRICOLA','',0),(5,11,'VENDEDORA',' DRA. MONICA LOPEZ','VETERINARIA','',0),(6,71,'VENDEDORA','MYREYA ','022591774','',0);
/*!40000 ALTER TABLE `proveedorcontacto` ENABLE KEYS */;
UNLOCK TABLES;

--
-- Table structure for table `proveedorcontactofono`
--

DROP TABLE IF EXISTS `proveedorcontactofono`;
/*!40101 SET @saved_cs_client     = @@character_set_client */;
/*!40101 SET character_set_client = utf8 */;
CREATE TABLE `proveedorcontactofono` (
  `id_telefono` int(11) NOT NULL AUTO_INCREMENT,
  `id_proveedor` int(11) NOT NULL,
  `id_contacto` int(11) NOT NULL,
  `numero` varchar(13) COLLATE utf8_spanish_ci NOT NULL,
  `descripcion` varchar(50) COLLATE utf8_spanish_ci NOT NULL,
  `operadora` int(11) NOT NULL,
  PRIMARY KEY (`id_telefono`)
) ENGINE=InnoDB AUTO_INCREMENT=2 DEFAULT CHARSET=utf8 COLLATE=utf8_spanish_ci;
/*!40101 SET character_set_client = @saved_cs_client */;

--
-- Dumping data for table `proveedorcontactofono`
--

LOCK TABLES `proveedorcontactofono` WRITE;
/*!40000 ALTER TABLE `proveedorcontactofono` DISABLE KEYS */;
INSERT INTO `proveedorcontactofono` VALUES (1,11,5,'083531246','',2);
/*!40000 ALTER TABLE `proveedorcontactofono` ENABLE KEYS */;
UNLOCK TABLES;

--
-- Table structure for table `proveedorcontactofonotmp`
--

DROP TABLE IF EXISTS `proveedorcontactofonotmp`;
/*!40101 SET @saved_cs_client     = @@character_set_client */;
/*!40101 SET character_set_client = utf8 */;
CREATE TABLE `proveedorcontactofonotmp` (
  `idproveedor` int(11) NOT NULL,
  `numcontacto` int(11) NOT NULL,
  `numfono` int(11) NOT NULL AUTO_INCREMENT,
  `numero` varchar(13) COLLATE utf8_spanish_ci NOT NULL,
  `descripcion` varchar(50) COLLATE utf8_spanish_ci NOT NULL,
  `operadora` int(11) NOT NULL,
  PRIMARY KEY (`numfono`,`idproveedor`,`numcontacto`)
) ENGINE=InnoDB DEFAULT CHARSET=utf8 COLLATE=utf8_spanish_ci;
/*!40101 SET character_set_client = @saved_cs_client */;

--
-- Dumping data for table `proveedorcontactofonotmp`
--

LOCK TABLES `proveedorcontactofonotmp` WRITE;
/*!40000 ALTER TABLE `proveedorcontactofonotmp` DISABLE KEYS */;
/*!40000 ALTER TABLE `proveedorcontactofonotmp` ENABLE KEYS */;
UNLOCK TABLES;

--
-- Table structure for table `proveedorcontactotmp`
--

DROP TABLE IF EXISTS `proveedorcontactotmp`;
/*!40101 SET @saved_cs_client     = @@character_set_client */;
/*!40101 SET character_set_client = utf8 */;
CREATE TABLE `proveedorcontactotmp` (
  `idproveedor` int(11) NOT NULL,
  `numcontacto` int(11) NOT NULL AUTO_INCREMENT,
  `cargo` varchar(50) COLLATE utf8_spanish_ci NOT NULL,
  `nombre` varchar(75) COLLATE utf8_spanish_ci NOT NULL,
  `linea` varchar(25) COLLATE utf8_spanish_ci NOT NULL,
  `email` varchar(25) COLLATE utf8_spanish_ci NOT NULL,
  PRIMARY KEY (`numcontacto`,`idproveedor`)
) ENGINE=InnoDB AUTO_INCREMENT=2 DEFAULT CHARSET=utf8 COLLATE=utf8_spanish_ci;
/*!40101 SET character_set_client = @saved_cs_client */;

--
-- Dumping data for table `proveedorcontactotmp`
--

LOCK TABLES `proveedorcontactotmp` WRITE;
/*!40000 ALTER TABLE `proveedorcontactotmp` DISABLE KEYS */;
INSERT INTO `proveedorcontactotmp` VALUES (3,1,'VENDEDORA','CECILIA ALTAMIRANO','032965437','');
/*!40000 ALTER TABLE `proveedorcontactotmp` ENABLE KEYS */;
UNLOCK TABLES;

--
-- Table structure for table `proveedorfono`
--

DROP TABLE IF EXISTS `proveedorfono`;
/*!40101 SET @saved_cs_client     = @@character_set_client */;
/*!40101 SET character_set_client = utf8 */;
CREATE TABLE `proveedorfono` (
  `id_telefono` int(11) NOT NULL AUTO_INCREMENT,
  `id_proveedor` int(11) NOT NULL,
  `numero` varchar(13) COLLATE utf8_spanish_ci NOT NULL,
  `descripcion` varchar(50) COLLATE utf8_spanish_ci NOT NULL,
  `operadora` int(11) NOT NULL,
  PRIMARY KEY (`id_telefono`)
) ENGINE=InnoDB AUTO_INCREMENT=82 DEFAULT CHARSET=utf8 COLLATE=utf8_spanish_ci;
/*!40101 SET character_set_client = @saved_cs_client */;

--
-- Dumping data for table `proveedorfono`
--

LOCK TABLES `proveedorfono` WRITE;
/*!40000 ALTER TABLE `proveedorfono` DISABLE KEYS */;
INSERT INTO `proveedorfono` VALUES (1,1,'093846119','TEL EMPRESA',2),(2,2,'094030886','DARWIN WILCAPI - GERENTE',2),(3,3,'022830486','FABRICA',4),(4,3,'097073073','FABRICA',2),(5,3,'092420949','KARINA CUEME',2),(6,3,'097839589','WALTER CUSME',2),(7,4,'072886772','CUENCA - TELF EMPRESA',4),(8,4,'072816150','CUENCA - TELF EMPRESA',4),(9,5,'032942220','ALMACEN RIOBAMBA',4),(10,6,'072822158','CUENCA - TELF EMPRESA',4),(11,6,'072838616','CUENCA - TELF EMPRESA',4),(12,6,'097210413','ESCARDON SERGIO - VENDEDOR',2),(13,8,'022259410','TELF. EMPRESA ',4),(14,8,'022259410','TELF. EMPRESA',4),(15,8,'099737960','ALASKA',2),(16,9,'032942649','ALMACEN RIOBAMBA',4),(17,10,'032626232','MARTHA CASTRO',4),(18,11,'032425004','OFICINA AMBATO',4),(19,11,'098238645','OFICINA AMBATO',2),(20,12,'023261278','OFICINA QUITO',4),(21,13,'022855068','TELF. OFICINA',4),(22,14,'080212953','',2),(23,15,'032410584','TELF. OFICINA',4),(24,16,'032840497','TELF. EMPRESA',4),(25,16,'034844951','TELF. EMPRESA',4),(26,17,'032602586','',4),(27,18,'042396152','TELF. OFICINA',4),(28,21,'022413882','TELF. EMPRESA',4),(29,21,'022401968','TELF. EMPRESA',4),(30,21,'032813314','TELF. EMPRESA',4),(31,21,'022810532','TELF. EMPRESA',4),(32,22,'042233333','TELF. EMPRESA',4),(33,22,'042234807','FAX',4),(34,23,'022091084','TELF. EMPRESA',4),(35,23,'022091076','TELF. EMPRESA',4),(36,23,'022091111','FAX',4),(37,25,'032953011','TELF. OFICINA',4),(38,26,'032806114','LATACUNGA',4),(39,30,'032437430','TELF. OFICINA',4),(40,30,'022437430','TELF. OFICINA',4),(41,32,'091636162','TEL ING. LAMIÑA',2),(42,33,'032809061','CUENCA - TELF EMPRESA',4),(43,34,'032316028','MACHACHI',4),(44,34,'094502541','',2),(45,35,'023465381','QUITO',4),(46,35,'022473273','QUITO',4),(47,36,'023383520','QUITO',4),(48,36,'085977932','OFICINA QUITO',2),(49,39,'022558235','QUITO',4),(50,40,'022412169','TELF. OFICINA QUITO',4),(51,41,'032370093','OFICINA RIOBAMBA',4),(52,42,'022316999','QUITO',4),(53,44,'022280182','QUITO',4),(54,44,'022476288','FAX QUITO',4),(55,44,'099733882','CELULAR OFICINA',2),(56,45,'022800947','OFICNA QUITO',4),(57,46,'023652330','OFICINA QUITO',4),(58,46,'023650048','OFICINA QUITO',4),(59,47,'032400297','OFICINA AMBATO',4),(60,47,'099679071','CELULAR OFICINA',2),(61,48,'032961625','OFICINA RIOBAMBA',4),(62,48,'032961625','FAX OFICINA RIOBAMBA',4),(63,49,'032961737','OFICINA RIOBAMBA',4),(64,50,'022843091','OFICINA QUITO',4),(65,50,'084572598','CELULAR OFICINA',2),(66,51,'022654400','TELF. OFICINA QUITO',4),(67,51,'022611200','TELF. OFICINA QUITO',4),(68,51,'022654940','FAX OFICINA QUITO',4),(69,52,'022234452','TELF. OFICINA QUITO',4),(70,53,'074087948','OFICINA CUENCA',4),(71,53,'022659226','OFICINA QUITO SUR',4),(72,53,'074087952','OFICINA CUENCA',4),(73,54,'022453103','OFICINA QUITO',4),(74,54,'097892018','TELF. OFICINA',2),(75,55,'022608873','TELF. OFICINA QUITO',4),(76,56,'042259607','TEL ALMACEN GUAYAQUIL',4),(77,58,'032740634','BAÑOS',4),(78,60,'032965437','ALMACEN',4),(79,66,'022800313','OFICINA',4),(80,80,'032405121','ALMACEN ',4),(81,80,'087232542','MARIO GUATO',2);
/*!40000 ALTER TABLE `proveedorfono` ENABLE KEYS */;
UNLOCK TABLES;

--
-- Table structure for table `proveedorfonotmp`
--

DROP TABLE IF EXISTS `proveedorfonotmp`;
/*!40101 SET @saved_cs_client     = @@character_set_client */;
/*!40101 SET character_set_client = utf8 */;
CREATE TABLE `proveedorfonotmp` (
  `idproveedor` int(11) NOT NULL,
  `numfono` int(11) NOT NULL AUTO_INCREMENT,
  `numero` varchar(13) COLLATE utf8_spanish_ci NOT NULL,
  `descripcion` varchar(50) COLLATE utf8_spanish_ci NOT NULL,
  `operadora` int(11) NOT NULL,
  PRIMARY KEY (`numfono`,`idproveedor`)
) ENGINE=InnoDB AUTO_INCREMENT=4 DEFAULT CHARSET=utf8 COLLATE=utf8_spanish_ci;
/*!40101 SET character_set_client = @saved_cs_client */;

--
-- Dumping data for table `proveedorfonotmp`
--

LOCK TABLES `proveedorfonotmp` WRITE;
/*!40000 ALTER TABLE `proveedorfonotmp` DISABLE KEYS */;
INSERT INTO `proveedorfonotmp` VALUES (2,1,'032965437','ALMACEN',4),(3,2,'032965437','ALMACEN',4),(4,3,'032965437','ALMACEN RIOBAMBA',4);
/*!40000 ALTER TABLE `proveedorfonotmp` ENABLE KEYS */;
UNLOCK TABLES;

--
-- Table structure for table `proveedortmp`
--

DROP TABLE IF EXISTS `proveedortmp`;
/*!40101 SET @saved_cs_client     = @@character_set_client */;
/*!40101 SET character_set_client = utf8 */;
CREATE TABLE `proveedortmp` (
  `idproveedor` int(11) NOT NULL AUTO_INCREMENT,
  `fecha` date NOT NULL,
  PRIMARY KEY (`idproveedor`)
) ENGINE=InnoDB AUTO_INCREMENT=20 DEFAULT CHARSET=utf8 COLLATE=utf8_spanish_ci;
/*!40101 SET character_set_client = @saved_cs_client */;

--
-- Dumping data for table `proveedortmp`
--

LOCK TABLES `proveedortmp` WRITE;
/*!40000 ALTER TABLE `proveedortmp` DISABLE KEYS */;
INSERT INTO `proveedortmp` VALUES (1,'2011-11-11'),(2,'2011-11-16'),(3,'2011-11-16'),(4,'2011-11-16'),(5,'2011-11-16'),(6,'2011-11-16'),(7,'2011-11-16'),(8,'2011-11-17'),(9,'2011-11-17'),(11,'2011-11-18'),(12,'2011-12-07'),(13,'2012-01-12'),(14,'2012-02-09'),(16,'2012-02-16'),(17,'2012-02-29'),(18,'2012-03-29'),(19,'2012-03-29');
/*!40000 ALTER TABLE `proveedortmp` ENABLE KEYS */;
UNLOCK TABLES;

--
-- Table structure for table `remision`
--

DROP TABLE IF EXISTS `remision`;
/*!40101 SET @saved_cs_client     = @@character_set_client */;
/*!40101 SET character_set_client = utf8 */;
CREATE TABLE `remision` (
  `id_remision` int(11) NOT NULL AUTO_INCREMENT,
  `id_factura` int(11) NOT NULL,
  `serie1` int(3) NOT NULL,
  `serie2` int(3) NOT NULL,
  `codigo_remision` int(11) NOT NULL,
  `autorizacion` varchar(11) COLLATE utf8_spanish_ci NOT NULL,
  `fecha_fin` date NOT NULL,
  `motivo` varchar(30) COLLATE utf8_spanish_ci NOT NULL,
  `punto_partida` varchar(30) COLLATE utf8_spanish_ci NOT NULL,
  `nombre_trans` varchar(100) COLLATE utf8_spanish_ci NOT NULL,
  `ci_trans` varchar(13) COLLATE utf8_spanish_ci NOT NULL,
  PRIMARY KEY (`id_remision`),
  UNIQUE KEY `id_factura` (`id_factura`)
) ENGINE=InnoDB AUTO_INCREMENT=49 DEFAULT CHARSET=utf8 COLLATE=utf8_spanish_ci;
/*!40101 SET character_set_client = @saved_cs_client */;

--
-- Dumping data for table `remision`
--

LOCK TABLES `remision` WRITE;
/*!40000 ALTER TABLE `remision` DISABLE KEYS */;
INSERT INTO `remision` VALUES (1,35,2,1,1,'1110304811','2011-12-23','VENTA','RIOBAMBA','FLOTA BOLIVAR','999999999'),(2,38,2,1,2,'1110304811','2011-12-26','','RIOBAMBA','FLOTA BOLIVAR','9999999999'),(3,40,2,1,3,'1110304811','2011-12-30','','RIOBAMBA','COOPERATIVA SANGAY','9999999999'),(4,42,2,1,4,'1110304811','2012-01-09','','RIOBAMBA','FLOTA BOLIVAR','9999999999'),(5,44,2,1,5,'1110304811','0000-00-00','','RIOBAMBA','EDISON BENAVIDES','0602491870001'),(6,45,2,1,6,'1110304811','0000-00-00','','RIOBAMBA','EDISON BENAVIDES','0602491870001'),(7,53,2,1,8,'1110304811','2012-01-18','','RIOBAMBA','FLOTA BOLIVAR','9999999999'),(8,54,2,1,9,'1110304811','2012-01-18','','RIOBAMBA','FLOTA BOLIVAR','9999999999'),(9,55,2,1,10,'1110304811','2012-01-18','','RIOBAMBA','TRANSPORTES SANGAY','9999999999'),(10,56,2,1,11,'1110304811','2012-01-18','','RIOBAMBA','TRANSPORTES SANGAY','9999999999'),(11,63,2,1,12,'1110304811','2012-02-02','','RIOBAMBA','COOPERATIVA SANGAY','9999999999'),(12,64,2,1,14,'1110304811','2012-02-07','','RIOBAMBA','EDISON BENAVIDES','0602491870001'),(13,65,2,1,15,'1110304811','2012-02-07','','RIOBAMBA','EDISON BENAVIDES','0602491870001'),(14,66,2,1,16,'1110304811','2012-02-07','','RIOBAMBA','EDISON BENAVIDES','0602491870001'),(15,67,2,1,17,'1110304811','2012-02-07','','RIOBAMBA','EDISON BENAVIDES','0602491870001'),(16,68,2,1,18,'1110304811','2012-02-07','','RIOBAMBA','EDISON BENAVIDES','0602491870001'),(17,69,2,1,19,'1110304811','2012-02-07','','RIOBAMBA','EDISON BENAVIDES','0602491870001'),(18,71,2,1,20,'1110304811','2012-02-07','','RIOBAMBA','EDISON BENAVIDES','0602491870001'),(19,74,2,1,21,'1110304811','2012-02-09','','RIOBAMBA','TRANSPORTES ALAUSI','9999999999'),(20,85,2,1,22,'1110304811','2012-02-20','','RIOBAMBA','FLOTA BOLIVAR','9999999999'),(21,86,2,1,23,'1110304811','2012-02-20','','RIOBAMBA','FLOTA BOLIVAR','9999999999'),(22,122,2,1,24,'1110304811','2012-03-08','','RIOBAMBA','JORGE DIAZ','0600939839'),(23,126,2,1,25,'1110304811','2012-03-10','','RIOBAMBA','FLOTA BOLIVAR','9999999999'),(24,137,2,1,26,'1110304811','2012-03-19','','RIOBAMBA','EDISON BENAVIDES','0602491870001'),(25,142,2,1,27,'1110304811','0000-00-00','','RIOBAMBA','FLOTA BOLIVAR','9999999999'),(26,160,2,1,28,'1110304811','2012-03-28','','RIOBAMBA','tRASNPORTE CONDORAZO','9999999999'),(27,172,2,1,29,'1110304811','2012-04-03','','RIOBAMBA','FLOTA BOLIVAR','9999999999'),(28,173,2,1,30,'1110304811','2012-04-03','','RIOBAMBA','FLOTA BOLIVAR','9999999999'),(29,174,2,1,31,'1110304811','2012-04-03','','RIOBAMBA','FLOTA BOLIVAR','9999999999'),(30,175,2,1,32,'1110304811','2012-04-03','','RIOBAMBA','FLOTA BOLIVAR','9999999999'),(31,176,2,1,33,'1110304811','2012-04-03','','RIOBAMBA','FLOTA BOLIVAR','9999999999'),(32,177,2,1,34,'1110304811','2012-04-04','','RIOBAMBA','FLOTA BOLIVAR','9999999999'),(33,178,2,1,35,'1110304811','2012-04-04','','RIOBAMBA','COOPERATIVA SANGAY','9999999999'),(34,180,2,1,36,'1110304811','2012-04-04','','RIOBAMBA','TRANSPORTES ALAUSI','9999999999'),(35,188,2,1,37,'1110304811','2012-04-04','','RIOBAMBA','TRANSPORTES SANGAY','0690021242001'),(36,195,2,1,38,'1110304811','2012-04-11','','RIOBAMBA','TRANSPORTES SANGAY','0690021242001'),(37,203,2,1,39,'1110304811','0000-00-00','','RIOBAMBA','transporte bolivar','99999999999'),(41,204,2,1,40,'1110304811','2012-04-14','','RIOBAMBA','FLOTA BOLIVAR','999999999'),(42,210,2,1,41,'1110304811','2012-04-14','','RIOBAMBA','transportes alausi','9999999999'),(43,211,2,1,42,'1110304811','2012-04-14','','RIOBAMBA','transporte sangay','0690021242001'),(44,220,2,1,43,'1110304811','2012-04-26','','RIOBAMBA','TRANSPORTE BOLIVAR','9999999999999'),(45,222,2,1,44,'1110304811','2012-05-01','','RIOBAMBA','EDISON BENAVIDES','0602491870'),(46,223,2,1,45,'1110304811','2012-04-30','','RIOBAMBA','EDISON BENAVIDES','0602491870'),(47,224,2,1,46,'1110304811','2012-05-02','','RIOBAMBA','EDISON BENAVIDES','0602491870'),(48,225,2,1,47,'1110304811','2012-05-02','','RIOBAMBA','EDISON BENAVIDES','0602491870');
/*!40000 ALTER TABLE `remision` ENABLE KEYS */;
UNLOCK TABLES;

--
-- Table structure for table `remisionero`
--

DROP TABLE IF EXISTS `remisionero`;
/*!40101 SET @saved_cs_client     = @@character_set_client */;
/*!40101 SET character_set_client = utf8 */;
CREATE TABLE `remisionero` (
  `id_remisionero` int(11) NOT NULL AUTO_INCREMENT,
  `serie1` varchar(3) COLLATE utf8_spanish_ci NOT NULL,
  `serie2` varchar(3) COLLATE utf8_spanish_ci NOT NULL,
  `autorizacion` varchar(14) COLLATE utf8_spanish_ci NOT NULL,
  `inicio` int(11) NOT NULL,
  `fin` int(11) NOT NULL,
  `fecha_caducidad` date NOT NULL,
  PRIMARY KEY (`id_remisionero`)
) ENGINE=InnoDB AUTO_INCREMENT=2 DEFAULT CHARSET=utf8 COLLATE=utf8_spanish_ci;
/*!40101 SET character_set_client = @saved_cs_client */;

--
-- Dumping data for table `remisionero`
--

LOCK TABLES `remisionero` WRITE;
/*!40000 ALTER TABLE `remisionero` DISABLE KEYS */;
INSERT INTO `remisionero` VALUES (1,'002','001','1110304811',21,100,'2012-11-08');
/*!40000 ALTER TABLE `remisionero` ENABLE KEYS */;
UNLOCK TABLES;

--
-- Table structure for table `retencion`
--

DROP TABLE IF EXISTS `retencion`;
/*!40101 SET @saved_cs_client     = @@character_set_client */;
/*!40101 SET character_set_client = utf8 */;
CREATE TABLE `retencion` (
  `id_retencion` int(11) NOT NULL AUTO_INCREMENT,
  `id_factura` int(11) NOT NULL,
  `serie1` varchar(3) COLLATE utf8_spanish_ci NOT NULL,
  `serie2` varchar(3) COLLATE utf8_spanish_ci NOT NULL,
  `codigo_retencion` int(11) NOT NULL,
  `autorizacion` varchar(10) COLLATE utf8_spanish_ci NOT NULL,
  `concepto` varchar(250) COLLATE utf8_spanish_ci NOT NULL,
  `totalretencion` float(16,2) NOT NULL,
  `fecha` date NOT NULL,
  PRIMARY KEY (`id_retencion`),
  UNIQUE KEY `codigo_retencion` (`codigo_retencion`)
) ENGINE=InnoDB AUTO_INCREMENT=209 DEFAULT CHARSET=utf8 COLLATE=utf8_spanish_ci;
/*!40101 SET character_set_client = @saved_cs_client */;

--
-- Dumping data for table `retencion`
--

LOCK TABLES `retencion` WRITE;
/*!40000 ALTER TABLE `retencion` DISABLE KEYS */;
INSERT INTO `retencion` VALUES (1,1,'002','001',201,'2890','Transferencia de Bienes Muebles de Naturaleza Corporal - ',2.02,'2011-10-03'),(2,2,'002','001',202,'1109869317','Transferencia de Bienes Muebles de Naturaleza Corporal - ',8.24,'2011-10-16'),(3,3,'002','001',330,'1110206069','Retenciones Aplicables el 2% - ',2.12,'2011-10-25'),(4,4,'002','001',331,'1110206069','Transferencia de Bienes Muebles de Naturaleza Corporal - ',3.41,'2011-10-25'),(5,5,'002','001',332,'1110206069','Transferencia de Bienes Muebles de Naturaleza Corporal - ',2.25,'2011-10-25'),(6,6,'002','001',335,'1110206069','Transferencia de Bienes Muebles de Naturaleza Corporal - ',3.40,'2011-10-27'),(7,7,'002','001',336,'1110206069','Transferencia de Bienes Muebles de Naturaleza Corporal - ',5.15,'2011-10-27'),(8,8,'002','001',337,'1110206069','Transferencia de Bienes Muebles de Naturaleza Corporal - ',1.21,'2011-10-27'),(9,9,'002','001',338,'1110206069','Transferencia de Bienes Muebles de Naturaleza Corporal - ',0.77,'2011-10-27'),(10,10,'002','001',341,'1110206069','Transferencia de Bienes Muebles de Naturaleza Corporal - ',1.47,'2011-10-25'),(11,11,'002','001',342,'1110206069','Transferencia de Bienes Muebles de Naturaleza Corporal - ',59.83,'2011-10-24'),(12,13,'002','001',343,'1110206069','Transferencia de Bienes Muebles de Naturaleza Corporal - ',1.80,'2011-11-15'),(13,14,'002','001',344,'1110206069','Transferencia de Bienes Muebles de Naturaleza Corporal - ',0.33,'2011-11-07'),(14,15,'002','001',345,'1110206069','Transferencia de Bienes Muebles de Naturaleza Corporal - ',0.18,'2011-11-16'),(15,16,'002','001',346,'1110206069','Transferencia de Bienes Muebles de Naturaleza Corporal - ',7.20,'2011-11-07'),(16,17,'002','001',347,'1110206069','Transferencia de Bienes Muebles de Naturaleza Corporal - ',1.29,'2011-11-07'),(17,18,'002','001',348,'1110206069','Retenciones Aplicables el 2% - ',1.12,'2011-11-08'),(18,19,'002','001',349,'1110206069','Transferencia de Bienes Muebles de Naturaleza Corporal - ',0.24,'2011-11-10'),(19,20,'002','001',350,'1110206069','Transferencia de Bienes Muebles de Naturaleza Corporal - ',0.46,'2011-11-10'),(20,21,'002','001',351,'1110206069','Transferencia de Bienes Muebles de Naturaleza Corporal - ',0.29,'2011-11-11'),(21,22,'002','001',352,'1110206069','Transferencia de Bienes Muebles de Naturaleza Corporal - ',1.49,'2011-11-15'),(22,23,'002','001',353,'1110206069','Transferencia de Bienes Muebles de Naturaleza Corporal - ',2.05,'2011-11-10'),(23,24,'002','001',354,'1110206069','Transferencia de Bienes Muebles de Naturaleza Corporal - ',2.50,'2011-11-11'),(24,26,'002','001',355,'1110206069','Transferencia de Bienes Muebles de Naturaleza Corporal - ',4.04,'2011-11-10'),(25,27,'002','001',356,'1110206069','Transferencia de Bienes Muebles de Naturaleza Corporal - ',2.01,'2011-11-15'),(26,28,'002','001',357,'1110206069','Transferencia de Bienes Muebles de Naturaleza Corporal - ',1.57,'2011-11-14'),(27,29,'002','001',358,'1110206069','Retenciones Aplicables el 2% - ',0.32,'2011-11-15'),(28,30,'002','001',359,'1110206069','Transferencia de Bienes Muebles de Naturaleza Corporal - ',3.69,'2011-11-14'),(29,31,'002','001',360,'1110206069','Transferencia de Bienes Muebles de Naturaleza Corporal - ',1.50,'2011-11-16'),(30,32,'002','001',361,'1110206069','Transferencia de Bienes Muebles de Naturaleza Corporal - ',8.42,'2011-11-17'),(31,33,'002','001',362,'1110206069','Transferencia de Bienes Muebles de Naturaleza Corporal - ',9.19,'2011-11-17'),(32,34,'002','001',363,'1110206069','Transferencia de Bienes Muebles de Naturaleza Corporal - ',25.33,'2011-11-17'),(33,35,'002','001',364,'1110206069','Transferencia de Bienes Muebles de Naturaleza Corporal - ',18.21,'2011-11-17'),(34,36,'002','001',365,'1110206069','Transferencia de Bienes Muebles de Naturaleza Corporal - ',10.98,'2011-11-17'),(35,37,'002','001',366,'1110206069','Transferencia de Bienes Muebles de Naturaleza Corporal - ',13.14,'2011-11-17'),(36,38,'002','001',367,'1110206069','Transferencia de Bienes Muebles de Naturaleza Corporal - ',2.74,'2011-11-16'),(37,39,'002','001',368,'1110206069','Transferencia de Bienes Muebles de Naturaleza Corporal - ',6.66,'2011-11-17'),(38,40,'002','001',369,'1110206069','Transferencia de Bienes Muebles de Naturaleza Corporal - ',1.76,'2011-11-16'),(39,41,'002','001',370,'1110206069','Transferencia de Bienes Muebles de Naturaleza Corporal - ',0.40,'2011-11-17'),(40,47,'002','001',371,'1110206069','Transferencia de Bienes Muebles de Naturaleza Corporal - ',2.26,'2011-11-16'),(41,48,'002','001',372,'1110206069','Transferencia de Bienes Muebles de Naturaleza Corporal - ',0.89,'2011-11-18'),(42,49,'002','001',373,'1110206069','Transferencia de Bienes Muebles de Naturaleza Corporal - ',0.45,'2011-12-07'),(43,50,'002','001',374,'1110206069','Transferencia de Bienes Muebles de Naturaleza Corporal - ',1.02,'2011-12-07'),(44,51,'002','001',375,'1110206069','Transferencia de Bienes Muebles de Naturaleza Corporal - ',2.19,'2011-12-08'),(45,52,'002','001',376,'1110206069','Transferencia de Bienes Muebles de Naturaleza Corporal - ',0.56,'2011-12-12'),(46,53,'002','001',377,'1110206069','Retenciones Aplicables el 2% - ',0.32,'2011-12-15'),(47,58,'002','001',378,'1110206069','Retenciones Aplicables el 2% - ',1.12,'2011-12-17'),(48,59,'002','001',379,'1110206069','Transferencia de Bienes Muebles de Naturaleza Corporal - ',1.13,'2011-12-08'),(49,60,'002','001',380,'1110206069','Transferencia de Bienes Muebles de Naturaleza Corporal - ',2.10,'2011-12-02'),(50,62,'002','001',381,'1110206069','Transferencia de Bienes Muebles de Naturaleza Corporal - ',7.03,'2011-12-07'),(51,63,'002','001',382,'1110206069','Transferencia de Bienes Muebles de Naturaleza Corporal - ',0.89,'2011-12-08'),(52,64,'002','001',383,'1110206069','Transferencia de Bienes Muebles de Naturaleza Corporal - ',3.12,'2011-12-14'),(53,65,'002','001',384,'1110206069','Transferencia de Bienes Muebles de Naturaleza Corporal - ',21.89,'2011-12-14'),(54,66,'002','001',385,'1110206069','Transferencia de Bienes Muebles de Naturaleza Corporal - ',1.39,'2011-12-14'),(55,67,'002','001',386,'1110206069','Transferencia de Bienes Muebles de Naturaleza Corporal - ',5.69,'2011-12-22'),(56,68,'002','001',387,'1110206069','Transferencia de Bienes Muebles de Naturaleza Corporal - ',2.30,'2011-12-20'),(57,69,'002','001',388,'1110206069','Transferencia de Bienes Muebles de Naturaleza Corporal - ',3.79,'2011-12-20'),(58,70,'002','001',389,'1110206069','Transferencia de Bienes Muebles de Naturaleza Corporal - ',13.83,'2011-12-20'),(59,71,'002','001',390,'1110206069','Transferencia de Bienes Muebles de Naturaleza Corporal - ',0.98,'2011-12-21'),(60,72,'002','001',391,'1110206069','Transferencia de Bienes Muebles de Naturaleza Corporal - ',0.50,'2011-12-22'),(61,73,'002','001',392,'1110206069','Transferencia de Bienes Muebles de Naturaleza Corporal - ',5.26,'2011-12-22'),(62,74,'002','001',393,'1110206069','Transferencia de Bienes Muebles de Naturaleza Corporal - ',2.14,'2011-12-29'),(63,75,'002','001',394,'1110206069','Transferencia de Bienes Muebles de Naturaleza Corporal - ',3.47,'2012-01-06'),(64,76,'002','001',395,'1110206069','Transferencia de Bienes Muebles de Naturaleza Corporal - ',5.58,'2012-01-12'),(65,77,'002','001',396,'1110206069','Retenciones Aplicables el 2% - ',0.10,'2012-01-12'),(66,78,'002','001',397,'1110206069','Transferencia de Bienes Muebles de Naturaleza Corporal - ',0.51,'2012-01-12'),(67,79,'002','001',398,'1110206069','Transferencia de Bienes Muebles de Naturaleza Corporal - ',0.96,'2012-01-12'),(68,80,'002','001',399,'1110206069','Transferencia de Bienes Muebles de Naturaleza Corporal - ',3.17,'2012-01-12'),(69,81,'002','001',400,'1110206069','Transferencia de Bienes Muebles de Naturaleza Corporal - ',1.31,'2012-01-12'),(70,82,'002','001',438,'1110481225','Transferencia de Bienes Muebles de Naturaleza Corporal - ',0.50,'2012-01-12'),(71,83,'002','001',439,'1110481225','Transferencia de Bienes Muebles de Naturaleza Corporal - ',0.16,'2012-01-15'),(72,84,'002','001',440,'1110481225','Transferencia de Bienes Muebles de Naturaleza Corporal - ',1.02,'2012-01-19'),(73,85,'002','001',441,'1110481225','Transferencia de Bienes Muebles de Naturaleza Corporal - ',9.91,'2012-01-25'),(74,86,'002','001',442,'1110481225','Transferencia de Bienes Muebles de Naturaleza Corporal - ',24.14,'2012-01-24'),(75,87,'002','001',443,'1110481225','Transferencia de Bienes Muebles de Naturaleza Corporal - ',4.43,'2012-01-25'),(76,88,'002','001',444,'1110481225','Transferencia de Bienes Muebles de Naturaleza Corporal - ',3.83,'2012-01-26'),(77,89,'002','001',445,'1110481225','Transferencia de Bienes Muebles de Naturaleza Corporal - ',0.66,'2012-01-19'),(78,90,'002','001',446,'1110481225','Transferencia de Bienes Muebles de Naturaleza Corporal - ',6.45,'2012-01-26'),(79,91,'002','001',447,'1110481225','Transferencia de Bienes Muebles de Naturaleza Corporal - ',0.22,'2012-01-27'),(80,94,'002','001',448,'1110481225','Retenciones Aplicables el 2% - ',0.32,'2012-01-15'),(81,95,'002','001',449,'1110481225','Transferencia de Bienes Muebles de Naturaleza Corporal - ',1.30,'2012-01-28'),(82,96,'002','001',450,'1110481225','Transferencia de Bienes Muebles de Naturaleza Corporal - ',0.94,'2012-01-30'),(83,97,'002','001',451,'1110481225','Transferencia de Bienes Muebles de Naturaleza Corporal - ',1.26,'2012-01-31'),(84,98,'002','001',452,'1110481225','Transferencia de Bienes Muebles de Naturaleza Corporal - ',0.06,'2012-02-01'),(85,99,'002','001',453,'1110481225','Transferencia de Bienes Muebles de Naturaleza Corporal - ',0.41,'2012-02-06'),(86,100,'002','001',454,'1110481225','Transferencia de Bienes Muebles de Naturaleza Corporal - ',0.83,'2012-02-06'),(87,101,'002','001',455,'1110481225','Transferencia de Bienes Muebles de Naturaleza Corporal - ',0.50,'2012-02-04'),(88,102,'002','001',456,'1110481225','Transferencia de Bienes Muebles de Naturaleza Corporal - ',0.35,'2012-02-09'),(89,103,'002','001',457,'1110481225','Transferencia de Bienes Muebles de Naturaleza Corporal - ',8.44,'2012-02-16'),(90,104,'002','001',458,'1110481225','Transferencia de Bienes Muebles de Naturaleza Corporal - ',3.79,'2012-02-15'),(91,105,'002','001',459,'1110481225','Transferencia de Bienes Muebles de Naturaleza Corporal - ',2.18,'2012-02-10'),(92,106,'002','001',460,'1110481225','Transferencia de Bienes Muebles de Naturaleza Corporal - ',1.69,'2012-02-10'),(93,107,'002','001',461,'1110481225','Transferencia de Bienes Muebles de Naturaleza Corporal - ',0.45,'2012-02-17'),(94,108,'002','001',462,'1110481225','Transferencia de Bienes Muebles de Naturaleza Corporal - ',0.17,'2012-02-09'),(95,109,'002','001',463,'1110481225','Transferencia de Bienes Muebles de Naturaleza Corporal - ',0.72,'2012-02-08'),(96,110,'002','001',470,'1110481225','Transferencia de Bienes Muebles de Naturaleza Corporal - ',3.46,'2012-02-09'),(97,111,'002','001',471,'1110481225','Transferencia de Bienes Muebles de Naturaleza Corporal - ',0.96,'2012-02-11'),(98,112,'002','001',472,'1110481225','Transferencia de Bienes Muebles de Naturaleza Corporal - ',0.16,'2012-02-15'),(99,113,'002','001',473,'1110481225','Transferencia de Bienes Muebles de Naturaleza Corporal - ',29.98,'2012-02-15'),(100,114,'002','001',474,'1110481225','Transferencia de Bienes Muebles de Naturaleza Corporal - ',0.75,'2012-02-22'),(101,115,'002','001',475,'1110481225','Transferencia de Bienes Muebles de Naturaleza Corporal - ',6.07,'2012-02-29'),(102,119,'002','001',476,'1110481225','Retenciones Aplicables el 2% - ',0.32,'2012-02-15'),(103,120,'002','001',477,'1110481225','Transferencia de Bienes Muebles de Naturaleza Corporal - ',1.76,'2012-02-23'),(104,121,'002','001',478,'1110481225','Transferencia de Bienes Muebles de Naturaleza Corporal - ',1.58,'2012-02-22'),(105,122,'002','001',479,'1110481225','Transferencia de Bienes Muebles de Naturaleza Corporal - ',0.41,'2012-02-09'),(106,123,'002','001',480,'1110481225','Transferencia de Bienes Muebles de Naturaleza Corporal - ',5.47,'2012-02-16'),(107,124,'002','001',481,'1110481225','Transferencia de Bienes Muebles de Naturaleza Corporal - ',6.41,'2012-02-16'),(108,125,'002','001',482,'1110481225','Transferencia de Bienes Muebles de Naturaleza Corporal - ',0.69,'2012-02-22'),(109,126,'002','001',483,'1110481225','Transferencia de Bienes Muebles de Naturaleza Corporal - ',1.17,'2012-02-23'),(110,127,'002','001',484,'1110481225','Transferencia de Bienes Muebles de Naturaleza Corporal - ',2.06,'2012-03-24'),(111,128,'002','001',485,'1110481225','Transferencia de Bienes Muebles de Naturaleza Corporal - ',0.96,'2012-02-24'),(112,129,'002','001',486,'1110481225','Transferencia de Bienes Muebles de Naturaleza Corporal - ',0.62,'2012-02-25'),(113,130,'002','001',487,'1110481225','Transferencia de Bienes Muebles de Naturaleza Corporal - ',1.02,'2012-02-24'),(114,131,'002','001',488,'1110481225','Transferencia de Bienes Muebles de Naturaleza Corporal - ',1.38,'2012-02-29'),(115,132,'002','001',489,'1110481225','Transferencia de Bienes Muebles de Naturaleza Corporal - ',16.21,'2012-02-28'),(116,133,'002','001',490,'1110481225','Transferencia de Bienes Muebles de Naturaleza Corporal - ',26.21,'2012-02-01'),(117,134,'002','001',491,'1110481225','Transferencia de Bienes Muebles de Naturaleza Corporal - ',1.49,'2012-03-02'),(118,135,'002','001',492,'1110481225','Transferencia de Bienes Muebles de Naturaleza Corporal - ',0.22,'2012-03-05'),(119,136,'002','001',493,'1110481225','Transferencia de Bienes Muebles de Naturaleza Corporal - ',0.84,'2012-03-14'),(120,137,'002','001',494,'1110481225','Transferencia de Bienes Muebles de Naturaleza Corporal - ',28.56,'2012-03-09'),(121,138,'002','001',495,'1110481225','Transferencia de Bienes Muebles de Naturaleza Corporal - ',1.35,'2012-03-06'),(122,139,'002','001',496,'1110481225','Transferencia de Bienes Muebles de Naturaleza Corporal - ',0.44,'2012-03-06'),(123,140,'002','001',497,'1110481225','Transferencia de Bienes Muebles de Naturaleza Corporal - ',22.97,'2012-03-12'),(124,141,'002','001',498,'1110481225','Transferencia de Bienes Muebles de Naturaleza Corporal - ',2.16,'2012-03-07'),(125,142,'002','001',499,'1110481225','Transferencia de Bienes Muebles de Naturaleza Corporal - ',0.30,'2012-03-08'),(126,143,'002','001',500,'1110481225','Transferencia de Bienes Muebles de Naturaleza Corporal - ',14.00,'2012-03-09'),(127,144,'002','001',504,'1110808667','Transferencia de Bienes Muebles de Naturaleza Corporal - ',0.69,'2012-03-09'),(128,145,'002','001',505,'1110808667','Transferencia de Bienes Muebles de Naturaleza Corporal - ',0.32,'2012-03-09'),(129,146,'002','001',506,'1110808667','Transferencia de Bienes Muebles de Naturaleza Corporal - ',0.71,'2012-03-12'),(130,147,'002','001',507,'1110808667','Transferencia de Bienes Muebles de Naturaleza Corporal - ',4.99,'2012-03-12'),(131,149,'002','001',508,'1110808667','Transferencia de Bienes Muebles de Naturaleza Corporal - ',1.30,'2012-03-12'),(132,150,'002','001',509,'1110808667','Retenciones Aplicables el 2% - ',0.32,'2012-03-15'),(133,151,'002','001',510,'1110808667','Transferencia de Bienes Muebles de Naturaleza Corporal - ',1.77,'2012-03-17'),(134,152,'002','001',511,'1110808667','Transferencia de Bienes Muebles de Naturaleza Corporal - ',1.22,'2012-03-14'),(135,153,'002','001',512,'1110808667','Transferencia de Bienes Muebles de Naturaleza Corporal - ',0.51,'2012-03-13'),(136,154,'002','001',513,'1110808667','Transferencia de Bienes Muebles de Naturaleza Corporal - ',1.50,'2012-03-14'),(137,155,'002','001',514,'1110808667','Transferencia de Bienes Muebles de Naturaleza Corporal - ',5.76,'2012-03-15'),(138,156,'002','001',515,'1110808667','Transferencia de Bienes Muebles de Naturaleza Corporal - ',0.19,'2012-03-16'),(139,157,'002','001',516,'1110808667','Transferencia de Bienes Muebles de Naturaleza Corporal - ',14.72,'2012-03-16'),(140,158,'002','001',517,'1110808667','Transferencia de Bienes Muebles de Naturaleza Corporal - ',13.14,'2012-03-16'),(141,159,'002','001',518,'1110808667','Transferencia de Bienes Muebles de Naturaleza Corporal - ',0.30,'2012-03-19'),(142,160,'002','001',519,'1110808667','Transferencia de Bienes Muebles de Naturaleza Corporal - ',1.87,'2012-03-21'),(143,161,'002','001',520,'1110808667','Transferencia de Bienes Muebles de Naturaleza Corporal - ',4.10,'2012-03-21'),(144,162,'002','001',521,'1110808667','Transferencia de Bienes Muebles de Naturaleza Corporal - ',0.45,'2012-03-19'),(145,163,'002','001',522,'1110808667','Transferencia de Bienes Muebles de Naturaleza Corporal - ',2.06,'2012-03-19'),(146,164,'002','001',523,'1110808667','Transferencia de Bienes Muebles de Naturaleza Corporal - ',2.12,'2012-03-14'),(147,165,'002','001',524,'1110808667','Transferencia de Bienes Muebles de Naturaleza Corporal - ',1.14,'2012-03-20'),(148,166,'002','001',525,'1110808667','Transferencia de Bienes Muebles de Naturaleza Corporal - ',0.59,'2012-02-14'),(149,167,'002','001',526,'1110808667','Transferencia de Bienes Muebles de Naturaleza Corporal - ',5.90,'2012-03-22'),(150,169,'002','001',527,'1110808667','Transferencia de Bienes Muebles de Naturaleza Corporal - ',1.40,'2012-03-20'),(151,171,'002','001',528,'1110808667','Transferencia de Bienes Muebles de Naturaleza Corporal - ',0.32,'2012-03-21'),(152,172,'002','001',529,'1110808667','Transferencia de Bienes Muebles de Naturaleza Corporal - ',1.43,'2012-03-26'),(153,170,'002','001',530,'1110808667','Transferencia de Bienes Muebles de Naturaleza Corporal - ',0.34,'2012-03-21'),(154,175,'002','001',531,'1110808667','Transferencia de Bienes Muebles de Naturaleza Corporal - ',0.96,'2012-03-21'),(155,176,'002','001',532,'1110808667','Transferencia de Bienes Muebles de Naturaleza Corporal - ',2.29,'2012-03-29'),(156,177,'002','001',533,'1110808667','Transferencia de Bienes Muebles de Naturaleza Corporal - ',1.23,'2012-03-22'),(157,178,'002','001',534,'1110808667','Transferencia de Bienes Muebles de Naturaleza Corporal - ',29.84,'2012-03-28'),(158,180,'002','001',535,'1110808667','Transferencia de Bienes Muebles de Naturaleza Corporal - ',0.59,'2012-03-29'),(159,181,'002','001',536,'1110808667','Transferencia de Bienes Muebles de Naturaleza Corporal - ',1.31,'2012-03-21'),(160,182,'002','001',537,'1110808667','Servicio Transporte Privado de Pasajeros o Servicio Público o Privado de Carga - ',0.06,'2012-03-22'),(161,183,'002','001',538,'1110808667','Transferencia de Bienes Muebles de Naturaleza Corporal - ',4.52,'2012-03-29'),(162,184,'002','001',539,'1110808667','Transferencia de Bienes Muebles de Naturaleza Corporal - ',1.25,'2012-03-21'),(163,186,'002','001',540,'1110808667','Transferencia de Bienes Muebles de Naturaleza Corporal - ',1.54,'2012-03-28'),(164,187,'002','001',541,'1110808667','Servicio Transporte Privado de Pasajeros o Servicio Público o Privado de Carga - ',0.04,'2012-03-29'),(165,188,'002','001',542,'1110808667','Transferencia de Bienes Muebles de Naturaleza Corporal - ',2.33,'2012-03-29'),(166,189,'002','001',543,'1110808667','Servicio Transporte Privado de Pasajeros o Servicio Público o Privado de Carga - ',0.20,'2012-04-12'),(167,190,'002','001',544,'1110808667','Transferencia de Bienes Muebles de Naturaleza Corporal - ',0.70,'2012-03-29'),(168,191,'002','001',545,'1110808667','Transferencia de Bienes Muebles de Naturaleza Corporal - ',1.66,'2012-04-17'),(169,192,'002','001',546,'1110808667','Transferencia de Bienes Muebles de Naturaleza Corporal - ',0.64,'2012-04-03'),(170,193,'002','001',547,'1110808667','Transferencia de Bienes Muebles de Naturaleza Corporal - ',10.49,'2012-04-04'),(171,194,'002','001',548,'1110808667','Transferencia de Bienes Muebles de Naturaleza Corporal - ',0.44,'2012-04-09'),(172,195,'002','001',549,'1110808667','Transferencia de Bienes Muebles de Naturaleza Corporal - ',1.63,'2012-04-05'),(173,196,'002','001',550,'1110808667','Transferencia de Bienes Muebles de Naturaleza Corporal - ',0.44,'2012-04-09'),(174,197,'002','001',551,'1110808667','Transferencia de Bienes Muebles de Naturaleza Corporal - ',6.18,'2012-04-09'),(175,198,'002','001',552,'1110808667','Transferencia de Bienes Muebles de Naturaleza Corporal - ',0.71,'2012-04-10'),(176,199,'002','001',553,'1110808667','Transferencia de Bienes Muebles de Naturaleza Corporal - ',7.85,'2012-04-10'),(177,200,'002','001',554,'1110808667','Transferencia de Bienes Muebles de Naturaleza Corporal - ',40.05,'2012-04-11'),(178,201,'002','001',555,'1110808667','Transferencia de Bienes Muebles de Naturaleza Corporal - ',1.52,'2012-04-11'),(179,202,'002','001',556,'1110808667','Transferencia de Bienes Muebles de Naturaleza Corporal - ',2.22,'2012-04-11'),(180,203,'002','001',557,'1110808667','Transferencia de Bienes Muebles de Naturaleza Corporal - ',5.79,'2012-04-11'),(181,204,'002','001',558,'1110808667','Transferencia de Bienes Muebles de Naturaleza Corporal - ',0.50,'2012-04-16'),(182,205,'002','001',559,'1110808667','Transferencia de Bienes Muebles de Naturaleza Corporal - ',1.29,'2012-04-16'),(183,206,'002','001',560,'1110808667','Retenciones Aplicables el 2% - ',0.32,'2012-04-16'),(184,207,'002','001',561,'1110808667','Transferencia de Bienes Muebles de Naturaleza Corporal - ',8.92,'2012-04-19'),(185,208,'002','001',562,'1110808667','Transferencia de Bienes Muebles de Naturaleza Corporal - ',27.59,'2012-04-16'),(186,209,'002','001',563,'1110808667','Transferencia de Bienes Muebles de Naturaleza Corporal - ',25.26,'2012-04-16'),(187,210,'002','001',564,'1110808667','Transferencia de Bienes Muebles de Naturaleza Corporal - ',11.75,'2012-04-18'),(188,211,'002','001',565,'1110808667','Servicio Transporte Privado de Pasajeros o Servicio Público o Privado de Carga - ',0.12,'2012-04-18'),(189,215,'002','001',566,'1110808667','Transferencia de Bienes Muebles de Naturaleza Corporal - ',10.49,'2012-04-18'),(190,216,'002','001',567,'1110808667','Transferencia de Bienes Muebles de Naturaleza Corporal - ',3.48,'2012-04-17'),(191,217,'002','001',568,'1110808667','Transferencia de Bienes Muebles de Naturaleza Corporal - ',0.34,'2012-04-23'),(192,220,'002','001',569,'1110808667','Transferencia de Bienes Muebles de Naturaleza Corporal - ',5.47,'2012-04-09'),(193,221,'002','001',570,'1110808667','Transferencia de Bienes Muebles de Naturaleza Corporal - ',0.37,'2012-04-23'),(194,222,'002','001',571,'1110808667','Servicio Transporte Privado de Pasajeros o Servicio Público o Privado de Carga - ',0.20,'2012-04-23'),(195,223,'002','001',572,'1110808667','Transferencia de Bienes Muebles de Naturaleza Corporal - ',9.36,'2012-04-24'),(196,224,'002','001',573,'1110808667','Servicio Transporte Privado de Pasajeros o Servicio Público o Privado de Carga - ',0.14,'2012-04-24'),(197,225,'002','001',574,'1110808667','Transferencia de Bienes Muebles de Naturaleza Corporal - ',13.00,'2012-04-20'),(198,226,'002','001',575,'1110808667','Transferencia de Bienes Muebles de Naturaleza Corporal - ',24.45,'2012-04-27'),(199,227,'002','001',576,'1110808667','Transferencia de Bienes Muebles de Naturaleza Corporal - ',35.21,'2012-04-25'),(200,228,'002','001',577,'1110808667','Transferencia de Bienes Muebles de Naturaleza Corporal - ',3.12,'2012-04-16'),(201,229,'002','001',578,'1110808667','Transferencia de Bienes Muebles de Naturaleza Corporal - ',0.16,'2012-04-20'),(202,230,'002','001',579,'1110808667','Transferencia de Bienes Muebles de Naturaleza Corporal - ',0.89,'2012-04-23'),(203,231,'002','001',580,'1110808667','Transferencia de Bienes Muebles de Naturaleza Corporal - ',5.79,'2012-04-20'),(204,232,'002','001',581,'1110808667','Transferencia de Bienes Muebles de Naturaleza Corporal - ',7.85,'2012-04-23'),(205,233,'002','001',582,'1110808667','Transferencia de Bienes Muebles de Naturaleza Corporal - ',2.43,'2012-04-23'),(206,234,'002','001',583,'1110808667','Transferencia de Bienes Muebles de Naturaleza Corporal - ',3.05,'2012-04-26'),(207,235,'002','001',584,'1110808667','Transferencia de Bienes Muebles de Naturaleza Corporal - ',0.77,'2012-04-26'),(208,236,'002','001',585,'1110808667','Transferencia de Bienes Muebles de Naturaleza Corporal - ',9.75,'2012-04-26');
/*!40000 ALTER TABLE `retencion` ENABLE KEYS */;
UNLOCK TABLES;

--
-- Table structure for table `retencionero`
--

DROP TABLE IF EXISTS `retencionero`;
/*!40101 SET @saved_cs_client     = @@character_set_client */;
/*!40101 SET character_set_client = utf8 */;
CREATE TABLE `retencionero` (
  `id_retencionero` int(11) NOT NULL AUTO_INCREMENT,
  `serie1` varchar(3) COLLATE utf8_spanish_ci NOT NULL,
  `serie2` varchar(3) COLLATE utf8_spanish_ci NOT NULL,
  `autorizacion` varchar(14) COLLATE utf8_spanish_ci NOT NULL,
  `inicio` int(11) NOT NULL,
  `fin` int(11) NOT NULL,
  `fecha_caducidad` date NOT NULL,
  PRIMARY KEY (`id_retencionero`)
) ENGINE=InnoDB AUTO_INCREMENT=2 DEFAULT CHARSET=utf8 COLLATE=utf8_spanish_ci;
/*!40101 SET character_set_client = @saved_cs_client */;

--
-- Dumping data for table `retencionero`
--

LOCK TABLES `retencionero` WRITE;
/*!40000 ALTER TABLE `retencionero` DISABLE KEYS */;
INSERT INTO `retencionero` VALUES (1,'002','001','1110808667',504,800,'2013-03-07');
/*!40000 ALTER TABLE `retencionero` ENABLE KEYS */;
UNLOCK TABLES;

--
-- Table structure for table `retenlinea`
--

DROP TABLE IF EXISTS `retenlinea`;
/*!40101 SET @saved_cs_client     = @@character_set_client */;
/*!40101 SET character_set_client = utf8 */;
CREATE TABLE `retenlinea` (
  `id_retenlinea` int(11) NOT NULL AUTO_INCREMENT,
  `id_retencion` int(11) NOT NULL,
  `ejercicio_fiscal` varchar(250) COLLATE utf8_unicode_ci NOT NULL,
  `base_imponible` float(16,2) NOT NULL,
  `impuesto` varchar(250) COLLATE utf8_unicode_ci NOT NULL,
  `codigo_impuesto` int(5) NOT NULL,
  `porcentaje_retencion` int(3) NOT NULL,
  `valor_retenido` float(16,2) NOT NULL,
  PRIMARY KEY (`id_retenlinea`)
) ENGINE=InnoDB AUTO_INCREMENT=223 DEFAULT CHARSET=utf8 COLLATE=utf8_unicode_ci;
/*!40101 SET character_set_client = @saved_cs_client */;

--
-- Dumping data for table `retenlinea`
--

LOCK TABLES `retenlinea` WRITE;
/*!40000 ALTER TABLE `retenlinea` DISABLE KEYS */;
INSERT INTO `retenlinea` VALUES (13,1,'2011',201.90,'Transferencia de Bienes Muebles de Naturaleza Corporal',312,1,2.02),(14,2,'2011',824.30,'Transferencia de Bienes Muebles de Naturaleza Corporal',312,1,8.24),(17,3,'2011',106.07,'Retenciones Aplicables el 2%',341,2,2.12),(18,4,'2011',341.04,'Transferencia de Bienes Muebles de Naturaleza Corporal',312,1,3.41),(19,5,'2011',224.96,'Transferencia de Bienes Muebles de Naturaleza Corporal',312,1,2.25),(20,6,'2011',340.00,'Transferencia de Bienes Muebles de Naturaleza Corporal',312,1,3.40),(21,7,'2011',515.00,'Transferencia de Bienes Muebles de Naturaleza Corporal',312,1,5.15),(22,8,'2011',121.00,'Transferencia de Bienes Muebles de Naturaleza Corporal',312,1,1.21),(23,9,'2011',76.50,'Transferencia de Bienes Muebles de Naturaleza Corporal',312,1,0.77),(24,10,'2011',146.88,'Transferencia de Bienes Muebles de Naturaleza Corporal',312,1,1.47),(25,11,'2011',5982.70,'Transferencia de Bienes Muebles de Naturaleza Corporal',312,1,59.83),(26,12,'2011',180.00,'Transferencia de Bienes Muebles de Naturaleza Corporal',312,1,1.80),(27,13,'2011',33.00,'Transferencia de Bienes Muebles de Naturaleza Corporal',312,1,0.33),(28,14,'2011',17.50,'Transferencia de Bienes Muebles de Naturaleza Corporal',312,1,0.18),(29,15,'2011',720.00,'Transferencia de Bienes Muebles de Naturaleza Corporal',312,1,7.20),(30,16,'2011',129.00,'Transferencia de Bienes Muebles de Naturaleza Corporal',312,1,1.29),(31,17,'2011',56.07,'Retenciones Aplicables el 2%',341,2,1.12),(32,18,'2011',23.52,'Transferencia de Bienes Muebles de Naturaleza Corporal',312,1,0.24),(33,19,'2011',46.16,'Transferencia de Bienes Muebles de Naturaleza Corporal',312,1,0.46),(34,20,'2011',28.82,'Transferencia de Bienes Muebles de Naturaleza Corporal',312,1,0.29),(35,21,'2011',148.51,'Transferencia de Bienes Muebles de Naturaleza Corporal',312,1,1.49),(36,22,'2011',205.35,'Transferencia de Bienes Muebles de Naturaleza Corporal',312,1,2.05),(37,23,'2011',250.14,'Transferencia de Bienes Muebles de Naturaleza Corporal',312,1,2.50),(38,24,'2011',403.58,'Transferencia de Bienes Muebles de Naturaleza Corporal',312,1,4.04),(39,25,'2011',201.24,'Transferencia de Bienes Muebles de Naturaleza Corporal',312,1,2.01),(40,26,'2011',156.93,'Transferencia de Bienes Muebles de Naturaleza Corporal',312,1,1.57),(41,27,'2011',16.00,'Retenciones Aplicables el 2%',341,2,0.32),(42,28,'2011',368.87,'Transferencia de Bienes Muebles de Naturaleza Corporal',312,1,3.69),(43,29,'2011',150.00,'Transferencia de Bienes Muebles de Naturaleza Corporal',312,1,1.50),(44,30,'2011',842.40,'Transferencia de Bienes Muebles de Naturaleza Corporal',312,1,8.42),(45,31,'2011',918.78,'Transferencia de Bienes Muebles de Naturaleza Corporal',312,1,9.19),(46,32,'2011',2533.42,'Transferencia de Bienes Muebles de Naturaleza Corporal',312,1,25.33),(47,33,'2011',1820.77,'Transferencia de Bienes Muebles de Naturaleza Corporal',312,1,18.21),(48,34,'2011',1097.95,'Transferencia de Bienes Muebles de Naturaleza Corporal',312,1,10.98),(49,35,'2011',1314.17,'Transferencia de Bienes Muebles de Naturaleza Corporal',312,1,13.14),(50,36,'2011',273.75,'Transferencia de Bienes Muebles de Naturaleza Corporal',312,1,2.74),(51,37,'2011',666.18,'Transferencia de Bienes Muebles de Naturaleza Corporal',312,1,6.66),(52,38,'2011',176.00,'Transferencia de Bienes Muebles de Naturaleza Corporal',312,1,1.76),(53,39,'2011',39.98,'Transferencia de Bienes Muebles de Naturaleza Corporal',312,1,0.40),(54,40,'2011',225.70,'Transferencia de Bienes Muebles de Naturaleza Corporal',312,1,2.26),(55,41,'2011',88.52,'Transferencia de Bienes Muebles de Naturaleza Corporal',312,1,0.89),(56,42,'2011',45.13,'Transferencia de Bienes Muebles de Naturaleza Corporal',312,1,0.45),(57,43,'2011',102.00,'Transferencia de Bienes Muebles de Naturaleza Corporal',312,1,1.02),(58,44,'2011',218.88,'Transferencia de Bienes Muebles de Naturaleza Corporal',312,1,2.19),(59,45,'2011',56.07,'Transferencia de Bienes Muebles de Naturaleza Corporal',312,1,0.56),(60,46,'2011',16.00,'Retenciones Aplicables el 2%',341,2,0.32),(61,47,'2011',56.07,'Retenciones Aplicables el 2%',341,2,1.12),(62,48,'2011',113.48,'Transferencia de Bienes Muebles de Naturaleza Corporal',312,1,1.13),(63,49,'2011',209.53,'Transferencia de Bienes Muebles de Naturaleza Corporal',312,1,2.10),(64,50,'2011',703.00,'Transferencia de Bienes Muebles de Naturaleza Corporal',312,1,7.03),(65,51,'2011',89.29,'Transferencia de Bienes Muebles de Naturaleza Corporal',312,1,0.89),(66,52,'2011',312.00,'Transferencia de Bienes Muebles de Naturaleza Corporal',312,1,3.12),(67,53,'2011',2188.66,'Transferencia de Bienes Muebles de Naturaleza Corporal',312,1,21.89),(68,54,'2011',138.62,'Transferencia de Bienes Muebles de Naturaleza Corporal',312,1,1.39),(69,55,'2011',568.59,'Transferencia de Bienes Muebles de Naturaleza Corporal',312,1,5.69),(70,56,'2011',229.50,'Transferencia de Bienes Muebles de Naturaleza Corporal',312,1,2.30),(71,57,'2011',378.50,'Transferencia de Bienes Muebles de Naturaleza Corporal',312,1,3.79),(72,58,'2011',1383.40,'Transferencia de Bienes Muebles de Naturaleza Corporal',312,1,13.83),(73,59,'2011',98.16,'Transferencia de Bienes Muebles de Naturaleza Corporal',312,1,0.98),(74,60,'2011',50.20,'Transferencia de Bienes Muebles de Naturaleza Corporal',312,1,0.50),(75,61,'2011',525.90,'Transferencia de Bienes Muebles de Naturaleza Corporal',312,1,5.26),(76,62,'2012',213.67,'Transferencia de Bienes Muebles de Naturaleza Corporal',312,1,2.14),(77,63,'2012',347.43,'Transferencia de Bienes Muebles de Naturaleza Corporal',312,1,3.47),(78,64,'2012',557.90,'Transferencia de Bienes Muebles de Naturaleza Corporal',312,1,5.58),(79,65,'2012',5.00,'Retenciones Aplicables el 2%',341,2,0.10),(80,66,'2012',51.12,'Transferencia de Bienes Muebles de Naturaleza Corporal',312,1,0.51),(81,67,'2012',95.73,'Transferencia de Bienes Muebles de Naturaleza Corporal',312,1,0.96),(82,68,'2012',317.38,'Transferencia de Bienes Muebles de Naturaleza Corporal',312,1,3.17),(83,69,'2012',131.21,'Transferencia de Bienes Muebles de Naturaleza Corporal',312,1,1.31),(84,70,'2012',50.04,'Transferencia de Bienes Muebles de Naturaleza Corporal',312,1,0.50),(85,71,'2012',16.00,'Transferencia de Bienes Muebles de Naturaleza Corporal',312,1,0.16),(86,72,'2012',102.01,'Transferencia de Bienes Muebles de Naturaleza Corporal',312,1,1.02),(87,73,'2012',991.00,'Transferencia de Bienes Muebles de Naturaleza Corporal',312,1,9.91),(88,74,'2012',2414.40,'Transferencia de Bienes Muebles de Naturaleza Corporal',312,1,24.14),(89,75,'2012',442.64,'Transferencia de Bienes Muebles de Naturaleza Corporal',312,1,4.43),(90,76,'2012',383.25,'Transferencia de Bienes Muebles de Naturaleza Corporal',312,1,3.83),(91,77,'2012',66.00,'Transferencia de Bienes Muebles de Naturaleza Corporal',312,1,0.66),(92,78,'2012',644.75,'Transferencia de Bienes Muebles de Naturaleza Corporal',312,1,6.45),(93,79,'2012',21.50,'Transferencia de Bienes Muebles de Naturaleza Corporal',312,1,0.22),(94,80,'2012',16.00,'Retenciones Aplicables el 2%',341,2,0.32),(95,81,'2012',130.10,'Transferencia de Bienes Muebles de Naturaleza Corporal',312,1,1.30),(96,82,'2012',94.07,'Transferencia de Bienes Muebles de Naturaleza Corporal',312,1,0.94),(97,83,'2012',125.50,'Transferencia de Bienes Muebles de Naturaleza Corporal',312,1,1.26),(98,84,'2012',5.58,'Transferencia de Bienes Muebles de Naturaleza Corporal',312,1,0.06),(99,85,'2012',40.80,'Transferencia de Bienes Muebles de Naturaleza Corporal',312,1,0.41),(100,86,'2012',82.50,'Transferencia de Bienes Muebles de Naturaleza Corporal',312,1,0.83),(101,87,'2012',50.01,'Transferencia de Bienes Muebles de Naturaleza Corporal',312,1,0.50),(102,88,'2012',35.33,'Transferencia de Bienes Muebles de Naturaleza Corporal',312,1,0.35),(103,89,'2012',844.38,'Transferencia de Bienes Muebles de Naturaleza Corporal',312,1,8.44),(104,90,'2012',379.05,'Transferencia de Bienes Muebles de Naturaleza Corporal',312,1,3.79),(105,91,'2012',218.12,'Transferencia de Bienes Muebles de Naturaleza Corporal',312,1,2.18),(106,92,'2012',169.25,'Transferencia de Bienes Muebles de Naturaleza Corporal',312,1,1.69),(107,93,'2012',45.34,'Transferencia de Bienes Muebles de Naturaleza Corporal',312,1,0.45),(108,94,'2012',17.32,'Transferencia de Bienes Muebles de Naturaleza Corporal',312,1,0.17),(109,95,'2012',72.00,'Transferencia de Bienes Muebles de Naturaleza Corporal',312,1,0.72),(110,96,'2012',345.80,'Transferencia de Bienes Muebles de Naturaleza Corporal',312,1,3.46),(111,97,'2012',96.46,'Transferencia de Bienes Muebles de Naturaleza Corporal',312,1,0.96),(112,98,'2012',16.00,'Transferencia de Bienes Muebles de Naturaleza Corporal',312,1,0.16),(113,99,'2012',2998.43,'Transferencia de Bienes Muebles de Naturaleza Corporal',312,1,29.98),(114,100,'2012',75.41,'Transferencia de Bienes Muebles de Naturaleza Corporal',312,1,0.75),(115,101,'2012',606.54,'Transferencia de Bienes Muebles de Naturaleza Corporal',312,1,6.07),(116,102,'2012',16.00,'Retenciones Aplicables el 2%',341,2,0.32),(117,103,'2012',176.00,'Transferencia de Bienes Muebles de Naturaleza Corporal',312,1,1.76),(118,104,'2012',157.50,'Transferencia de Bienes Muebles de Naturaleza Corporal',312,1,1.58),(119,105,'2012',40.67,'Transferencia de Bienes Muebles de Naturaleza Corporal',312,1,0.41),(120,106,'2012',547.20,'Transferencia de Bienes Muebles de Naturaleza Corporal',312,1,5.47),(121,107,'2012',641.47,'Transferencia de Bienes Muebles de Naturaleza Corporal',312,1,6.41),(122,108,'2012',68.99,'Transferencia de Bienes Muebles de Naturaleza Corporal',312,1,0.69),(123,109,'2012',116.79,'Transferencia de Bienes Muebles de Naturaleza Corporal',312,1,1.17),(124,110,'2012',205.92,'Transferencia de Bienes Muebles de Naturaleza Corporal',312,1,2.06),(125,111,'2012',95.52,'Transferencia de Bienes Muebles de Naturaleza Corporal',312,1,0.96),(126,112,'2012',62.34,'Transferencia de Bienes Muebles de Naturaleza Corporal',312,1,0.62),(127,113,'2012',102.00,'Transferencia de Bienes Muebles de Naturaleza Corporal',312,1,1.02),(128,114,'2012',137.89,'Transferencia de Bienes Muebles de Naturaleza Corporal',312,1,1.38),(129,115,'2012',1621.44,'Transferencia de Bienes Muebles de Naturaleza Corporal',312,1,16.21),(130,116,'2012',2621.00,'Transferencia de Bienes Muebles de Naturaleza Corporal',312,1,26.21),(131,117,'2012',148.59,'Transferencia de Bienes Muebles de Naturaleza Corporal',312,1,1.49),(132,118,'2012',22.48,'Transferencia de Bienes Muebles de Naturaleza Corporal',312,1,0.22),(133,119,'2012',83.90,'Transferencia de Bienes Muebles de Naturaleza Corporal',312,1,0.84),(134,120,'2012',2855.50,'Transferencia de Bienes Muebles de Naturaleza Corporal',312,1,28.56),(135,121,'2012',135.48,'Transferencia de Bienes Muebles de Naturaleza Corporal',312,1,1.35),(136,122,'2012',44.12,'Transferencia de Bienes Muebles de Naturaleza Corporal',312,1,0.44),(137,123,'2012',2297.09,'Transferencia de Bienes Muebles de Naturaleza Corporal',312,1,22.97),(138,124,'2012',215.82,'Transferencia de Bienes Muebles de Naturaleza Corporal',312,1,2.16),(139,125,'2012',30.40,'Transferencia de Bienes Muebles de Naturaleza Corporal',312,1,0.30),(140,126,'2012',1399.54,'Transferencia de Bienes Muebles de Naturaleza Corporal',312,1,14.00),(141,127,'2012',68.76,'Transferencia de Bienes Muebles de Naturaleza Corporal',312,1,0.69),(142,128,'2012',31.88,'Transferencia de Bienes Muebles de Naturaleza Corporal',312,1,0.32),(143,129,'2012',70.53,'Transferencia de Bienes Muebles de Naturaleza Corporal',312,1,0.71),(144,130,'2012',499.22,'Transferencia de Bienes Muebles de Naturaleza Corporal',312,1,4.99),(145,131,'2012',129.70,'Transferencia de Bienes Muebles de Naturaleza Corporal',312,1,1.30),(146,132,'2012',16.00,'Retenciones Aplicables el 2%',341,2,0.32),(147,133,'2012',176.90,'Transferencia de Bienes Muebles de Naturaleza Corporal',312,1,1.77),(148,134,'2012',121.70,'Transferencia de Bienes Muebles de Naturaleza Corporal',312,1,1.22),(149,135,'2012',51.00,'Transferencia de Bienes Muebles de Naturaleza Corporal',312,1,0.51),(150,136,'2012',150.00,'Transferencia de Bienes Muebles de Naturaleza Corporal',312,1,1.50),(151,137,'2012',575.92,'Transferencia de Bienes Muebles de Naturaleza Corporal',312,1,5.76),(152,138,'2012',19.00,'Transferencia de Bienes Muebles de Naturaleza Corporal',312,1,0.19),(153,139,'2012',1471.68,'Transferencia de Bienes Muebles de Naturaleza Corporal',312,1,14.72),(154,140,'2012',1314.00,'Transferencia de Bienes Muebles de Naturaleza Corporal',312,1,13.14),(155,141,'2012',30.34,'Transferencia de Bienes Muebles de Naturaleza Corporal',312,1,0.30),(156,142,'2012',187.41,'Transferencia de Bienes Muebles de Naturaleza Corporal',312,1,1.87),(157,143,'2012',410.08,'Transferencia de Bienes Muebles de Naturaleza Corporal',312,1,4.10),(158,144,'2012',45.34,'Transferencia de Bienes Muebles de Naturaleza Corporal',312,1,0.45),(159,145,'2012',205.50,'Transferencia de Bienes Muebles de Naturaleza Corporal',312,1,2.06),(160,146,'2012',212.00,'Transferencia de Bienes Muebles de Naturaleza Corporal',312,1,2.12),(161,147,'2012',114.44,'Transferencia de Bienes Muebles de Naturaleza Corporal',312,1,1.14),(162,148,'2012',58.50,'Transferencia de Bienes Muebles de Naturaleza Corporal',312,1,0.59),(163,149,'2012',590.45,'Transferencia de Bienes Muebles de Naturaleza Corporal',312,1,5.90),(164,150,'2012',139.85,'Transferencia de Bienes Muebles de Naturaleza Corporal',312,1,1.40),(165,151,'2012',31.50,'Transferencia de Bienes Muebles de Naturaleza Corporal',312,1,0.32),(166,152,'2012',143.10,'Transferencia de Bienes Muebles de Naturaleza Corporal',312,1,1.43),(167,153,'2012',33.75,'Transferencia de Bienes Muebles de Naturaleza Corporal',312,1,0.34),(168,154,'2012',96.00,'Transferencia de Bienes Muebles de Naturaleza Corporal',312,1,0.96),(169,155,'2012',229.07,'Transferencia de Bienes Muebles de Naturaleza Corporal',312,1,2.29),(170,156,'2012',123.20,'Transferencia de Bienes Muebles de Naturaleza Corporal',312,1,1.23),(171,157,'2012',2983.65,'Transferencia de Bienes Muebles de Naturaleza Corporal',312,1,29.84),(172,158,'2012',59.20,'Transferencia de Bienes Muebles de Naturaleza Corporal',312,1,0.59),(173,159,'2012',131.41,'Transferencia de Bienes Muebles de Naturaleza Corporal',312,1,1.31),(174,160,'2012',5.60,'Servicio Transporte Privado de Pasajeros o Servicio P&uacute;blico o Privado de Carga',310,1,0.06),(175,161,'2012',452.01,'Transferencia de Bienes Muebles de Naturaleza Corporal',312,1,4.52),(176,162,'2012',125.00,'Transferencia de Bienes Muebles de Naturaleza Corporal',312,1,1.25),(177,163,'2012',154.10,'Transferencia de Bienes Muebles de Naturaleza Corporal',312,1,1.54),(178,164,'2012',3.60,'Servicio Transporte Privado de Pasajeros o Servicio P&uacute;blico o Privado de Carga',310,1,0.04),(179,165,'2012',233.21,'Transferencia de Bienes Muebles de Naturaleza Corporal',312,1,2.33),(180,166,'2012',20.00,'Servicio Transporte Privado de Pasajeros o Servicio P&uacute;blico o Privado de Carga',310,1,0.20),(181,167,'2012',69.78,'Transferencia de Bienes Muebles de Naturaleza Corporal',312,1,0.70),(182,168,'2012',165.90,'Transferencia de Bienes Muebles de Naturaleza Corporal',312,1,1.66),(183,169,'2012',64.00,'Transferencia de Bienes Muebles de Naturaleza Corporal',312,1,0.64),(184,170,'2012',1048.83,'Transferencia de Bienes Muebles de Naturaleza Corporal',312,1,10.49),(185,171,'2012',44.20,'Transferencia de Bienes Muebles de Naturaleza Corporal',312,1,0.44),(186,172,'2012',163.21,'Transferencia de Bienes Muebles de Naturaleza Corporal',312,1,1.63),(187,173,'2012',44.00,'Transferencia de Bienes Muebles de Naturaleza Corporal',312,1,0.44),(188,174,'2012',618.31,'Transferencia de Bienes Muebles de Naturaleza Corporal',312,1,6.18),(189,175,'2012',71.04,'Transferencia de Bienes Muebles de Naturaleza Corporal',312,1,0.71),(190,176,'2012',784.51,'Transferencia de Bienes Muebles de Naturaleza Corporal',312,1,7.85),(191,177,'2012',4005.00,'Transferencia de Bienes Muebles de Naturaleza Corporal',312,1,40.05),(192,178,'2012',152.00,'Transferencia de Bienes Muebles de Naturaleza Corporal',312,1,1.52),(193,179,'2012',222.00,'Transferencia de Bienes Muebles de Naturaleza Corporal',312,1,2.22),(194,180,'2012',579.01,'Transferencia de Bienes Muebles de Naturaleza Corporal',312,1,5.79),(195,181,'2012',49.75,'Transferencia de Bienes Muebles de Naturaleza Corporal',312,1,0.50),(196,182,'2012',128.88,'Transferencia de Bienes Muebles de Naturaleza Corporal',312,1,1.29),(197,183,'2012',16.00,'Retenciones Aplicables el 2%',341,2,0.32),(198,184,'2012',891.96,'Transferencia de Bienes Muebles de Naturaleza Corporal',312,1,8.92),(199,185,'2012',2758.80,'Transferencia de Bienes Muebles de Naturaleza Corporal',312,1,27.59),(200,186,'2012',2526.00,'Transferencia de Bienes Muebles de Naturaleza Corporal',312,1,25.26),(201,187,'2012',1174.66,'Transferencia de Bienes Muebles de Naturaleza Corporal',312,1,11.75),(202,188,'2012',12.00,'Servicio Transporte Privado de Pasajeros o Servicio P&uacute;blico o Privado de Carga',310,1,0.12),(203,189,'2012',1048.80,'Transferencia de Bienes Muebles de Naturaleza Corporal',312,1,10.49),(204,190,'2012',348.08,'Transferencia de Bienes Muebles de Naturaleza Corporal',312,1,3.48),(205,191,'2012',34.37,'Transferencia de Bienes Muebles de Naturaleza Corporal',312,1,0.34),(206,192,'2012',546.59,'Transferencia de Bienes Muebles de Naturaleza Corporal',312,1,5.47),(207,193,'2012',36.51,'Transferencia de Bienes Muebles de Naturaleza Corporal',312,1,0.37),(208,194,'2012',20.00,'Servicio Transporte Privado de Pasajeros o Servicio P&uacute;blico o Privado de Carga',310,1,0.20),(209,195,'2012',936.00,'Transferencia de Bienes Muebles de Naturaleza Corporal',312,1,9.36),(210,196,'2012',14.00,'Servicio Transporte Privado de Pasajeros o Servicio P&uacute;blico o Privado de Carga',310,1,0.14),(211,197,'2012',1299.72,'Transferencia de Bienes Muebles de Naturaleza Corporal',312,1,13.00),(212,198,'2012',2445.00,'Transferencia de Bienes Muebles de Naturaleza Corporal',312,1,24.45),(213,199,'2012',3521.42,'Transferencia de Bienes Muebles de Naturaleza Corporal',312,1,35.21),(214,200,'2012',311.76,'Transferencia de Bienes Muebles de Naturaleza Corporal',312,1,3.12),(215,201,'2012',15.68,'Transferencia de Bienes Muebles de Naturaleza Corporal',312,1,0.16),(216,202,'2012',89.10,'Transferencia de Bienes Muebles de Naturaleza Corporal',312,1,0.89),(217,203,'2012',579.01,'Transferencia de Bienes Muebles de Naturaleza Corporal',312,1,5.79),(218,204,'2012',784.51,'Transferencia de Bienes Muebles de Naturaleza Corporal',312,1,7.85),(219,205,'2012',242.76,'Transferencia de Bienes Muebles de Naturaleza Corporal',312,1,2.43),(220,206,'2012',304.88,'Transferencia de Bienes Muebles de Naturaleza Corporal',312,1,3.05),(221,207,'2012',76.83,'Transferencia de Bienes Muebles de Naturaleza Corporal',312,1,0.77),(222,208,'2012',975.00,'Transferencia de Bienes Muebles de Naturaleza Corporal',312,1,9.75);
/*!40000 ALTER TABLE `retenlinea` ENABLE KEYS */;
UNLOCK TABLES;

--
-- Table structure for table `subgrupo`
--

DROP TABLE IF EXISTS `subgrupo`;
/*!40101 SET @saved_cs_client     = @@character_set_client */;
/*!40101 SET character_set_client = utf8 */;
CREATE TABLE `subgrupo` (
  `id_subgrupo` int(11) NOT NULL AUTO_INCREMENT,
  `id_grupo` int(11) NOT NULL,
  `codigo` varchar(8) COLLATE utf8_spanish_ci NOT NULL,
  `nombre` varchar(50) COLLATE utf8_spanish_ci NOT NULL,
  `borrado` int(1) NOT NULL DEFAULT '0',
  PRIMARY KEY (`id_subgrupo`),
  UNIQUE KEY `codigo` (`codigo`)
) ENGINE=InnoDB AUTO_INCREMENT=105 DEFAULT CHARSET=utf8 COLLATE=utf8_spanish_ci;
/*!40101 SET character_set_client = @saved_cs_client */;

--
-- Dumping data for table `subgrupo`
--

LOCK TABLES `subgrupo` WRITE;
/*!40000 ALTER TABLE `subgrupo` DISABLE KEYS */;
INSERT INTO `subgrupo` VALUES (1,6,'ABOFOL','ABONO FOLIAR',0),(2,6,'ABOORG','ABONO ORGANICO EDAFICO',0),(3,5,'ACCJAR','ACCESORIO DE JARDIN',0),(4,7,'ACCVET','ACCESORIO VETERINARIO',0),(5,6,'ACIHUM','ACIDOS HUMICOS',0),(6,2,'ACT','ACTIVOS',0),(7,1,'ALIAVE','ALIMENTO DE AVES',0),(8,7,'ANTVER','ANTI VERUGAS',0),(9,7,'ANTIBI','ANTIBIOTICO',0),(10,7,'ANTESP','ANTIDOTO ANTIESPASMODICO',0),(11,7,'ANTHIS','ANTIHISTAMINICO',0),(12,7,'ANTMIC','ANTIMICOTICO',0),(13,7,'ANTPAR','ANTIPARACITARIO',0),(14,6,'BACTER','BACTERICIDA',0),(15,7,'BALAVE','BALANCEADO AVES',0),(16,7,'BALCER','BALANCEADO CERDOS',0),(17,7,'BALMAS','BALANCEADO MASCOTAS',0),(18,7,'BALGAN','BALANCEADO GANADO',0),(19,6,'BIOEST','BIOESTIMULANTE',0),(20,3,'BOLSAS','BOLSAS',0),(21,3,'BOTAS','BOTAS',0),(22,5,'CABPIO','CABOS Y PIOLAS',0),(23,5,'CAJPOR','CAJA PORTA HERRRAMIENTAS',0),(24,1,'CAMCAS','CAMAS Y CASAS',0),(25,3,'CHAQUE','CHAQUETA',0),(26,7,'CICANT','CICATRIZANTE-ANTIINFLAMATORIO',0),(27,7,'CICDES','CICATRIZANTE-DESINFECTANTE',0),(28,7,'CICFUN','CICATRIZANTE-FUNGICIDA-BACTERICIDA',0),(29,7,'CICLAR','CICATRIZANTE-LARVICIDA-VERMICIDA',0),(30,6,'COADYU','COADYUGANTE',0),(31,1,'COLLAR','COLLARES',0),(32,4,'CUCNAV','CUCHILOS Y NAVAJAS',0),(33,3,'DELANT','DELANTAL',0),(34,7,'DESINF','DESINFECTANTE',0),(36,7,'DESFLA','DESINFLAMATORIO',0),(37,6,'DETERG','DETERGENTE',0),(38,6,'ENRAIZ','ENRAIZADOR',0),(39,5,'EQURIE','EQUIPO DE RIEGO',0),(40,6,'FEREDAGR','FERTILIZANTE EDAFICO GRANULADO',0),(41,6,'FEREDAHI','FERTILIZANTE EDAFICO HIDROSOLUBLE',0),(42,6,'FIJAGR','FIJADOR AGRICOLA',0),(43,6,'FIDAGREG','FIJADOR AGRICOLA Y  REGULADOR DE PH',0),(44,5,'FILAGU','FILTROS DE AGUA',0),(45,8,'FUMMOT','FUMIGADORA A MOTOR',0),(46,8,'FUMMAN','FUMIGADORA MANUAL',0),(47,5,'FUNVIV','FUNDA DE VIVERO',0),(48,6,'FUNGIC','FUNGICIDA',0),(49,3,'GAFPRO','GAFAS DE PROTECCION',0),(50,3,'GUANTE','GUANTES',0),(51,3,'GUANTEC','GUANTES DE CAUCHO',0),(52,7,'HEPATO','HEPATOPROTECTOR',0),(53,6,'HERBIC','HERBICIDA',0),(54,4,'HERMAN','HERRAMIENTA DE MANO',0),(55,4,'HERPOD','HERRAMIENTA DE PODA',0),(56,7,'HIDRAT','HIDRATANTE',0),(57,7,'HORVET','HORMONA VETERINARIA',0),(58,6,'HORAGR','HORMONAS VEGETALES',0),(59,1,'HUESOS ','HUESOS ',0),(60,7,'IMPPEC','IMPLEMENTO PECUARIO',0),(61,6,'INSECT','INSECTICIDA',0),(62,6,'INSECTAG','INSECTICIDA DE USO CASERO',0),(63,7,'INSVET','INSTRUMENTAL VETERINARIO',0),(64,7,'INSINSAR','INSUMO DE INSEMINACION ARTIFICIAL',0),(65,1,'JUGUET','JUGUETES',0),(66,8,'LANFUM','LANZAS DE FUMIGACION',0),(67,3,'LINTER','LINTERNAS',0),(68,7,'LUBRIC','LUBRICANTE',0),(69,3,'MANDIL','MANDIL',0),(70,3,'MASCAR','MASCARILLA',0),(71,6,'MICELE','MICROELEMENTOS',0),(72,6,'MICORG','MICROORGANISMOS',0),(73,6,'MOLUSQ','MOLUSQUICIDA',0),(74,6,'NEMATI','NEMATICIDA',0),(75,3,'OBEROL','OBEROL',0),(76,9,'PLAFRU','PLANTAS FRUTALES',0),(77,3,'PONCHO','PONCHO',0),(78,6,'POTFUN','POTENCIALIZADOR DE FUNGICIDAS',0),(79,3,'PROTEC','PROTECTOR',0),(80,7,'PURGAN','PURGANTE',0),(81,7,'RATICI','RATICIDA',0),(82,7,'RECONS','RECONSTITUYENTE',0),(83,6,'REGUPH','REGULADOR DE PH',0),(84,5,'REPFIL','REPUESTO FILTROS DE AGUA',0),(85,8,'REPFUMMA','REPUESTO FUMIGADORA MANUAL',0),(86,3,'REPLIN','REPUESTO LINTERNAS',0),(87,7,'RESGAS','RESOLUTIVO DE GASES',0),(88,7,'SALMIN','SAL MINERAL',0),(89,5,'SARAN','SARAN',0),(90,6,'SEMARO','SEMILLA AROMATICA',0),(91,6,'SEMFOR','SEMILLA FORRAJE',0),(92,6,'SEMHOR','SEMILLA HORTALIZA',0),(93,6,'SEMORN','SEMILLA ORNAMENTAL',0),(94,7,'SUPALI','SUPLEMENTO ALIMENTICIO',0),(95,5,'SUSTRA','SUSTRATO',0),(96,7,'TRANQU','TRANQUILIZANTE',0),(97,1,'UTILIM','UTILES DE LIMPIEZA',0),(98,1,'VAJILL','VAJILLA ',0),(99,7,'VITAMI','VITAMINAS',0),(100,6,'SEMFRU','SEMILLA DE FRUTALES',0),(101,10,'GASTO','GASTOS',0),(102,5,'BG','BANDEJA DE GERMINACION',0),(103,7,'VACP','VACUNAS DE AVES',0),(104,3,'EQPI','FILTRO DE AGUA',0);
/*!40000 ALTER TABLE `subgrupo` ENABLE KEYS */;
UNLOCK TABLES;

--
-- Table structure for table `tipo_cliente`
--

DROP TABLE IF EXISTS `tipo_cliente`;
/*!40101 SET @saved_cs_client     = @@character_set_client */;
/*!40101 SET character_set_client = utf8 */;
CREATE TABLE `tipo_cliente` (
  `codigo_tipocliente` varchar(5) COLLATE utf8_spanish_ci NOT NULL,
  `nombre` varchar(50) COLLATE utf8_spanish_ci NOT NULL,
  `borrado` int(1) NOT NULL DEFAULT '0',
  PRIMARY KEY (`codigo_tipocliente`)
) ENGINE=InnoDB DEFAULT CHARSET=utf8 COLLATE=utf8_spanish_ci;
/*!40101 SET character_set_client = @saved_cs_client */;

--
-- Dumping data for table `tipo_cliente`
--

LOCK TABLES `tipo_cliente` WRITE;
/*!40000 ALTER TABLE `tipo_cliente` DISABLE KEYS */;
INSERT INTO `tipo_cliente` VALUES ('CF','CLIENTE FINAL',0),('DS','DISTRIBUIDOR',0);
/*!40000 ALTER TABLE `tipo_cliente` ENABLE KEYS */;
UNLOCK TABLES;

--
-- Table structure for table `usuario`
--

DROP TABLE IF EXISTS `usuario`;
/*!40101 SET @saved_cs_client     = @@character_set_client */;
/*!40101 SET character_set_client = utf8 */;
CREATE TABLE `usuario` (
  `id_usuario` int(11) NOT NULL AUTO_INCREMENT,
  `nombre` varchar(50) COLLATE utf8_spanish_ci NOT NULL,
  `password` varchar(15) COLLATE utf8_spanish_ci NOT NULL,
  `tipo` varchar(20) COLLATE utf8_spanish_ci NOT NULL,
  PRIMARY KEY (`id_usuario`)
) ENGINE=InnoDB AUTO_INCREMENT=6 DEFAULT CHARSET=utf8 COLLATE=utf8_spanish_ci;
/*!40101 SET character_set_client = @saved_cs_client */;

--
-- Dumping data for table `usuario`
--

LOCK TABLES `usuario` WRITE;
/*!40000 ALTER TABLE `usuario` DISABLE KEYS */;
INSERT INTO `usuario` VALUES (1,'Edison Benavides','agro2012','administrador'),(2,'Usuario Facturador','facturacion2012','facturacion'),(5,'superadministrador','agro2012','administrador');
/*!40000 ALTER TABLE `usuario` ENABLE KEYS */;
UNLOCK TABLES;
/*!40103 SET TIME_ZONE=@OLD_TIME_ZONE */;

/*!40101 SET SQL_MODE=@OLD_SQL_MODE */;
/*!40014 SET FOREIGN_KEY_CHECKS=@OLD_FOREIGN_KEY_CHECKS */;
/*!40014 SET UNIQUE_CHECKS=@OLD_UNIQUE_CHECKS */;
/*!40101 SET CHARACTER_SET_CLIENT=@OLD_CHARACTER_SET_CLIENT */;
/*!40101 SET CHARACTER_SET_RESULTS=@OLD_CHARACTER_SET_RESULTS */;
/*!40101 SET COLLATION_CONNECTION=@OLD_COLLATION_CONNECTION */;
/*!40111 SET SQL_NOTES=@OLD_SQL_NOTES */;

-- Dump completed on 2012-05-01 17:43:51
